원턱 와이드 스웨트팬츠 그레이,https://www.musinsa.com/app/goods/2112059,//image.msscdn.net/images/goods_img/20210906/2112059/2112059_1_220.jpg
Deep One Tuck Sweat Pants [Grey],https://www.musinsa.com/app/goods/1551840,//image.msscdn.net/images/goods_img/20200818/1551840/1551840_1_220.jpg
테이퍼드 히든 밴딩 크롭 슬랙스 [블랙],https://www.musinsa.com/app/goods/1149328,//image.msscdn.net/images/goods_img/20190910/1149328/1149328_10_220.jpg
사계절 스트링 트레이닝팬츠 (그레이),https://www.musinsa.com/app/goods/1568057,//image.msscdn.net/images/goods_img/20200828/1568057/1568057_4_220.jpg
[유아인 착용 상품] 와이드 히든 밴딩 슬랙스 [블랙],https://www.musinsa.com/app/goods/1168906,//image.msscdn.net/images/goods_img/20190927/1168906/1168906_4_220.jpg
1968 HIMALAYA JEANS [WIDE STRAIGHT],https://www.musinsa.com/app/goods/1555407,//image.msscdn.net/images/goods_img/20200819/1555407/1555407_1_220.jpg
깡스타일리스트 X 플랙 스티즈 K49 라이트 블루,https://www.musinsa.com/app/goods/2411322,//image.msscdn.net/images/goods_img/20220311/2411322/2411322_3_220.jpg
oam.factory X PLAC  스텝 M22 미드 블루,https://www.musinsa.com/app/goods/2479903,//image.msscdn.net/images/goods_img/20220411/2479903/2479903_3_220.jpg
와이드 히든 밴딩 슬랙스 [미디엄 그레이],https://www.musinsa.com/app/goods/1222184,//image.msscdn.net/images/goods_img/20191113/1222184/1222184_4_220.jpg
oam.factory X PLAC 스텝 M21 카펜터 로우,https://www.musinsa.com/app/goods/2479905,//image.msscdn.net/images/goods_img/20220411/2479905/2479905_6_220.jpg
1967 JET BLACK JEANS [WIDE STRAIGHT],https://www.musinsa.com/app/goods/1552753,//image.msscdn.net/images/goods_img/20200818/1552753/1552753_1_220.jpg
원턱 와이드 스웨트팬츠 블랙,https://www.musinsa.com/app/goods/2112061,//image.msscdn.net/images/goods_img/20210906/2112061/2112061_1_220.jpg
S.L PANTS - BLACK,https://www.musinsa.com/app/goods/2329519,//image.msscdn.net/images/goods_img/20220126/2329519/2329519_1_220.jpg
ODPL 와이드 데님 핏 내츄럴크림진,https://www.musinsa.com/app/goods/1477272,//image.msscdn.net/images/goods_img/20200608/1477272/1477272_1_220.jpg
Turn me On - MOD7w,https://www.musinsa.com/app/goods/1573215,//image.msscdn.net/images/goods_img/20200901/1573215/1573215_1_220.jpg
이지 와이드 데님 팬츠 블랙,https://www.musinsa.com/app/goods/2092849,//image.msscdn.net/images/goods_img/20210826/2092849/2092849_5_220.jpg
브루클린 뉴트로 와이드 워시드 데님 팬츠,https://www.musinsa.com/app/goods/2358429,//image.msscdn.net/images/goods_img/20220214/2358429/2358429_1_220.jpg
시티보이 빅포켓 와이드 밴딩 카고팬츠 진베이지,https://www.musinsa.com/app/goods/2060717,//image.msscdn.net/images/goods_img/20210812/2060717/2060717_6_220.jpg
깡스타일리스트 X 플랙 베를린 K48 화이트,https://www.musinsa.com/app/goods/2411327,//image.msscdn.net/images/goods_img/20220311/2411327/2411327_3_220.jpg
스트레이트 데님 팬츠 [라이트 인디고],https://www.musinsa.com/app/goods/2028327,//image.msscdn.net/images/goods_img/20210714/2028327/2028327_2_220.jpg
Black Stardust - MOD1w,https://www.musinsa.com/app/goods/2107115,//image.msscdn.net/images/goods_img/20210903/2107115/2107115_1_220.jpg
51005 HISHITOMO COLLECTION LIGHT BLUE JEANS [RELAX STRAIGHT],https://www.musinsa.com/app/goods/1638610,//image.msscdn.net/images/goods_img/20201007/1638610/1638610_1_220.jpg
Signature jogger pants - BLACK,https://www.musinsa.com/app/goods/2287458,//image.msscdn.net/images/goods_img/20211230/2287458/2287458_1_220.jpg
1897 ICE SHOWER JEANS [WIDE STRAIGHT],https://www.musinsa.com/app/goods/1768633,//image.msscdn.net/images/goods_img/20210129/1768633/1768633_2_220.jpg
세미 와이드 히든 밴딩 슬랙스 [미디엄 그레이],https://www.musinsa.com/app/goods/1224095,//image.msscdn.net/images/goods_img/20191113/1224095/1224095_4_220.jpg
와이드 데님 팬츠 [라이트 인디고],https://www.musinsa.com/app/goods/1666442,//image.msscdn.net/images/goods_img/20201028/1666442/1666442_1_220.jpg
Deep One Tuck Sweat Pants [Black],https://www.musinsa.com/app/goods/1551839,//image.msscdn.net/images/goods_img/20200818/1551839/1551839_1_220.jpg
와이드 절개 벌룬팬츠 코튼 카키,https://www.musinsa.com/app/goods/2060759,//image.msscdn.net/images/goods_img/20210812/2060759/2060759_4_220.jpg
#0272 WEST SIDE CUTTING WIDE FIT,https://www.musinsa.com/app/goods/1948819,//image.msscdn.net/images/goods_img/20210513/1948819/1948819_3_220.jpg
1880 PURE CREAM JEANS [WIDE STRAIGHT],https://www.musinsa.com/app/goods/2049103,//image.msscdn.net/images/goods_img/20210804/2049103/2049103_1_220.jpg
Blue Specter - MOD7w,https://www.musinsa.com/app/goods/2192777,//image.msscdn.net/images/goods_img/20211021/2192777/2192777_2_220.jpg
시티보이 빅포켓 와이드 밴딩 카고팬츠 카키,https://www.musinsa.com/app/goods/2060719,//image.msscdn.net/images/goods_img/20210812/2060719/2060719_4_220.jpg
605 HARD TWIST DENIM MOCHA BROWN JEANS [RELAX STRAIGHT],https://www.musinsa.com/app/goods/2422303,//image.msscdn.net/images/goods_img/20220316/2422303/2422303_1_220.jpg
이지 와이드 데님 팬츠 라이트 인디고,https://www.musinsa.com/app/goods/2335585,//image.msscdn.net/images/goods_img/20220127/2335585/2335585_1_220.jpg
문라이즈 데님 팬츠_인디고,https://www.musinsa.com/app/goods/2467316,//image.msscdn.net/images/goods_img/20220405/2467316/2467316_1_220.jpg
Banding One Tuck Wide Denim Pants - Deep Blue,https://www.musinsa.com/app/goods/2184087,//image.msscdn.net/images/goods_img/20211018/2184087/2184087_3_220.jpg
Sky High - MOD7w,https://www.musinsa.com/app/goods/1961498,//image.msscdn.net/images/goods_img/20210521/1961498/1961498_1_220.jpg
타이다이 워시드 카펜터 데님 팬츠 (TP0037),https://www.musinsa.com/app/goods/1779198,//image.msscdn.net/images/goods_img/20210205/1779198/1779198_3_220.jpg
이지 와이드 데님 팬츠 그레이,https://www.musinsa.com/app/goods/2092852,//image.msscdn.net/images/goods_img/20210826/2092852/2092852_3_220.jpg
쓰리 턱 세미 벌룬 슬랙스 [더스티 베이지],https://www.musinsa.com/app/goods/2116448,//image.msscdn.net/images/goods_img/20210908/2116448/2116448_2_220.jpg
스트레이트 데님 팬츠 [워시드 블랙],https://www.musinsa.com/app/goods/2028329,//image.msscdn.net/images/goods_img/20210714/2028329/2028329_2_220.jpg
아수라 데님 스웻 팬츠_연청,https://www.musinsa.com/app/goods/2471258,//image.msscdn.net/images/goods_img/20220406/2471258/2471258_2_220.jpg
Punk Town - MOD4 crop,https://www.musinsa.com/app/goods/1037219,//image.msscdn.net/images/goods_img/20190508/1037219/1037219_2_220.jpg
사계절 스트링 트레이닝팬츠 (블랙),https://www.musinsa.com/app/goods/1568032,//image.msscdn.net/images/goods_img/20200828/1568032/1568032_4_220.jpg
카고 슬림 팬츠 (블랙),https://www.musinsa.com/app/goods/2137395,//image.msscdn.net/images/goods_img/20210916/2137395/2137395_1_220.jpg
테이퍼드 히든 밴딩 10부 슬랙스 [블랙],https://www.musinsa.com/app/goods/1168907,//image.msscdn.net/images/goods_img/20190927/1168907/1168907_5_220.jpg
1898 BLANK JEANS [WIDE STRAIGHT],https://www.musinsa.com/app/goods/1868151,//image.msscdn.net/images/goods_img/20210329/1868151/1868151_1_220.jpg
원 턱 레귤러 핏 치노 팬츠 [베이지],https://www.musinsa.com/app/goods/2069525,//image.msscdn.net/images/goods_img/20210818/2069525/2069525_2_220.jpg
[CONA 9110] (숏버전옵션) 시크릿밴드 롱 루즈 와이드 데님 (다크그레이),https://www.musinsa.com/app/goods/1224916,//image.msscdn.net/images/goods_img/20191114/1224916/1224916_2_220.jpg
와이드 히든 밴딩 슬랙스 [라이트 베이지],https://www.musinsa.com/app/goods/1675531,//image.msscdn.net/images/goods_img/20201103/1675531/1675531_3_220.jpg
BUCKLE WIDE DENIM PANTS STONE LIGHTBLUE,https://www.musinsa.com/app/goods/2479983,//image.msscdn.net/images/goods_img/20220411/2479983/2479983_5_220.jpg
Deep One Tuck Sweat Pants [White Grey],https://www.musinsa.com/app/goods/1736562,//image.msscdn.net/images/goods_img/20210105/1736562/1736562_1_220.jpg
와이드 데님 팬츠 (R.INDIGO),https://www.musinsa.com/app/goods/2131966,//image.msscdn.net/images/goods_img/20210915/2131966/2131966_2_220.jpg
BUCKLE WIDE DENIM PANTS GREY,https://www.musinsa.com/app/goods/2479939,//image.msscdn.net/images/goods_img/20220411/2479939/2479939_2_220.jpg
시티보이 빅포켓 와이드 밴딩 카고팬츠 블랙,https://www.musinsa.com/app/goods/2060720,//image.msscdn.net/images/goods_img/20210812/2060720/2060720_4_220.jpg
테이퍼드 크롭 데님 팬츠 [라이트 인디고],https://www.musinsa.com/app/goods/2007393,//image.msscdn.net/images/goods_img/20210623/2007393/2007393_1_220.jpg
스트레이트 데님 팬츠 [미디엄 인디고],https://www.musinsa.com/app/goods/2028328,//image.msscdn.net/images/goods_img/20210714/2028328/2028328_2_220.jpg
BUCKLE WIDE DENIM PANTS SELVAGEBLUE,https://www.musinsa.com/app/goods/2164937,//image.msscdn.net/images/goods_img/20211006/2164937/2164937_5_220.jpg
Signature jogger pants - GREY,https://www.musinsa.com/app/goods/2287456,//image.msscdn.net/images/goods_img/20211230/2287456/2287456_1_220.jpg
남성 UP텐션 2PACK 만능팬츠 3컬러,https://www.musinsa.com/app/goods/2028168,//image.msscdn.net/images/goods_img/20210713/2028168/2028168_2_220.jpg
퍼포먼스 더블 파이핑 트랙팬츠 - 블랙/화이트,https://www.musinsa.com/app/goods/2230205,//image.msscdn.net/images/goods_img/20211112/2230205/2230205_1_220.jpg
프로 에센셜 팬츠 - 블랙,https://www.musinsa.com/app/goods/2209853,//image.msscdn.net/images/goods_img/20211101/2209853/2209853_1_220.jpg
프로 빅로고 팬츠 - 블랙,https://www.musinsa.com/app/goods/2209689,//image.msscdn.net/images/goods_img/20211101/2209689/2209689_1_220.jpg
밴딩 실루엣 팬츠 블랙,https://www.musinsa.com/app/goods/2268402,//image.msscdn.net/images/goods_img/20211214/2268402/2268402_3_220.jpg
Blue Stardust - MOD1w,https://www.musinsa.com/app/goods/2261213,//image.msscdn.net/images/goods_img/20211208/2261213/2261213_1_220.jpg
남여공용 UP텐션 조거팬츠 다크 그레이,https://www.musinsa.com/app/goods/2506089,//image.msscdn.net/images/goods_img/20220421/2506089/2506089_1_220.jpg
모로 디태쳐블 팬츠 (DARK GREEN SLATE),https://www.musinsa.com/app/goods/2189741,//image.msscdn.net/images/goods_img/20211020/2189741/2189741_1_220.jpg
테이퍼드 크롭 데님 팬츠 [크림],https://www.musinsa.com/app/goods/2007391,//image.msscdn.net/images/goods_img/20210623/2007391/2007391_1_220.jpg
스텝 P04 미드 블루,https://www.musinsa.com/app/goods/2442536,//image.msscdn.net/images/goods_img/20220324/2442536/2442536_4_220.jpg
유틸리티 조거,https://www.musinsa.com/app/goods/2118033,//image.msscdn.net/images/goods_img/20210908/2118033/2118033_2_220.jpg
소프트 터치 와이드핏 팬츠 (콜그레이),https://www.musinsa.com/app/goods/2511611,//image.msscdn.net/images/goods_img/20220425/2511611/2511611_1_220.jpg
스웻 조거 팬츠_멜란지,https://www.musinsa.com/app/goods/2432300,//image.msscdn.net/images/goods_img/20220320/2432300/2432300_1_220.jpg
모로 디태쳐블 팬츠 (GRAY),https://www.musinsa.com/app/goods/2189742,//image.msscdn.net/images/goods_img/20211020/2189742/2189742_1_220.jpg
A라인 큐롯팬츠_체크,https://www.musinsa.com/app/goods/2246138,//image.msscdn.net/images/goods_img/20211124/2246138/2246138_1_220.jpg
퍼티그 스트레이트 팬츠 (카키),https://www.musinsa.com/app/goods/2137383,//image.msscdn.net/images/goods_img/20210916/2137383/2137383_1_220.jpg
블루 포켓 플리츠 팬츠,https://www.musinsa.com/app/goods/2235238,//image.msscdn.net/images/goods_img/20211116/2235238/2235238_2_220.jpg
유틸리티 와이드 팬츠,https://www.musinsa.com/app/goods/2121822,//image.msscdn.net/images/goods_img/20210909/2121822/2121822_4_220.jpg
유틸리티 조거,https://www.musinsa.com/app/goods/2118031,//image.msscdn.net/images/goods_img/20210908/2118031/2118031_3_220.jpg
베이직 스웨트 조거팬츠,https://www.musinsa.com/app/goods/2593179,//image.msscdn.net/images/goods_img/20220531/2593179/2593179_1_220.jpg
러닝 랩 쇼츠 네이비 Navy,https://www.musinsa.com/app/goods/2000868,//image.msscdn.net/images/goods_img/20210618/2000868/2000868_1_220.jpg
코튼 하프 팬츠(블랙),https://www.musinsa.com/app/goods/2556117,//image.msscdn.net/images/goods_img/20220512/2556117/2556117_1_220.jpg
모두 로완 스웻 팬츠 (VL2L8016QU),https://www.musinsa.com/app/goods/2343445,//image.msscdn.net/images/goods_img/20220207/2343445/2343445_1_220.jpg
와이앤알 유니섹스 팬츠 아이보리,https://www.musinsa.com/app/goods/2527998,//image.msscdn.net/images/goods_img/20220428/2527998/2527998_1_220.jpg
스웻 조거 팬츠_그린,https://www.musinsa.com/app/goods/2432299,//image.msscdn.net/images/goods_img/20220320/2432299/2432299_1_220.jpg
DMT-CRT (DIMITO X CRITIC) SWEATPANTS WHITE,https://www.musinsa.com/app/goods/2030133,//image.msscdn.net/images/goods_img/20210715/2030133/2030133_1_220.jpg
LW 팬츠 스커트 (아이보리),https://www.musinsa.com/app/goods/2274728,//image.msscdn.net/images/goods_img/20211221/2274728/2274728_1_220.jpg
LW 팬츠 스커트 (블랙),https://www.musinsa.com/app/goods/2274729,//image.msscdn.net/images/goods_img/20211221/2274729/2274729_1_220.jpg
테리쇼츠 (핑크),https://www.musinsa.com/app/goods/2413608,//image.msscdn.net/images/goods_img/20220311/2413608/2413608_1_220.jpg
스포츠 기능성 7부 바지 149,https://www.musinsa.com/app/goods/2594948,//image.msscdn.net/images/goods_img/20220602/2594948/2594948_1_220.jpg
[FILA X ANEW GOLF] 유니 조거팬츠(FG2FPD3A00XLML),https://www.musinsa.com/app/goods/1998845,//image.msscdn.net/images/goods_img/20210617/1998845/1998845_1_220.jpg
