엘르 체크 롱 코트 [그레이],https://www.musinsa.com/app/goods/2594233,//image.msscdn.net/images/goods_img/20220531/2594233/2594233_1_220.jpg
르네 로브 롱 코트 [블랙],https://www.musinsa.com/app/goods/2594243,//image.msscdn.net/images/goods_img/20220531/2594243/2594243_1_220.jpg
르네 로브 롱 코트 [차콜],https://www.musinsa.com/app/goods/2594246,//image.msscdn.net/images/goods_img/20220531/2594246/2594246_1_220.jpg
발마칸 롱 트렌치 코트 [블랙],https://www.musinsa.com/app/goods/2594301,//image.msscdn.net/images/goods_img/20220601/2594301/2594301_1_220.jpg
스티치드 롱 코트 [차콜],https://www.musinsa.com/app/goods/2593824,//image.msscdn.net/images/goods_img/20220531/2593824/2593824_1_220.jpg
울 더블 롱 코트 [블랙],https://www.musinsa.com/app/goods/2594222,//image.msscdn.net/images/goods_img/20220531/2594222/2594222_1_220.jpg
스티치드 롱 코트 [블랙],https://www.musinsa.com/app/goods/2591179,//image.msscdn.net/images/goods_img/20220530/2591179/2591179_1_220.jpg
테일러드 롱 코트 [블랙],https://www.musinsa.com/app/goods/2594207,//image.msscdn.net/images/goods_img/20220531/2594207/2594207_1_220.jpg
스티치드 롱 코트 [브라운],https://www.musinsa.com/app/goods/2593827,//image.msscdn.net/images/goods_img/20220531/2593827/2593827_1_220.jpg
테일러드 롱 코트 [오트밀],https://www.musinsa.com/app/goods/2594210,//image.msscdn.net/images/goods_img/20220531/2594210/2594210_1_220.jpg
버티컬 롱 트렌치 코트 [블랙],https://www.musinsa.com/app/goods/2594304,//image.msscdn.net/images/goods_img/20220601/2594304/2594304_1_220.jpg
스티치드 롱 코트 [오트밀],https://www.musinsa.com/app/goods/2593826,//image.msscdn.net/images/goods_img/20220531/2593826/2593826_1_220.jpg
버티컬 롱 트렌치 코트 [아이보리],https://www.musinsa.com/app/goods/2594306,//image.msscdn.net/images/goods_img/20220601/2594306/2594306_1_220.jpg
울 더블 롱 코트 [네이비],https://www.musinsa.com/app/goods/2594223,//image.msscdn.net/images/goods_img/20220531/2594223/2594223_1_220.jpg
버티컬 롱 트렌치 코트 [베이지],https://www.musinsa.com/app/goods/2594305,//image.msscdn.net/images/goods_img/20220601/2594305/2594305_1_220.jpg
테일러드 롱 코트 [차콜],https://www.musinsa.com/app/goods/2594208,//image.msscdn.net/images/goods_img/20220531/2594208/2594208_1_220.jpg
테일러드 롱 코트 [브라운],https://www.musinsa.com/app/goods/2594209,//image.msscdn.net/images/goods_img/20220531/2594209/2594209_1_220.jpg
발마칸 롱 트렌치 코트 [베이지],https://www.musinsa.com/app/goods/2594302,//image.msscdn.net/images/goods_img/20220601/2594302/2594302_1_220.jpg
발마칸 롱 트렌치 코트 [아이보리],https://www.musinsa.com/app/goods/2594303,//image.msscdn.net/images/goods_img/20220601/2594303/2594303_1_220.jpg
마엘 로브 롱 코트 [블랙],https://www.musinsa.com/app/goods/2594255,//image.msscdn.net/images/goods_img/20220531/2594255/2594255_1_220.jpg
마엘 로브 롱 코트 [그레이],https://www.musinsa.com/app/goods/2594256,//image.msscdn.net/images/goods_img/20220531/2594256/2594256_1_220.jpg
친츠 코튼 발마칸 코트 BLACK,https://www.musinsa.com/app/goods/2319873,//image.msscdn.net/images/goods_img/20220121/2319873/2319873_2_220.jpg
울 더플 코트 네이비,https://www.musinsa.com/app/goods/2164531,//image.msscdn.net/images/goods_img/20211006/2164531/2164531_1_220.jpg
오버사이즈 트렌치 코트 BLACK,https://www.musinsa.com/app/goods/1269066,//image.msscdn.net/images/goods_img/20200113/1269066/1269066_6_220.jpg
울 블렌딩 발마칸 오버 코트 [BLACK],https://www.musinsa.com/app/goods/1760164,//image.msscdn.net/images/goods_img/20210125/1760164/1760164_4_220.jpg
울리치 발마칸 오버 코트_Black,https://www.musinsa.com/app/goods/1609490,//image.msscdn.net/images/goods_img/20200917/1609490/1609490_4_220.jpg
[Woman]포플린 코튼 와이드 칼라 맥코트_Begie,https://www.musinsa.com/app/goods/2345907,//image.msscdn.net/images/goods_img/20220208/2345907/2345907_2_220.jpg
오버사이즈 울 트렌치 코트 [GREYISH BEIGE],https://www.musinsa.com/app/goods/1758438,//image.msscdn.net/images/goods_img/20210122/1758438/1758438_1_220.jpg
울 더블브레스트 코트 블랙,https://www.musinsa.com/app/goods/1616598,//image.msscdn.net/images/goods_img/20200922/1616598/1616598_1_220.jpg
울리치 스콧 더블 피코트_Black,https://www.musinsa.com/app/goods/2143733,//image.msscdn.net/images/goods_img/20210923/2143733/2143733_1_220.jpg
오버핏 울 자켓 블랙,https://www.musinsa.com/app/goods/1616588,//image.msscdn.net/images/goods_img/20200922/1616588/1616588_1_220.jpg
울 트렌치 코트 (베이지),https://www.musinsa.com/app/goods/722581,//image.msscdn.net/images/goods_img/20180223/722581/722581_2_220.jpg
LMC x FUZZ HOUSE SINGLE COAT olive,https://www.musinsa.com/app/goods/1165169,//image.msscdn.net/images/goods_img/20190924/1165169/1165169_2_220.jpg
오버사이즈 멜톤 더플 롱 코트 블랙,https://www.musinsa.com/app/goods/2238433,//image.msscdn.net/images/goods_img/20211117/2238433/2238433_1_220.jpg
울리치 스콧 더블 피코트_Oatmeal,https://www.musinsa.com/app/goods/2143735,//image.msscdn.net/images/goods_img/20210923/2143735/2143735_1_220.jpg
울리치 스콧 더블 피코트_Olive Khaki,https://www.musinsa.com/app/goods/2143734,//image.msscdn.net/images/goods_img/20210923/2143734/2143734_1_220.jpg
오버사이즈 트렌치 코트 CREAM,https://www.musinsa.com/app/goods/1269068,//image.msscdn.net/images/goods_img/20200113/1269068/1269068_5_220.jpg
CLINKLE PARKA (OLIVE),https://www.musinsa.com/app/goods/2397867,//image.msscdn.net/images/goods_img/20220304/2397867/2397867_1_220.jpg
포플린 코튼 오버 맥코트_Black,https://www.musinsa.com/app/goods/2345492,//image.msscdn.net/images/goods_img/20220208/2345492/2345492_1_220.jpg
파리지앵 숏 트렌치 코트 ( 네이비 ),https://www.musinsa.com/app/goods/2320643,//image.msscdn.net/images/goods_img/20220121/2320643/2320643_1_220.jpg
오버사이즈 울 트렌치 코트 [DARK BROWN],https://www.musinsa.com/app/goods/1576657,//image.msscdn.net/images/goods_img/20200901/1576657/1576657_1_220.jpg
포플린 코튼 오버 맥코트_Khaki,https://www.musinsa.com/app/goods/2345493,//image.msscdn.net/images/goods_img/20220208/2345493/2345493_1_220.jpg
BALMACAAN HUNTING COAT _ NAVY,https://www.musinsa.com/app/goods/2387364,//image.msscdn.net/images/goods_img/20220227/2387364/2387364_1_220.jpg
포플린 코튼 발마칸 오버 코트_Gray,https://www.musinsa.com/app/goods/2345523,//image.msscdn.net/images/goods_img/20220208/2345523/2345523_1_220.jpg
오버사이즈 울 트렌치 코트 [BEIGE],https://www.musinsa.com/app/goods/709189,//image.msscdn.net/images/goods_img/20180205/709189/709189_1_220.jpg
에센셜 오버핏 더블 브레스티드 코트 그레이,https://www.musinsa.com/app/goods/1792938,//image.msscdn.net/images/goods_img/20210215/1792938/1792938_3_220.jpg
CORDURA 발마칸 트렌치 코트 BLACK,https://www.musinsa.com/app/goods/2344450,//image.msscdn.net/images/goods_img/20220207/2344450/2344450_2_220.jpg
코튼 오버핏 롱 트렌치 베이지,https://www.musinsa.com/app/goods/2122240,//image.msscdn.net/images/goods_img/20210910/2122240/2122240_1_220.jpg
오버사이즈 울 트렌치 코트 [BLACK],https://www.musinsa.com/app/goods/709188,//image.msscdn.net/images/goods_img/20180205/709188/709188_2_220.jpg
헤링본 울 맥코트 그레이,https://www.musinsa.com/app/goods/1616596,//image.msscdn.net/images/goods_img/20200922/1616596/1616596_1_220.jpg
오버사이즈 트렌치 코트 SAND BROWN,https://www.musinsa.com/app/goods/2318045,//image.msscdn.net/images/goods_img/20220120/2318045/2318045_2_220.jpg
울 맥코트 카키브라운,https://www.musinsa.com/app/goods/1616595,//image.msscdn.net/images/goods_img/20200922/1616595/1616595_1_220.jpg
프리미어 퓨어 캐시미어 발마칸 코트 [BLACK],https://www.musinsa.com/app/goods/2098325,//image.msscdn.net/images/goods_img/20210830/2098325/2098325_2_220.jpg
오버핏 울 자켓 카키올리브,https://www.musinsa.com/app/goods/1616589,//image.msscdn.net/images/goods_img/20200922/1616589/1616589_1_220.jpg
[Woman]포플린 코튼 라운드 자켓_Beige,https://www.musinsa.com/app/goods/2345863,//image.msscdn.net/images/goods_img/20220208/2345863/2345863_2_220.jpg
코튼 더블 코트 SAND BROWN,https://www.musinsa.com/app/goods/2318048,//image.msscdn.net/images/goods_img/20220120/2318048/2318048_2_220.jpg
[BLACK LABEL] 시그니처 롱 라인 싱글 코트 BLACK,https://www.musinsa.com/app/goods/1562926,//image.msscdn.net/images/goods_img/20200825/1562926/1562926_4_220.jpg
포플린 코튼 수티앵 칼라 오버 코트_Black,https://www.musinsa.com/app/goods/2345586,//image.msscdn.net/images/goods_img/20220208/2345586/2345586_1_220.jpg
울 더블브레스트 코트 카멜,https://www.musinsa.com/app/goods/1616599,//image.msscdn.net/images/goods_img/20200922/1616599/1616599_1_220.jpg
울리치 세미오버핏 발마칸 체크 코트 [카카오브라운],https://www.musinsa.com/app/goods/1651801,//image.msscdn.net/images/goods_img/20201016/1651801/1651801_6_220.jpg
캐시미어 롱 코트 RAVEN,https://www.musinsa.com/app/goods/1536416,//image.msscdn.net/images/goods_img/20200804/1536416/1536416_3_220.jpg
Wide Single Trench Coat Dark Navy,https://www.musinsa.com/app/goods/2288741,//image.msscdn.net/images/goods_img/20220103/2288741/2288741_1_220.jpg
피쉬테일 더플 코트_카키,https://www.musinsa.com/app/goods/2289396,//image.msscdn.net/images/goods_img/20220103/2289396/2289396_5_220.jpg
OUT QUILTED WOOL COAT (BEIGE),https://www.musinsa.com/app/goods/1687435,//image.msscdn.net/images/goods_img/20201112/1687435/1687435_1_220.jpg
울 블렌디드 로브 트렌치 코트 [블랙],https://www.musinsa.com/app/goods/1589739,//image.msscdn.net/images/goods_img/20200908/1589739/1589739_1_220.jpg
SAINT BLACK OVERSIZED TRENCH COAT,https://www.musinsa.com/app/goods/2039454,//image.msscdn.net/images/goods_img/20210723/2039454/2039454_2_220.jpg
오버사이즈 트렌치코트 (FL-012),https://www.musinsa.com/app/goods/680961,//image.msscdn.net/images/goods_img/20171130/680961/680961_21_220.jpg
CORDURA 발마칸 트렌치 코트 GREY BLUE,https://www.musinsa.com/app/goods/2344451,//image.msscdn.net/images/goods_img/20220207/2344451/2344451_2_220.jpg
노블 발마칸 코트 (BLACK),https://www.musinsa.com/app/goods/1545064,//image.msscdn.net/images/goods_img/20200811/1545064/1545064_1_220.jpg
오버핏 후드 더플 코트 (브라운),https://www.musinsa.com/app/goods/2235105,//image.msscdn.net/images/goods_img/20211116/2235105/2235105_6_220.jpg
울리치 발마칸 오버 코트_Oatmeal,https://www.musinsa.com/app/goods/1609493,//image.msscdn.net/images/goods_img/20200917/1609493/1609493_2_220.jpg
essential balmacaan coat(womens) navy,https://www.musinsa.com/app/goods/1613876,//image.msscdn.net/images/goods_img/20200921/1613876/1613876_1_220.jpg
all weather trench coat black,https://www.musinsa.com/app/goods/1613806,//image.msscdn.net/images/goods_img/20200921/1613806/1613806_2_220.jpg
MTR 피크드 하프 더블 코트 DARK BROWN,https://www.musinsa.com/app/goods/2161790,//image.msscdn.net/images/goods_img/20211005/2161790/2161790_2_220.jpg
울 더플 코트 브라운,https://www.musinsa.com/app/goods/2164530,//image.msscdn.net/images/goods_img/20211006/2164530/2164530_1_220.jpg
HANDMADE OVERSIZED DOUBLE COAT BLACK,https://www.musinsa.com/app/goods/2039457,//image.msscdn.net/images/goods_img/20210723/2039457/2039457_3_220.jpg
래글런 코튼 트렌치 코트 BLACK,https://www.musinsa.com/app/goods/2338199,//image.msscdn.net/images/goods_img/20220203/2338199/2338199_2_220.jpg
울 수트 코트 BLACK,https://www.musinsa.com/app/goods/2319879,//image.msscdn.net/images/goods_img/20220121/2319879/2319879_3_220.jpg
[스탠다드]20FW OVERSIZED WOOL SOUTIEN COLLAR COAT BROWN CHECK,https://www.musinsa.com/app/goods/1536406,//image.msscdn.net/images/goods_img/20200804/1536406/1536406_3_220.jpg
all weather trench coat beige,https://www.musinsa.com/app/goods/1613803,//image.msscdn.net/images/goods_img/20200921/1613803/1613803_1_220.jpg
울 싱글 트렌치 코트 BLACK,https://www.musinsa.com/app/goods/2319875,//image.msscdn.net/images/goods_img/20220121/2319875/2319875_2_220.jpg
체스터필드 코트 IN 그레이,https://www.musinsa.com/app/goods/2102356,//image.msscdn.net/images/goods_img/20210901/2102356/2102356_1_220.jpg
코튼 더블 코트 BLACK,https://www.musinsa.com/app/goods/2318046,//image.msscdn.net/images/goods_img/20220120/2318046/2318046_2_220.jpg
오버 레인 파라판 왁스 코트 포레스트 그린,https://www.musinsa.com/app/goods/2407640,//image.msscdn.net/images/goods_img/20220309/2407640/2407640_1_220.png
HANDMADE OVERSIZED DOUBLE COAT GREY,https://www.musinsa.com/app/goods/2039456,//image.msscdn.net/images/goods_img/20210723/2039456/2039456_3_220.jpg
유니섹스 체크 레글런 코트 awa413u(MULTI COLOR),https://www.musinsa.com/app/goods/2364412,//image.msscdn.net/images/goods_img/20220216/2364412/2364412_4_220.jpg
울 트렌치 코트 (네이비),https://www.musinsa.com/app/goods/722573,//image.msscdn.net/images/goods_img/20180223/722573/722573_3_220.jpg
울 발마칸 트래블러 코트 MCO101 [NAVY],https://www.musinsa.com/app/goods/1631991,//image.msscdn.net/images/goods_img/20200929/1631991/1631991_3_220.jpg
울 더플 코트 베이지,https://www.musinsa.com/app/goods/2164529,//image.msscdn.net/images/goods_img/20211006/2164529/2164529_1_220.jpg
팬텀 피크드 더블 코트 스트라이프 블랙,https://www.musinsa.com/app/goods/2169978,//image.msscdn.net/images/goods_img/20211008/2169978/2169978_2_220.jpg
