버킷 레더 한손 글러브 BROWN (MAN),https://www.musinsa.com/app/goods/2572415,//image.msscdn.net/images/goods_img/20220520/2572415/2572415_1_220.jpg
여성 메쉬 360 GRIP 양손장갑 (DN22WFGL41),https://www.musinsa.com/app/goods/2484962,//image.msscdn.net/images/goods_img/20220413/2484962/2484962_1_220.jpg
여자 골프장갑 더처스 Duchess pink 핑크,https://www.musinsa.com/app/goods/2290680,//image.msscdn.net/images/goods_img/20220104/2290680/2290680_1_220.jpg
여자 골프장갑 더처스 Duchess white 화이트,https://www.musinsa.com/app/goods/2290683,//image.msscdn.net/images/goods_img/20220104/2290683/2290683_1_220.jpg
테크 플리스 글로브 장갑 (블랙),https://www.musinsa.com/app/goods/1689755,//image.msscdn.net/images/goods_img/20201113/1689755/1689755_1_220.jpg
1330KG(옐로우) 사슴가죽 리얼표피 남녀공용장갑,https://www.musinsa.com/app/goods/1098075,//image.msscdn.net/images/goods_img/20190718/1098075/1098075_1_220.jpg
ESSENTIAL LAMB GLOVE,https://www.musinsa.com/app/goods/2055993,//image.msscdn.net/images/goods_img/20210810/2055993/2055993_1_220.jpg
니드 핸드 워머(4color),https://www.musinsa.com/app/goods/1182244,//image.msscdn.net/images/goods_img/20191010/1182244/1182244_1_220.jpg
OSSAK 스킨글러브_Navy,https://www.musinsa.com/app/goods/2440687,//image.msscdn.net/images/goods_img/20220323/2440687/2440687_1_220.jpg
램스킨 골프글러브 화이트 블랙 (좌),https://www.musinsa.com/app/goods/2102891,//image.msscdn.net/images/goods_img/20210901/2102891/2102891_1_220.jpg
스킨핏 천연양피 칼라 골프장갑 그린,https://www.musinsa.com/app/goods/2171153,//image.msscdn.net/images/goods_img/20211008/2171153/2171153_2_220.jpg
스우시 엘레멘탈 미드웨이트 글러브 (블랙),https://www.musinsa.com/app/goods/1531165,//image.msscdn.net/images/goods_img/20200729/1531165/1531165_1_220.jpg
프로젝트락 트레이닝 글러브 1353074-002,https://www.musinsa.com/app/goods/2391400,//image.msscdn.net/images/goods_img/20220302/2391400/2391400_1_220.jpg
HIGH WARMER / CASHMERE / M BLACK,https://www.musinsa.com/app/goods/1624560,//image.msscdn.net/images/goods_img/20200925/1624560/1624560_1_220.jpg
주니어용 양손 스키니 골프장갑,https://www.musinsa.com/app/goods/2496591,//image.msscdn.net/images/goods_img/20220418/2496591/2496591_1_220.jpg
SLEEVE WARMER / LAMBS WOOL / HTR NAVY,https://www.musinsa.com/app/goods/876734,//image.msscdn.net/images/goods_img/20181010/876734/876734_1_220.jpg
스킨핏 천연양피 칼라 골프장갑 옐로우,https://www.musinsa.com/app/goods/2171155,//image.msscdn.net/images/goods_img/20211008/2171155/2171155_2_220.jpg
스킨핏 천연양피 칼라 골프장갑 블루,https://www.musinsa.com/app/goods/2171152,//image.msscdn.net/images/goods_img/20211008/2171152/2171152_1_220.jpg
여성용 스키니 골프장갑,https://www.musinsa.com/app/goods/2496597,//image.msscdn.net/images/goods_img/20220418/2496597/2496597_1_220.jpg
2022 듀러블 그립 장갑(합피),https://www.musinsa.com/app/goods/2542321,//image.msscdn.net/images/goods_img/20220504/2542321/2542321_1_220.jpg
스파이가이딩 여성용 한손 반양피 장갑,https://www.musinsa.com/app/goods/2449241,//image.msscdn.net/images/goods_img/20220328/2449241/2449241_1_220.jpg
스킨 요기 글로브_블랙,https://www.musinsa.com/app/goods/2569790,//image.msscdn.net/images/goods_img/20220519/2569790/2569790_1_220.jpg
스킨 요기 글로브_탠베이지,https://www.musinsa.com/app/goods/2569792,//image.msscdn.net/images/goods_img/20220519/2569792/2569792_1_220.jpg
스킨 요기 글로브_테라코타핑크,https://www.musinsa.com/app/goods/2569794,//image.msscdn.net/images/goods_img/20220519/2569794/2569794_1_220.jpg
울 글러브 차콜,https://www.musinsa.com/app/goods/2183427,//image.msscdn.net/images/goods_img/20211018/2183427/2183427_1_220.jpg
M 스크립트 자수 레더 글러브 WHITE (WOMAN),https://www.musinsa.com/app/goods/2484388,//image.msscdn.net/images/goods_img/20220413/2484388/2484388_1_220.jpg
램스킨 골프글러브 화이트 그린 (우),https://www.musinsa.com/app/goods/2102890,//image.msscdn.net/images/goods_img/20210901/2102890/2102890_2_220.jpg
W BASIC PAIR GLOVE,https://www.musinsa.com/app/goods/2500065,//image.msscdn.net/images/goods_img/20220419/2500065/2500065_1_220.jpg
LVG LACE WARMER(BLACK),https://www.musinsa.com/app/goods/1544575,//image.msscdn.net/images/goods_img/20200811/1544575/1544575_1_220.jpg
어뉴X테라 왼손 장갑 AGCUUGVT1_BK,https://www.musinsa.com/app/goods/2566320,//image.msscdn.net/images/goods_img/20220518/2566320/2566320_3_220.jpg
스킨드 사슴 가죽장갑_브라운,https://www.musinsa.com/app/goods/435968,//image.msscdn.net/images/goods_img/20161026/435968/435968_5_220.jpg
22SS 핸드워머 - 블랙,https://www.musinsa.com/app/goods/2337662,//image.msscdn.net/images/goods_img/20220202/2337662/2337662_1_220.jpg
DOT CAMO LEFT GLOVE,https://www.musinsa.com/app/goods/2532353,//image.msscdn.net/images/goods_img/20220429/2532353/2532353_1_220.jpg
여성 손등 메쉬 양손 장갑(GN222LGL41),https://www.musinsa.com/app/goods/2463168,//image.msscdn.net/images/goods_img/20220401/2463168/2463168_3_220.jpg
1330KB(브라운) 사슴가죽 리얼표피 남녀공용장갑,https://www.musinsa.com/app/goods/1098120,//image.msscdn.net/images/goods_img/20190718/1098120/1098120_1_220.jpg
울 니트 핑거리스 워머 [2color],https://www.musinsa.com/app/goods/2227123,//image.msscdn.net/images/goods_img/20211111/2227123/2227123_1_220.jpg
CABRETTA SOF 양피 골프장갑[여][양손],https://www.musinsa.com/app/goods/2542285,//image.msscdn.net/images/goods_img/20220504/2542285/2542285_1_220.jpg
테크 플리스 글로브 장갑 (그레이),https://www.musinsa.com/app/goods/1689762,//image.msscdn.net/images/goods_img/20201113/1689762/1689762_1_220.jpg
프리미엄 헤비웨이트 글러브 (블랙),https://www.musinsa.com/app/goods/1844892,//image.msscdn.net/images/goods_img/20210315/1844892/1844892_1_220.jpg
실크 셔링 장갑,https://www.musinsa.com/app/goods/2298948,//image.msscdn.net/images/goods_img/20220109/2298948/2298948_1_220.jpg
ROTHCO PADDED GLOVE REMADE BY LMC black,https://www.musinsa.com/app/goods/1166343,//image.msscdn.net/images/goods_img/20190925/1166343/1166343_1_220.jpg
램스킨 골프글러브 화이트 블랙 (우),https://www.musinsa.com/app/goods/2102889,//image.msscdn.net/images/goods_img/20210901/2102889/2102889_1_220.jpg
투어 어센틱 장갑(양피),https://www.musinsa.com/app/goods/2542365,//image.msscdn.net/images/goods_img/20220504/2542365/2542365_2_220.jpg
스우시 얼티메이트 헤비웨이트 글러브 (블랙),https://www.musinsa.com/app/goods/1533301,//image.msscdn.net/images/goods_img/20200731/1533301/1533301_1_220.jpg
베이직 반양피 양손 골프장갑 (Grey),https://www.musinsa.com/app/goods/2206918,//image.msscdn.net/images/goods_img/20211029/2206918/2206918_1_220.jpg
메리노 울 글러브 - 네이비,https://www.musinsa.com/app/goods/2199184,//image.msscdn.net/images/goods_img/20211026/2199184/2199184_1_220.jpg
오렌지 레터링 포인트 양손 장갑 (DWGV2E311O2),https://www.musinsa.com/app/goods/2466825,//image.msscdn.net/images/goods_img/20220405/2466825/2466825_2_220.jpg
1324  프리미엄 양가죽 오일글러브,https://www.musinsa.com/app/goods/953271,//image.msscdn.net/images/goods_img/20190214/953271/953271_2_220.jpg
NJ3GN01D 여성 메시 글러브,https://www.musinsa.com/app/goods/2470348,//image.msscdn.net/images/goods_img/20220406/2470348/2470348_1_220.jpg
여성 메쉬 쿠셔닝 반장갑_QYHFX22201SAL,https://www.musinsa.com/app/goods/2455488,//image.msscdn.net/images/goods_img/20220330/2455488/2455488_1_220.jpg
남여공용 메쉬 쿠셔닝 반장갑_QEHFX22200KGY,https://www.musinsa.com/app/goods/2455424,//image.msscdn.net/images/goods_img/20220330/2455424/2455424_1_220.jpg
[여성장갑]블랙 잔체크 배색 가죽 여성장갑 DCGV1F252BK,https://www.musinsa.com/app/goods/2137430,//image.msscdn.net/images/goods_img/20210916/2137430/2137430_1_220.jpg
에센셜 글러브 헬스 장갑,https://www.musinsa.com/app/goods/2479478,//image.msscdn.net/images/goods_img/20220411/2479478/2479478_2_220.jpg
박사장의 머리들지마 프린트 총 3장 SET 반양피 남성 골프장갑 - 화이트,https://www.musinsa.com/app/goods/1969276,//image.msscdn.net/images/goods_img/20210526/1969276/1969276_1_220.jpg
여성 트레이닝 반장갑,https://www.musinsa.com/app/goods/2408907,//image.msscdn.net/images/goods_img/20220310/2408907/2408907_3_220.jpg
M EVELYN LEATHER GLOVES_ORANGE,https://www.musinsa.com/app/goods/1926249,//image.msscdn.net/images/goods_img/20210428/1926249/1926249_1_220.jpg
우먼스 W 엘레멘탈 라이트웨이트 글러브 헬스 장갑 (블랙),https://www.musinsa.com/app/goods/2144349,//image.msscdn.net/images/goods_img/20210924/2144349/2144349_1_220.jpg
알파 허라치 엘리트 배팅글러브 (레드) CT1402665,https://www.musinsa.com/app/goods/2427340,//image.msscdn.net/images/goods_img/20220317/2427340/2427340_1_220.jpg
스킨드 사슴 가죽장갑_블랙,https://www.musinsa.com/app/goods/435977,//image.msscdn.net/images/goods_img/20161026/435977/435977_4_220.jpg
[남성장갑]블랙 닥스훈트장식 가죽 스마트폰 터치 남성장갑 DCGV1F970BK,https://www.musinsa.com/app/goods/2137208,//image.msscdn.net/images/goods_img/20210916/2137208/2137208_1_220.jpg
[남성장갑]그레이 체크 울 가죽 혼방 스마트폰 터치 남성장갑 DCGV1F150G2,https://www.musinsa.com/app/goods/2137217,//image.msscdn.net/images/goods_img/20210916/2137217/2137217_1_220.jpg
FINGER LESS GLOVES,https://www.musinsa.com/app/goods/941203,//image.msscdn.net/images/goods_img/20190125/941203/941203_1_220.jpg
NJ3GN01C 여성 메시 글러브,https://www.musinsa.com/app/goods/2476933,//image.msscdn.net/images/goods_img/20220408/2476933/2476933_1_220.jpg
C LOGO REAL LEATHER GLOVES_BLACK,https://www.musinsa.com/app/goods/2177413,//image.msscdn.net/images/goods_img/20211014/2177413/2177413_1_220.jpg
스킨핏 천연양피 칼라 골프장갑 다크그레이,https://www.musinsa.com/app/goods/2171160,//image.msscdn.net/images/goods_img/20211008/2171160/2171160_3_220.jpg
SOLID GOLGI SLIM WARMER BLACK,https://www.musinsa.com/app/goods/1977133,//image.msscdn.net/images/goods_img/20210601/1977133/1977133_2_220.jpg
남여공용 메쉬 반장갑_QEHFX22230DGY,https://www.musinsa.com/app/goods/2455435,//image.msscdn.net/images/goods_img/20220330/2455435/2455435_1_220.jpg
한손 양피 장갑 MU22A3AG251-WHI,https://www.musinsa.com/app/goods/2359859,//image.msscdn.net/images/goods_img/20220215/2359859/2359859_1_220.jpg
패딩 플리스 골프장갑 - 4614-121-587,https://www.musinsa.com/app/goods/2361788,//image.msscdn.net/images/goods_img/20220215/2361788/2361788_1_220.jpg
다크그린 레터링 포인트 양손 장갑 (DWGV2E311E3),https://www.musinsa.com/app/goods/2466826,//image.msscdn.net/images/goods_img/20220405/2466826/2466826_2_220.jpg
하이퍼쿨 장갑[2팩][합피],https://www.musinsa.com/app/goods/2542362,//image.msscdn.net/images/goods_img/20220504/2542362/2542362_1_220.jpg
트레이닝 글러브 1369826-001,https://www.musinsa.com/app/goods/2322372,//image.msscdn.net/images/goods_img/20220124/2322372/2322372_1_220.jpg
알파그립 벤치프레스 헬스장갑 FE0192-029,https://www.musinsa.com/app/goods/2207039,//image.msscdn.net/images/goods_img/20211029/2207039/2207039_1_220.jpg
램스킨 골프글러브 화이트 핑크 (좌),https://www.musinsa.com/app/goods/2185011,//image.msscdn.net/images/goods_img/20211019/2185011/2185011_1_220.jpg
스킨핏 천연양피 칼라 골프장갑 오렌지,https://www.musinsa.com/app/goods/2171156,//image.msscdn.net/images/goods_img/20211008/2171156/2171156_2_220.jpg
여성 쿨맥스 반장갑_Black,https://www.musinsa.com/app/goods/2481518,//image.msscdn.net/images/goods_img/20220412/2481518/2481518_1_220.jpg
DV. LOT 622 Deerskin Leather Gloves TYPE-2,https://www.musinsa.com/app/goods/1613462,//image.msscdn.net/images/goods_img/20200921/1613462/1613462_2_220.jpg
[여성장갑]블랙 양가죽 닥스훈트장식 스마트폰터치 장갑DCGV1F931BK,https://www.musinsa.com/app/goods/2238118,//image.msscdn.net/images/goods_img/20211117/2238118/2238118_1_220.jpg
NJ3GN01A 여성 메시 글러브,https://www.musinsa.com/app/goods/2470357,//image.msscdn.net/images/goods_img/20220406/2470357/2470357_1_220.jpg
TP 장갑(양피),https://www.musinsa.com/app/goods/2542323,//image.msscdn.net/images/goods_img/20220504/2542323/2542323_1_220.jpg
쉐입 체인지 타비 글러브 / 그레이,https://www.musinsa.com/app/goods/2239743,//image.msscdn.net/images/goods_img/20211118/2239743/2239743_1_220.jpg
Womens Color Sheepskin Golf Glove_White (1P),https://www.musinsa.com/app/goods/2385454,//image.msscdn.net/images/goods_img/20220225/2385454/2385454_5_220.jpg
SUEDE PALM FINGERLESS GLOVES (blackish brown),https://www.musinsa.com/app/goods/2225415,//image.msscdn.net/images/goods_img/20211110/2225415/2225415_2_220.jpg
1364 히트랙 돼지가죽 극강 방한장갑,https://www.musinsa.com/app/goods/1153028,//image.msscdn.net/images/goods_img/20190911/1153028/1153028_1_220.jpg
스킨핏 천연양피 칼라 골프장갑 레드,https://www.musinsa.com/app/goods/2171157,//image.msscdn.net/images/goods_img/20211008/2171157/2171157_2_220.jpg
2396 Heatrac Microfiber 스마트폰 터치 겨울 방한 장갑,https://www.musinsa.com/app/goods/953429,//image.msscdn.net/images/goods_img/20190214/953429/953429_2_220.jpg
남성 화이트 컬러 왼손 장갑 (BJ2187B01A),https://www.musinsa.com/app/goods/2446567,//image.msscdn.net/images/goods_img/20220325/2446567/2446567_1_220.jpg
W CLASSIC FINGERLESS GLOVES SET (BRIGHT WHITE),https://www.musinsa.com/app/goods/2379629,//image.msscdn.net/images/goods_img/20220223/2379629/2379629_6_220.jpg
웨더소프 남성 골프장갑 2장 세트,https://www.musinsa.com/app/goods/2062981,//image.msscdn.net/images/goods_img/20210813/2062981/2062981_1_220.jpg
박사장의 머리들지마 프린트 총 3장 SET 반양피 남성 골프장갑 - 블랙,https://www.musinsa.com/app/goods/1969076,//image.msscdn.net/images/goods_img/20210526/1969076/1969076_1_220.jpg
