아동) 반소매 라운지_MKC2UI3791,https://www.musinsa.com/app/goods/2458239,//image.msscdn.net/images/goods_img/20220331/2458239/2458239_1_220.jpg
[쿨탠다드] 맨즈 크루 넥 언더셔츠 [화이트],https://www.musinsa.com/app/goods/1436601,//image.msscdn.net/images/goods_img/20200508/1436601/1436601_1_220.jpg
[쿨탠다드] 맨즈 브이 넥 언더셔츠 [화이트],https://www.musinsa.com/app/goods/2531869,//image.msscdn.net/images/goods_img/20220429/2531869/2531869_1_220.jpg
트래블웨어 히트텍 머슬핏 헨리넥 (블랙),https://www.musinsa.com/app/goods/2039561,//image.msscdn.net/images/goods_img/20210723/2039561/2039561_1_220.jpg
[쿨탠다드] 맨즈 브이 넥 언더셔츠 [라이트 베이지],https://www.musinsa.com/app/goods/2584884,//image.msscdn.net/images/goods_img/20220526/2584884/2584884_1_220.jpg
트래블웨어 히트텍 머슬핏 헨리넥 (오렌지),https://www.musinsa.com/app/goods/2039562,//image.msscdn.net/images/goods_img/20210723/2039562/2039562_1_220.jpg
[쿨탠다드] 맨즈 브이 넥 언더셔츠 [블랙],https://www.musinsa.com/app/goods/2531870,//image.msscdn.net/images/goods_img/20220429/2531870/2531870_1_220.jpg
여름 모달 아기 내복 유아 실내복 - 우드베이지,https://www.musinsa.com/app/goods/2478964,//image.msscdn.net/images/goods_img/20220411/2478964/2478964_1_220.jpg
[쿨탠다드] 맨즈 크루 넥 언더셔츠 [블랙],https://www.musinsa.com/app/goods/1436600,//image.msscdn.net/images/goods_img/20200508/1436600/1436600_1_220.jpg
[쿨탠다드] 우먼즈 크루 넥 언더셔츠 [블랙],https://www.musinsa.com/app/goods/1436607,//image.msscdn.net/images/goods_img/20200508/1436607/1436607_1_220.jpg
코튼 언더셔츠 1종 블랙 남여 공용,https://www.musinsa.com/app/goods/1937146,//image.msscdn.net/images/goods_img/20210504/1937146/1937146_1_220.jpg
힛탠다드 플러스 맨즈 타이즈 [블랙],https://www.musinsa.com/app/goods/1629111,//image.msscdn.net/images/goods_img/20200928/1629111/1629111_1_220.jpg
남여 공용 베이직 언더셔츠 2차 1종 블랙,https://www.musinsa.com/app/goods/1472511,//image.msscdn.net/images/goods_img/20200603/1472511/1472511_2_220.jpg
남여 공용 베이직 언더셔츠 2차 1종 멜란지그레이,https://www.musinsa.com/app/goods/1472516,//image.msscdn.net/images/goods_img/20200603/1472516/1472516_2_220.jpg
남여 공용 베이직 언더셔츠 2차 1종 다크그레이,https://www.musinsa.com/app/goods/1472514,//image.msscdn.net/images/goods_img/20200603/1472514/1472514_2_220.jpg
[쿨탠다드] 우먼즈 크루 넥 언더셔츠 [화이트],https://www.musinsa.com/app/goods/1436606,//image.msscdn.net/images/goods_img/20200508/1436606/1436606_1_220.jpg
여름 모달 아기 내복 유아 실내복 2SET,https://www.musinsa.com/app/goods/2558761,//image.msscdn.net/images/goods_img/20220513/2558761/2558761_1_220.jpg
힛탠다드 맨즈 타이즈 [블랙],https://www.musinsa.com/app/goods/1595638,//image.msscdn.net/images/goods_img/20200910/1595638/1595638_1_220.jpg
힛탠다드 맨즈 브이 넥 티셔츠 [블랙],https://www.musinsa.com/app/goods/2162697,//image.msscdn.net/images/goods_img/20211005/2162697/2162697_1_220.jpg
[쿨탠다드] 맨즈 크루 넥 언더셔츠 [라이트 그레이],https://www.musinsa.com/app/goods/2558528,//image.msscdn.net/images/goods_img/20220513/2558528/2558528_1_220.jpg
시그니쳐 쉐빗 아기 여름실내복 3종세트 (반팔+나시+반바지)_화이트,https://www.musinsa.com/app/goods/2563524,//image.msscdn.net/images/goods_img/20220517/2563524/2563524_1_220.jpg
[쿨탠다드] 맨즈 브이 넥 언더셔츠 [라이트 그레이],https://www.musinsa.com/app/goods/2584885,//image.msscdn.net/images/goods_img/20220526/2584885/2584885_1_220.jpg
[쿨탠다드] 맨즈 크루 넥 언더셔츠 [라이트 베이지],https://www.musinsa.com/app/goods/1436602,//image.msscdn.net/images/goods_img/20200508/1436602/1436602_1_220.jpg
시그니쳐 쉐빗 아기 여름실내복 3종세트 (반팔+나시+반바지)_핑크,https://www.musinsa.com/app/goods/2563512,//image.msscdn.net/images/goods_img/20220517/2563512/2563512_1_220.jpg
[쿨탠다드]  우먼즈 크루 넥 언더셔츠 [라이트 베이지],https://www.musinsa.com/app/goods/1436608,//image.msscdn.net/images/goods_img/20200508/1436608/1436608_2_220.jpg
TC)GH앵두반팔내의,https://www.musinsa.com/app/goods/2590285,//image.msscdn.net/images/goods_img/20220530/2590285/2590285_1_220.jpg
유아) 반소매 라운지 세트_MKC2UI3302,https://www.musinsa.com/app/goods/2458240,//image.msscdn.net/images/goods_img/20220331/2458240/2458240_2_220.jpg
사계절 코코 7부 실내복 : 10 COLOR,https://www.musinsa.com/app/goods/2480021,//image.msscdn.net/images/goods_img/20220411/2480021/2480021_1_220.jpg
힛탠다드 우먼즈 타이즈 [블랙],https://www.musinsa.com/app/goods/1595693,//image.msscdn.net/images/goods_img/20200910/1595693/1595693_1_220.jpg
남여 공용 언더셔츠 2차 1종 화이트,https://www.musinsa.com/app/goods/1472524,//image.msscdn.net/images/goods_img/20200603/1472524/1472524_2_220.jpg
남여 공용 베이직 언더셔츠 2차 1종 화이트,https://www.musinsa.com/app/goods/1472518,//image.msscdn.net/images/goods_img/20200603/1472518/1472518_2_220.jpg
웜 컴프레션 이너 팬츠 [블랙],https://www.musinsa.com/app/goods/2326434,//image.msscdn.net/images/goods_img/20220125/2326434/2326434_1_220.png
힛탠다드 우먼즈 크루 넥 티셔츠 [블랙],https://www.musinsa.com/app/goods/1595699,//image.msscdn.net/images/goods_img/20200910/1595699/1595699_1_220.jpg
여름 모달 아기 내복 유아 실내복 - 블루선셋,https://www.musinsa.com/app/goods/2558888,//image.msscdn.net/images/goods_img/20220513/2558888/2558888_1_220.jpg
[밤부 세트] 홈슬리퍼,https://www.musinsa.com/app/goods/2402952,//image.msscdn.net/images/goods_img/20220307/2402952/2402952_4_220.gif
아동) 7부 라운지 세트_MKC2UI3001,https://www.musinsa.com/app/goods/2458235,//image.msscdn.net/images/goods_img/20220331/2458235/2458235_1_220.jpg
신생아 배앓이방지 실내복 아기 내복 유아 내의 - 뉴트럴썸머,https://www.musinsa.com/app/goods/2558944,//image.msscdn.net/images/goods_img/20220513/2558944/2558944_1_220.jpg
힛탠다드 맨즈 크루 넥 티셔츠 [블랙],https://www.musinsa.com/app/goods/1595685,//image.msscdn.net/images/goods_img/20200910/1595685/1595685_1_220.jpg
신생아 배앓이방지 실내복  2SET,https://www.musinsa.com/app/goods/2558952,//image.msscdn.net/images/goods_img/20220513/2558952/2558952_1_220.jpg
[루즈핏 세트] 강아지,https://www.musinsa.com/app/goods/2402956,//image.msscdn.net/images/goods_img/20220307/2402956/2402956_3_220.gif
민소매 아동내의 슬럽 실내복 7종 택1,https://www.musinsa.com/app/goods/2579662,//image.msscdn.net/images/goods_img/20220524/2579662/2579662_1_220.jpg
트래블웨어 히트텍 머슬핏 헨리넥 (그레이),https://www.musinsa.com/app/goods/2039563,//image.msscdn.net/images/goods_img/20210723/2039563/2039563_1_220.jpg
힛탠다드 플러스 맨즈 크루 넥 티셔츠 [화이트],https://www.musinsa.com/app/goods/1629114,//image.msscdn.net/images/goods_img/20200928/1629114/1629114_2_220.jpg
힛탠다드 맨즈 크루 넥 티셔츠 [화이트],https://www.musinsa.com/app/goods/1595686,//image.msscdn.net/images/goods_img/20200910/1595686/1595686_1_220.jpg
여름 모달 아기 내복 유아 실내복 - 세이지가든,https://www.musinsa.com/app/goods/2479270,//image.msscdn.net/images/goods_img/20220411/2479270/2479270_1_220.jpg
시그니쳐 쉐고미 아기 여름실내복 3종세트 (반팔+나시+반바지)_화이트,https://www.musinsa.com/app/goods/2563438,//image.msscdn.net/images/goods_img/20220517/2563438/2563438_1_220.jpg
시그니쳐 베숑이 아기 여름실내복 3종세트 (반팔+나시+반바지)_화이트,https://www.musinsa.com/app/goods/2563500,//image.msscdn.net/images/goods_img/20220517/2563500/2563500_1_220.jpg
모달 과일 상하복 set_민트,https://www.musinsa.com/app/goods/2351371,//image.msscdn.net/images/goods_img/20220210/2351371/2351371_1_220.jpg
코튼 언더셔츠 1종 다크 그레이 남여 공용,https://www.musinsa.com/app/goods/1937134,//image.msscdn.net/images/goods_img/20210504/1937134/1937134_1_220.jpg
코튼 언더셔츠 1종 베이직 화이트 남여 공용,https://www.musinsa.com/app/goods/1937139,//image.msscdn.net/images/goods_img/20210504/1937139/1937139_1_220.jpg
여성) 쿨에어 슬립 원피스_MSB2UO2201,https://www.musinsa.com/app/goods/2521369,//image.msscdn.net/images/goods_img/20220427/2521369/2521369_1_220.jpg
힛탠다드 맨즈 크루 넥 티셔츠 [다크 그레이],https://www.musinsa.com/app/goods/1595684,//image.msscdn.net/images/goods_img/20200910/1595684/1595684_1_220.jpg
시그니쳐 쉐이거 아기 사계절 수면조끼,https://www.musinsa.com/app/goods/2563586,//image.msscdn.net/images/goods_img/20220517/2563586/2563586_1_220.jpg
기획 5부 자가드 아동내의 실내복 12종 택1,https://www.musinsa.com/app/goods/2579590,//image.msscdn.net/images/goods_img/20220524/2579590/2579590_1_220.jpg
남여 공용 언더셔츠 2차 1종 블랙,https://www.musinsa.com/app/goods/1472520,//image.msscdn.net/images/goods_img/20200603/1472520/1472520_2_220.jpg
히트핏 소프트웜 남성 라운드넥 긴팔,https://www.musinsa.com/app/goods/2385212,//image.msscdn.net/images/goods_img/20220225/2385212/2385212_1_220.jpg
유아동 무형광 여아 끈3매입 백물런닝,https://www.musinsa.com/app/goods/2588635,//image.msscdn.net/images/goods_img/20220527/2588635/2588635_1_220.jpg
빅하트에어로쿨내의 (41370-054-10),https://www.musinsa.com/app/goods/2457525,//image.msscdn.net/images/goods_img/20220330/2457525/2457525_1_220.jpg
힛탠다드 맥스 플러스 맨즈 크루 넥 티셔츠 [블랙],https://www.musinsa.com/app/goods/1629116,//image.msscdn.net/images/goods_img/20200928/1629116/1629116_1_220.jpg
힛탠다드 맥스 플러스 맨즈 타이즈 [블랙],https://www.musinsa.com/app/goods/1629113,//image.msscdn.net/images/goods_img/20200928/1629113/1629113_1_220.jpg
신생아 배앓이방지 실내복 아기 내복 유아 내의 - 핑크세이지,https://www.musinsa.com/app/goods/2558924,//image.msscdn.net/images/goods_img/20220513/2558924/2558924_1_220.jpg
고급여름용 냉감 언더레이어 여성 드로즈,https://www.musinsa.com/app/goods/2016973,//image.msscdn.net/images/goods_img/20210702/2016973/2016973_1_220.jpg
프린트 트렁크 2P,https://www.musinsa.com/app/goods/2594012,//image.msscdn.net/images/goods_img/20220531/2594012/2594012_1_220.jpg
사계절 코코 3부 실내복 : 10 COLOR,https://www.musinsa.com/app/goods/2480086,//image.msscdn.net/images/goods_img/20220411/2480086/2480086_1_220.jpg
코튼 언더셔츠 1종 화이트 남여 공용,https://www.musinsa.com/app/goods/1937149,//image.msscdn.net/images/goods_img/20210504/1937149/1937149_1_220.jpg
에어로히트 발열 기능성 베이스레이어 터틀넥(블랙 여성),https://www.musinsa.com/app/goods/1183414,//image.msscdn.net/images/goods_img/20191011/1183414/1183414_1_220.jpg
여름 모달 아기 내복 유아 실내복 - 핑크버터,https://www.musinsa.com/app/goods/2558683,//image.msscdn.net/images/goods_img/20220513/2558683/2558683_1_220.jpg
모달 신생아 아기 실내복 - 멜로우그린,https://www.musinsa.com/app/goods/2416728,//image.msscdn.net/images/goods_img/20220314/2416728/2416728_1_220.jpg
플레이도기내의 (41370-054-06),https://www.musinsa.com/app/goods/2457527,//image.msscdn.net/images/goods_img/20220330/2457527/2457527_1_220.jpg
힛탠다드 맨즈 타이즈 [다크 그레이],https://www.musinsa.com/app/goods/1595640,//image.msscdn.net/images/goods_img/20200910/1595640/1595640_1_220.jpg
힛탠다드 우먼즈 타이즈 [화이트],https://www.musinsa.com/app/goods/1595696,//image.msscdn.net/images/goods_img/20200910/1595696/1595696_1_220.jpg
힛탠다드 맨즈 크루 넥 티셔츠 [라이트 그레이],https://www.musinsa.com/app/goods/1595687,//image.msscdn.net/images/goods_img/20200910/1595687/1595687_1_220.jpg
남여 공용 언더셔츠 2차 1종 네이비,https://www.musinsa.com/app/goods/1472522,//image.msscdn.net/images/goods_img/20200603/1472522/1472522_2_220.jpg
히트핏 소프트웜 남성 터틀넥 긴팔,https://www.musinsa.com/app/goods/2385213,//image.msscdn.net/images/goods_img/20220225/2385213/2385213_1_220.jpg
히트핏 소프트웜 슈퍼웜 남성 레깅스,https://www.musinsa.com/app/goods/2385215,//image.msscdn.net/images/goods_img/20220225/2385215/2385215_1_220.jpg
유아동 5부잠옷 50수 레이온 인견 반팔 이지웨어,https://www.musinsa.com/app/goods/2588607,//image.msscdn.net/images/goods_img/20220527/2588607/2588607_1_220.jpg
유아동 밤부 5부내의 무형광 유니프랜드 실내복 6종 택1,https://www.musinsa.com/app/goods/2588356,//image.msscdn.net/images/goods_img/20220527/2588356/2588356_1_220.jpg
민소매내의 유아동 자가드 실내복 내의 8종 택1,https://www.musinsa.com/app/goods/2579709,//image.msscdn.net/images/goods_img/20220524/2579709/2579709_1_220.jpg
코튼 언더셔츠 1종 네이비 남여 공용,https://www.musinsa.com/app/goods/1937141,//image.msscdn.net/images/goods_img/20210504/1937141/1937141_1_220.jpg
힛탠다드 플러스 맨즈 타이즈 [다크 그레이],https://www.musinsa.com/app/goods/1633325,//image.msscdn.net/images/goods_img/20201005/1633325/1633325_1_220.jpg
힛탠다드 플러스 우먼즈 타이즈 [블랙],https://www.musinsa.com/app/goods/1629117,//image.msscdn.net/images/goods_img/20200928/1629117/1629117_1_220.jpg
힛탠다드 플러스 우먼즈 크루 넥 티셔츠 [화이트],https://www.musinsa.com/app/goods/1629121,//image.msscdn.net/images/goods_img/20200928/1629121/1629121_1_220.jpg
힛탠다드 플러스 우먼즈 크루 넥 티셔츠 [블랙],https://www.musinsa.com/app/goods/1629120,//image.msscdn.net/images/goods_img/20200928/1629120/1629120_1_220.jpg
유아동 오가닉 무형광 남아 3매입 백물런닝,https://www.musinsa.com/app/goods/2588630,//image.msscdn.net/images/goods_img/20220527/2588630/2588630_1_220.jpg
무형광 코튼 언더셔츠 1종 애쉬그레이,https://www.musinsa.com/app/goods/1472711,//image.msscdn.net/images/goods_img/20200603/1472711/1472711_2_220.jpg
힛탠다드 우먼즈 크루 넥 티셔츠 [라이트 베이지],https://www.musinsa.com/app/goods/1595701,//image.msscdn.net/images/goods_img/20200910/1595701/1595701_1_220.jpg
힛탠다드 우먼즈 크루 넥 티셔츠 [화이트],https://www.musinsa.com/app/goods/1595702,//image.msscdn.net/images/goods_img/20200910/1595702/1595702_1_220.jpg
힛탠다드 맨즈 터틀 넥 티셔츠 [블랙],https://www.musinsa.com/app/goods/1595683,//image.msscdn.net/images/goods_img/20200910/1595683/1595683_2_220.jpg
트래블웨어 히트텍 머슬핏 헨리넥 (화이트),https://www.musinsa.com/app/goods/2039564,//image.msscdn.net/images/goods_img/20210723/2039564/2039564_1_220.jpg
남성 프리미엄 코튼 언더셔츠 1차 2종 B,https://www.musinsa.com/app/goods/1663896,//image.msscdn.net/images/goods_img/20201026/1663896/1663896_1_220.jpg
