NJ1DN55A 남성 1996 에코 눕시 자켓,https://www.musinsa.com/app/goods/2081554,//image.msscdn.net/images/goods_img/20210823/2081554/2081554_2_220.jpg
BLACK DOUBLE LONG GOOSE DOWN,https://www.musinsa.com/app/goods/1647181,//image.msscdn.net/images/goods_img/20201014/1647181/1647181_2_220.jpg
여 J217536 PS8 그레이 로고 다운 숏 푸퍼 자켓,https://www.musinsa.com/app/goods/2141882,//image.msscdn.net/images/goods_img/20210923/2141882/2141882_3_220.jpg
WARM UP QUILTING JACKET BLACK,https://www.musinsa.com/app/goods/2135207,//image.msscdn.net/images/goods_img/20210916/2135207/2135207_10_220.jpg
Back pocket Air-dot Vest,https://www.musinsa.com/app/goods/2512688,//image.msscdn.net/images/goods_img/20220425/2512688/2512688_3_220.jpg
N184UDW960 블루웨일 덕 다운 점퍼 패딩 HAVANA KHAKI,https://www.musinsa.com/app/goods/821968,//image.msscdn.net/images/goods_img/20180730/821968/821968_1_220.jpg
엔젤 RDS 덕 다운 숏 푸퍼 블랙,https://www.musinsa.com/app/goods/1536075,//image.msscdn.net/images/goods_img/20200804/1536075/1536075_4_220.jpg
AGD 센트 다운팩 패딩베스트 (BLACK),https://www.musinsa.com/app/goods/2275481,//image.msscdn.net/images/goods_img/20211221/2275481/2275481_1_220.jpg
BCC부스터후드다운자켓_IV,https://www.musinsa.com/app/goods/2126611,//image.msscdn.net/images/goods_img/20210913/2126611/2126611_2_220.jpg
2-WAY 유틸리티 후드 MA-1 자켓_블랙,https://www.musinsa.com/app/goods/2073268,//image.msscdn.net/images/goods_img/20210820/2073268/2073268_3_220.jpg
덕다운 몬스터 푸퍼 패딩_Gray,https://www.musinsa.com/app/goods/2202967,//image.msscdn.net/images/goods_img/20211027/2202967/2202967_1_220.jpg
NJ1DN75A 남성 1996 에코 눕시 자켓,https://www.musinsa.com/app/goods/2482269,//image.msscdn.net/images/goods_img/20220412/2482269/2482269_1_220.jpg
LMC GLOBE MONSTER THINSULATE PARKA olive,https://www.musinsa.com/app/goods/1187667,//image.msscdn.net/images/goods_img/20191015/1187667/1187667_1_220.jpg
젠 패딩자켓 BLACK,https://www.musinsa.com/app/goods/1540871,//image.msscdn.net/images/goods_img/20200807/1540871/1540871_1_220.jpg
젠 패딩자켓 IVORY,https://www.musinsa.com/app/goods/1540892,//image.msscdn.net/images/goods_img/20200807/1540892/1540892_2_220.jpg
웜에어 덕다운 리버시블 푸퍼 패딩_Brown Velvet,https://www.musinsa.com/app/goods/2157595,//image.msscdn.net/images/goods_img/20210930/2157595/2157595_2_220.jpg
N214MDW930 타루가 남성 RDS 덕 다운 점퍼 CARBON BLACK,https://www.musinsa.com/app/goods/2090552,//image.msscdn.net/images/goods_img/20210826/2090552/2090552_1_220.jpg
[리사이클 충전재] 블랙 웰론 중기장 몬스터 패딩 파카 (421X38LY45),https://www.musinsa.com/app/goods/2236158,//image.msscdn.net/images/goods_img/20211116/2236158/2236158_1_220.jpg
NYPM 푸퍼 숏패딩 자켓 베이지,https://www.musinsa.com/app/goods/1631161,//image.msscdn.net/images/goods_img/20200929/1631161/1631161_4_220.jpg
Swedish M-90 Cold Weather Parka - Olive,https://www.musinsa.com/app/goods/1208903,//image.msscdn.net/images/goods_img/20191031/1208903/1208903_1_220.jpg
스틸링 파카 / MK4661MP-310,https://www.musinsa.com/app/goods/904526,//image.msscdn.net/images/goods_img/20181113/904526/904526_2_220.jpg
N184UDW890 카이만 엑스 덕다운 벤치 다운 자켓 롱패딩 점퍼 BLACK 2,https://www.musinsa.com/app/goods/811905,//image.msscdn.net/images/goods_img/20180706/811905/811905_1_220.jpg
[ASIA] C로고 라운드넥 경량패딩 한국별주 (NORMAL NAVY) CKJA1F830N2,https://www.musinsa.com/app/goods/2132227,//image.msscdn.net/images/goods_img/20210915/2132227/2132227_6_220.jpg
3M 신슐레이트 보아 플리스 무톤 자켓 베이지,https://www.musinsa.com/app/goods/1690701,//image.msscdn.net/images/goods_img/20201116/1690701/1690701_1_220.jpg
N204WDW930 여성 타루가 RDS 덕 다운 점퍼 O WHITE,https://www.musinsa.com/app/goods/1515898,//image.msscdn.net/images/goods_img/20200715/1515898/1515898_1_220.jpg
N204UDW900 듀공 후드 숏기장 덕 다운 점퍼 INCENSE BEIGE,https://www.musinsa.com/app/goods/1543313,//image.msscdn.net/images/goods_img/20200810/1543313/1543313_5_220.jpg
3M 신슐레이트 푸퍼 패딩 자켓 그레이쉬 블루,https://www.musinsa.com/app/goods/1660617,//image.msscdn.net/images/goods_img/20201022/1660617/1660617_1_220.jpg
3M 신슐레이트 퀼팅자켓 블랙 FPJ201,https://www.musinsa.com/app/goods/2145689,//image.msscdn.net/images/goods_img/20210924/2145689/2145689_8_220.jpg
[무봉제]덕다운 심리스 미니멀 푸퍼 숏패딩_Black,https://www.musinsa.com/app/goods/1173366,//image.msscdn.net/images/goods_img/20191001/1173366/1173366_6_220.jpg
리버서블 락업 패딩 자켓 - 올리브 / H14121,https://www.musinsa.com/app/goods/2130168,//image.msscdn.net/images/goods_img/20210914/2130168/2130168_2_220.jpg
DV.LOT 653 Lamb skin Duck down-Armor 380g,https://www.musinsa.com/app/goods/2109065,//image.msscdn.net/images/goods_img/20210904/2109065/2109065_2_220.jpg
남 J319568 BEH 숏 로고 다운 푸퍼 자켓,https://www.musinsa.com/app/goods/2145527,//image.msscdn.net/images/goods_img/20210924/2145527/2145527_3_220.jpg
오리지널 헤비 덕다운 M-1990 스웨덴 파카_Black,https://www.musinsa.com/app/goods/2211155,//image.msscdn.net/images/goods_img/20211102/2211155/2211155_2_220.jpg
3ST 퍼피 다운 자켓 - 화이트 / H20755,https://www.musinsa.com/app/goods/2172411,//image.msscdn.net/images/goods_img/20211012/2172411/2172411_1_220.jpg
WARM UP QUILTING JACKET BEIGE,https://www.musinsa.com/app/goods/2135209,//image.msscdn.net/images/goods_img/20210916/2135209/2135209_10_220.jpg
WARM UP QUILTING VEST NAVY,https://www.musinsa.com/app/goods/2135198,//image.msscdn.net/images/goods_img/20210916/2135198/2135198_3_220.jpg
NJ1DM62G 남성 1996 에코 눕시 자켓,https://www.musinsa.com/app/goods/2081545,//image.msscdn.net/images/goods_img/20210823/2081545/2081545_2_220.jpg
[무봉제]덕다운 심리스 미니멀 푸퍼 숏패딩_Gray,https://www.musinsa.com/app/goods/1173385,//image.msscdn.net/images/goods_img/20191001/1173385/1173385_8_220.jpg
N214UDW910 레이만 숏기장 푸퍼 덕 다운 점퍼 CARBON BLACK,https://www.musinsa.com/app/goods/2030644,//image.msscdn.net/images/goods_img/20210715/2030644/2030644_3_220.jpg
222반다 사이드라인 롱패딩 블랙,https://www.musinsa.com/app/goods/858567,//image.msscdn.net/images/goods_img/20180914/858567/858567_2_220.jpg
NJ1DN56A 남성 1996 노벨티 눕시 자켓,https://www.musinsa.com/app/goods/2147789,//image.msscdn.net/images/goods_img/20210927/2147789/2147789_1_220.jpg
패디드 자켓 - 블랙 / H66011,https://www.musinsa.com/app/goods/2133793,//image.msscdn.net/images/goods_img/20210915/2133793/2133793_2_220.jpg
N204MDW930 타루가 남성 RDS 덕 다운 점퍼 C GREY,https://www.musinsa.com/app/goods/1515904,//image.msscdn.net/images/goods_img/20200715/1515904/1515904_5_220.jpg
LMC OG PUFFER DUCK DOWN PARKA camo,https://www.musinsa.com/app/goods/2147542,//image.msscdn.net/images/goods_img/20210927/2147542/2147542_1_220.jpg
에센셜 푸퍼 숏 패딩_크림,https://www.musinsa.com/app/goods/1726364,//image.msscdn.net/images/goods_img/20201218/1726364/1726364_1_220.jpg
(21FW) DNA 모노그램 블락 롱 다운 자켓 블랙,https://www.musinsa.com/app/goods/2216998,//image.msscdn.net/images/goods_img/20211104/2216998/2216998_1_220.png
N194UDW800 우라누스 퍼 구스 다운 점퍼 CARBON BLACK,https://www.musinsa.com/app/goods/1186980,//image.msscdn.net/images/goods_img/20191015/1186980/1186980_2_220.jpg
PERTEX® DSN Reversible Down Jacket Blue,https://www.musinsa.com/app/goods/2152987,//image.msscdn.net/images/goods_img/20210929/2152987/2152987_1_220.jpg
여성 부댕 롱 패딩 재킷 - 블랙 / G20939B00031M1131999,https://www.musinsa.com/app/goods/2281630,//image.msscdn.net/images/goods_img/20211223/2281630/2281630_1_220.jpg
TURTLE NECK BELTED LONG DOWN COAT BLACK,https://www.musinsa.com/app/goods/2039478,//image.msscdn.net/images/goods_img/20210723/2039478/2039478_3_220.jpg
W 빅 배플 자켓 - 화이트 / GT6542,https://www.musinsa.com/app/goods/2142603,//image.msscdn.net/images/goods_img/20210923/2142603/2142603_1_220.jpg
N214UDW890 카이만 PRO RDS 구스 다운 점퍼 SMALL LOGO BLACK,https://www.musinsa.com/app/goods/2090574,//image.msscdn.net/images/goods_img/20210826/2090574/2090574_1_220.jpg
발리스틱 화이트퍼 MK2000MB 290,https://www.musinsa.com/app/goods/2251777,//image.msscdn.net/images/goods_img/20211129/2251777/2251777_1_220.jpg
N214UDW890 카이만 PRO RDS 구스 다운 점퍼 BIG LOGO BLACK,https://www.musinsa.com/app/goods/2090571,//image.msscdn.net/images/goods_img/20210826/2090571/2090571_1_220.jpg
(VEGAN)WARM UP SHORT PUFFER JACKET BLACK,https://www.musinsa.com/app/goods/2123345,//image.msscdn.net/images/goods_img/20210910/2123345/2123345_1_220.jpg
LMC X SCARFACE PUFFER DUCK DOWN PARKA black,https://www.musinsa.com/app/goods/2195599,//image.msscdn.net/images/goods_img/20211025/2195599/2195599_1_220.jpg
블랭킷 패디드 자켓,https://www.musinsa.com/app/goods/2091388,//image.msscdn.net/images/goods_img/20210826/2091388/2091388_2_220.jpg
[스탠다드]21FW OVERSIZED M65 HOOD SHORT DOWN PARKA GREY,https://www.musinsa.com/app/goods/2161470,//image.msscdn.net/images/goods_img/20211005/2161470/2161470_2_220.jpg
컴포터블 벌룬핏 다운 패딩 다크그레이 COOSJP031D.GRAY,https://www.musinsa.com/app/goods/2172228,//image.msscdn.net/images/goods_img/20211012/2172228/2172228_5_220.jpg
BCC부스터후드다운자켓_BK,https://www.musinsa.com/app/goods/2126609,//image.msscdn.net/images/goods_img/20210913/2126609/2126609_2_220.jpg
수퍼 퍼피 자켓 - 화이트 / H20751,https://www.musinsa.com/app/goods/2210562,//image.msscdn.net/images/goods_img/20211102/2210562/2210562_1_220.jpg
NJ1DN55D 남성 1996 에코 눕시 자켓,https://www.musinsa.com/app/goods/2081546,//image.msscdn.net/images/goods_img/20210823/2081546/2081546_2_220.jpg
NJ1DM83E 여성 1996 에코 눕시 자켓,https://www.musinsa.com/app/goods/2194061,//image.msscdn.net/images/goods_img/20211022/2194061/2194061_1_220.jpg
Korea Logo Wellon Padding 화이트,https://www.musinsa.com/app/goods/2214501,//image.msscdn.net/images/goods_img/20211103/2214501/2214501_1_220.jpg
남성 아노락 후드 패딩 - 블랙 / 21CTCUC03122006102999,https://www.musinsa.com/app/goods/2265689,//image.msscdn.net/images/goods_img/20211210/2265689/2265689_1_220.jpg
TS 롱 다운 자켓 - 블랙 / 932547-01,https://www.musinsa.com/app/goods/2182703,//image.msscdn.net/images/goods_img/20211018/2182703/2182703_4_220.jpg
3M 신슐레이트 레벨7 파카 블랙,https://www.musinsa.com/app/goods/2204046,//image.msscdn.net/images/goods_img/20211028/2204046/2204046_1_220.jpg
패디드 자켓 - 올리브 / H66012,https://www.musinsa.com/app/goods/2133794,//image.msscdn.net/images/goods_img/20210915/2133794/2133794_2_220.jpg
Y.E.S Jungle Vest Black,https://www.musinsa.com/app/goods/1619966,//image.msscdn.net/images/goods_img/20200923/1619966/1619966_1_220.jpg
조던 에센셜 스테이트먼트 다운 파카 패딩 DA9805-010,https://www.musinsa.com/app/goods/2318985,//image.msscdn.net/images/goods_img/20220121/2318985/2318985_1_220.jpg
DENIM DOWN JACKET (DENIM),https://www.musinsa.com/app/goods/1175287,//image.msscdn.net/images/goods_img/20191002/1175287/1175287_2_220.jpg
덕다운 하이넥 푸퍼 패딩_Black,https://www.musinsa.com/app/goods/2159699,//image.msscdn.net/images/goods_img/20211001/2159699/2159699_2_220.jpg
덕다운 쉬링 무톤 푸퍼 패딩_Black,https://www.musinsa.com/app/goods/2186977,//image.msscdn.net/images/goods_img/20211019/2186977/2186977_1_220.jpg
클럽 파이핑 숏 패딩 점퍼 - 블랙,https://www.musinsa.com/app/goods/1231285,//image.msscdn.net/images/goods_img/20191120/1231285/1231285_9_220.jpg
(I013292) 모슬리 자켓 BLACK,https://www.musinsa.com/app/goods/1443147,//image.msscdn.net/images/goods_img/20200513/1443147/1443147_1_220.jpg
브라우니 숏 다운 자켓 BLACK,https://www.musinsa.com/app/goods/2152330,//image.msscdn.net/images/goods_img/20210929/2152330/2152330_2_220.jpg
N214UDW910 레이만 숏기장 푸퍼 덕 다운 점퍼 MC GREY,https://www.musinsa.com/app/goods/2030642,//image.msscdn.net/images/goods_img/20210715/2030642/2030642_3_220.jpg
[가죽 패딩 ver.] WOMEN 덕다운 크롭 오버핏 레더 패딩 [BLACK] 오리털 숏패딩,https://www.musinsa.com/app/goods/2184915,//image.msscdn.net/images/goods_img/20211019/2184915/2184915_1_220.jpg
N214UDW890 카이만 PRO RDS 구스 다운 점퍼 WHITE,https://www.musinsa.com/app/goods/2090583,//image.msscdn.net/images/goods_img/20210826/2090583/2090583_6_220.jpg
캠프힐링 맨즈 경량 다운 자켓_BG,https://www.musinsa.com/app/goods/2081802,//image.msscdn.net/images/goods_img/20210823/2081802/2081802_1_220.jpg
Reversible Team Parka Black/Silver,https://www.musinsa.com/app/goods/2355833,//image.msscdn.net/images/goods_img/20220211/2355833/2355833_2_220.jpg
오리지널 헤비 덕다운 M-1990 스웨덴 파카_Khaki,https://www.musinsa.com/app/goods/2211156,//image.msscdn.net/images/goods_img/20211102/2211156/2211156_2_220.jpg
수퍼 퍼피 자켓 - 블랙 / H20750,https://www.musinsa.com/app/goods/2206315,//image.msscdn.net/images/goods_img/20211029/2206315/2206315_2_220.jpg
W 빅 배플 자켓 - 블랙 / GT6541,https://www.musinsa.com/app/goods/2142604,//image.msscdn.net/images/goods_img/20210923/2142604/2142604_1_220.jpg
RETRO PADDED JUMPER BK,https://www.musinsa.com/app/goods/2087798,//image.msscdn.net/images/goods_img/20210825/2087798/2087798_1_220.jpg
N214UDW910 레이만 숏기장 푸퍼 덕 다운 점퍼 WHITE,https://www.musinsa.com/app/goods/2030646,//image.msscdn.net/images/goods_img/20210715/2030646/2030646_4_220.jpg
Star Vegan Leather Padded Jacket [Black],https://www.musinsa.com/app/goods/2043145,//image.msscdn.net/images/goods_img/20210728/2043145/2043145_2_220.jpg
Duck Down Corduroy Sherpa Jumper(BRICK),https://www.musinsa.com/app/goods/2172978,//image.msscdn.net/images/goods_img/20211012/2172978/2172978_2_220.jpg
level7 primaloft monster short parka grey,https://www.musinsa.com/app/goods/1651942,//image.msscdn.net/images/goods_img/20201016/1651942/1651942_3_220.jpg
코듀로이 후디드 봄버 점퍼 (브라운),https://www.musinsa.com/app/goods/2194630,//image.msscdn.net/images/goods_img/20211022/2194630/2194630_1_220.jpg
