카펜터 루즈핏 데님 숏팬츠 블루,https://www.musinsa.com/app/goods/2000046,//image.msscdn.net/images/goods_img/20210617/2000046/2000046_1_220.jpg
카펜터 루즈핏 데님 숏팬츠 로우블루,https://www.musinsa.com/app/goods/2589199,//image.msscdn.net/images/goods_img/20220530/2589199/2589199_2_220.jpg
BANDING DENIM HALF-P dark Indigo,https://www.musinsa.com/app/goods/1932899,//image.msscdn.net/images/goods_img/20210501/1932899/1932899_2_220.jpg
FLYHIKE 7부 팬츠_Dark Navy,https://www.musinsa.com/app/goods/2502219,//image.msscdn.net/images/goods_img/20220420/2502219/2502219_1_220.jpg
NYLON BERMUDA PANTS - BLACK,https://www.musinsa.com/app/goods/2329402,//image.msscdn.net/images/goods_img/20220126/2329402/2329402_1_220.jpg
투턱 와이드 롱 스웨트 7부 쇼츠 (CP0189),https://www.musinsa.com/app/goods/2485170,//image.msscdn.net/images/goods_img/20220413/2485170/2485170_1_220.jpg
경량 남성 7부팬츠 (D/GREY),https://www.musinsa.com/app/goods/2433627,//image.msscdn.net/images/goods_img/20220321/2433627/2433627_1_220.jpg
와이드 카펜터 데님 하프 팬츠_그레이,https://www.musinsa.com/app/goods/1953625,//image.msscdn.net/images/goods_img/20210517/1953625/1953625_2_220.jpg
스판 트레이닝 7부바지 반바지 MENS TRAINING SHORTS 2팩 [블랙],https://www.musinsa.com/app/goods/2502979,//image.msscdn.net/images/goods_img/20220420/2502979/2502979_1_220.jpg
와이드 커브 핏 투 턱 데님 버뮤다 팬츠 블랙,https://www.musinsa.com/app/goods/2526159,//image.msscdn.net/images/goods_img/20220428/2526159/2526159_5_220.jpg
카치온 와이드 면팬츠[베이지],https://www.musinsa.com/app/goods/1916628,//image.msscdn.net/images/goods_img/20210422/1916628/1916628_1_220.jpg
체크8부 배기팬츠 블랙,https://www.musinsa.com/app/goods/1862617,//image.msscdn.net/images/goods_img/20210324/1862617/1862617_1_220.jpg
우먼스 미드라이즈 여성 7부 레깅스 타이즈 운동복 CZ8532-010,https://www.musinsa.com/app/goods/2556891,//image.msscdn.net/images/goods_img/20220513/2556891/2556891_1_220.jpg
와이드 커브 핏 투 턱 데님 버뮤다 팬츠 인디고,https://www.musinsa.com/app/goods/2526158,//image.msscdn.net/images/goods_img/20220428/2526158/2526158_2_220.jpg
여성 요가복 DEVI-B0037-네이비 필라테스 7.5부 레깅스 군살제로,https://www.musinsa.com/app/goods/1527711,//image.msscdn.net/images/goods_img/20200727/1527711/1527711_1_220.jpg
카펜터 루즈핏 코튼 숏팬츠 블랙,https://www.musinsa.com/app/goods/2589201,//image.msscdn.net/images/goods_img/20220530/2589201/2589201_2_220.jpg
BANDING DENIM HALF-P light Indigo,https://www.musinsa.com/app/goods/1932900,//image.msscdn.net/images/goods_img/20210501/1932900/1932900_4_220.jpg
여성 쿨라이트 슬림 7부 팬츠-BCZG2756E03,https://www.musinsa.com/app/goods/2595991,//image.msscdn.net/images/goods_img/20220602/2595991/2595991_3_220.jpg
SA8034 플렉스 프로 7부 레깅스 젠틀블랙,https://www.musinsa.com/app/goods/2481320,//image.msscdn.net/images/goods_img/20220412/2481320/2481320_1_220.jpg
포켓 링아일렛 E-band 8부 세미 배기핏 팬츠 CXS22MWPT473,https://www.musinsa.com/app/goods/2574971,//image.msscdn.net/images/goods_img/20220523/2574971/2574971_1_220.jpg
NYLON BERMUDA PANTS - KHAKI,https://www.musinsa.com/app/goods/2329403,//image.msscdn.net/images/goods_img/20220126/2329403/2329403_1_220.jpg
[패키지] TERRY BASIC PANTS (7 COLORS) [LRPFCPA731M],https://www.musinsa.com/app/goods/1953882,//image.msscdn.net/images/goods_img/20210517/1953882/1953882_2_220.jpg
카고 와이드 하프 데님 팬츠_블랙,https://www.musinsa.com/app/goods/2560739,//image.msscdn.net/images/goods_img/20220516/2560739/2560739_1_220.jpg
플리츠 배기핏 조거 팬츠(블랙) - 7부,https://www.musinsa.com/app/goods/1866904,//image.msscdn.net/images/goods_img/20210328/1866904/1866904_1_220.png
카펜터 루즈핏 트레이닝 숏팬츠 블랙,https://www.musinsa.com/app/goods/2568339,//image.msscdn.net/images/goods_img/20220518/2568339/2568339_1_220.jpg
[패키지] TERRY JOGGER PANTS (7 COLORS) [LRPFCPJ732M],https://www.musinsa.com/app/goods/1953951,//image.msscdn.net/images/goods_img/20210517/1953951/1953951_2_220.jpg
카펜터 루즈핏 코튼 숏팬츠 카멜,https://www.musinsa.com/app/goods/2589202,//image.msscdn.net/images/goods_img/20220530/2589202/2589202_2_220.jpg
투턱 와이드 롱 스웨트 7부 쇼츠 (CP0189-1),https://www.musinsa.com/app/goods/2485169,//image.msscdn.net/images/goods_img/20220413/2485169/2485169_1_220.jpg
우먼스 W 어택 7/8 팬츠 (블랙),https://www.musinsa.com/app/goods/2484009,//image.msscdn.net/images/goods_img/20220413/2484009/2484009_1_220.jpg
Relax Fit 7 Cut Easy Pants Tan,https://www.musinsa.com/app/goods/2052974,//image.msscdn.net/images/goods_img/20210809/2052974/2052974_1_220.jpg
Classic Shorts Slacks Black,https://www.musinsa.com/app/goods/1992691,//image.msscdn.net/images/goods_img/20210611/1992691/1992691_1_220.jpg
카펜터 루즈핏 트레이닝 숏팬츠 그레이,https://www.musinsa.com/app/goods/2568338,//image.msscdn.net/images/goods_img/20220518/2568338/2568338_1_220.jpg
[남성] 플리츠 배기핏 조거 팬츠(아이보리) - 7부,https://www.musinsa.com/app/goods/1921610,//image.msscdn.net/images/goods_img/20210427/1921610/1921610_3_220.png
자수 스커트 와이드 팬츠,https://www.musinsa.com/app/goods/1807801,//image.msscdn.net/images/goods_img/20210222/1807801/1807801_1_220.jpg
우븐 5부 반바지 숏팬츠 밴딩팬츠+스판 트레이닝 7부바지  2팩 [블랙],https://www.musinsa.com/app/goods/2505488,//image.msscdn.net/images/goods_img/20220421/2505488/2505488_1_220.jpg
카치온 와이드 면팬츠[블랙],https://www.musinsa.com/app/goods/1978556,//image.msscdn.net/images/goods_img/20210601/1978556/1978556_1_220.jpg
Navy Bermuda Trouser Shorts,https://www.musinsa.com/app/goods/2574303,//image.msscdn.net/images/goods_img/20220522/2574303/2574303_1_220.jpg
TWO TUCK WIDE BERMUDA PANTS MSTSP003-BK,https://www.musinsa.com/app/goods/2442481,//image.msscdn.net/images/goods_img/20220324/2442481/2442481_1_220.jpg
프론트 스티치 스트링 조거 슬랙스 블랙,https://www.musinsa.com/app/goods/1832311,//image.msscdn.net/images/goods_img/20210308/1832311/1832311_1_220.jpg
와이드핏 팬츠(블랙),https://www.musinsa.com/app/goods/2537805,//image.msscdn.net/images/goods_img/20220503/2537805/2537805_1_220.jpg
TWO TUCK WIDE BERMUDA PANTS MSTSP003-CR,https://www.musinsa.com/app/goods/2442466,//image.msscdn.net/images/goods_img/20220324/2442466/2442466_1_220.jpg
카고 슬랙스 하프 팬츠_그레이,https://www.musinsa.com/app/goods/2545595,//image.msscdn.net/images/goods_img/20220509/2545595/2545595_1_220.jpg
SP 세인트 로고 투 턱 스웨트 팬츠-멜란지 그레이,https://www.musinsa.com/app/goods/2403936,//image.msscdn.net/images/goods_img/20220308/2403936/2403936_1_220.jpg
G.I washed half-jeans DEEP BLUE,https://www.musinsa.com/app/goods/1932330,//image.msscdn.net/images/goods_img/20210430/1932330/1932330_1_220.jpg
에센셜 쿨링 남성 트레이닝 7부팬츠 (BLACK),https://www.musinsa.com/app/goods/2355750,//image.msscdn.net/images/goods_img/20220211/2355750/2355750_1_220.jpg
SL179 샤일라 점프수트,https://www.musinsa.com/app/goods/2474251,//image.msscdn.net/images/goods_img/20220407/2474251/2474251_1_220.jpg
카치온 와이드 면팬츠[카키],https://www.musinsa.com/app/goods/1916631,//image.msscdn.net/images/goods_img/20210422/1916631/1916631_1_220.jpg
FLAME CHOLO SHORTS - BLACK,https://www.musinsa.com/app/goods/994912,//image.msscdn.net/images/goods_img/20190326/994912/994912_1_220.jpg
터프우븐 7부 팬츠,https://www.musinsa.com/app/goods/2406076,//image.msscdn.net/images/goods_img/20220308/2406076/2406076_1_220.jpg
카고 와이드 하프 데님 팬츠_인디고,https://www.musinsa.com/app/goods/2560740,//image.msscdn.net/images/goods_img/20220516/2560740/2560740_1_220.jpg
리버스 컬러레이션 데님 팬츠_블루,https://www.musinsa.com/app/goods/2575812,//image.msscdn.net/images/goods_img/20220523/2575812/2575812_1_220.jpg
벌룬 앵클 팬츠_블랙,https://www.musinsa.com/app/goods/2343317,//image.msscdn.net/images/goods_img/20220207/2343317/2343317_3_220.jpg
MEN 와이드 밴딩 크롭 슬랙스 [7부 팬츠],https://www.musinsa.com/app/goods/1086456,//image.msscdn.net/images/goods_img/20190701/1086456/1086456_1_220.jpg
쿨링 냉장고 롱 슬림 7부 부츠컷 크롭 슬랙스 [BLACK] 와이드 나팔바지  ver.,https://www.musinsa.com/app/goods/2533542,//image.msscdn.net/images/goods_img/20220502/2533542/2533542_1_220.jpg
1935 브루클린 이글스 7부 트윌 하프 팬츠 아이보리,https://www.musinsa.com/app/goods/2497906,//image.msscdn.net/images/goods_img/20220419/2497906/2497906_1_220.jpg
카고 와이드 하프 데님 팬츠_블루,https://www.musinsa.com/app/goods/2560742,//image.msscdn.net/images/goods_img/20220516/2560742/2560742_1_220.jpg
FLYHIKE 7부 팬츠_Black,https://www.musinsa.com/app/goods/2485998,//image.msscdn.net/images/goods_img/20220413/2485998/2485998_1_220.jpg
7H31624 남성 아이스 레깅스,https://www.musinsa.com/app/goods/1977629,//image.msscdn.net/images/goods_img/20210601/1977629/1977629_1_220.jpg
남성 쿨라이트 7부 팬츠-BCZK2702E03,https://www.musinsa.com/app/goods/2595988,//image.msscdn.net/images/goods_img/20220602/2595988/2595988_1_220.jpg
프로 드라이 핏 3QT 타이츠 (블랙),https://www.musinsa.com/app/goods/2098205,//image.msscdn.net/images/goods_img/20210830/2098205/2098205_1_220.jpg
[데상트X마세라티] 남성 우븐 팬츠,https://www.musinsa.com/app/goods/2487765,//image.msscdn.net/images/goods_img/20220414/2487765/2487765_3_220.jpg
밴딩 쇼츠 블랙,https://www.musinsa.com/app/goods/1494173,//image.msscdn.net/images/goods_img/20200623/1494173/1494173_1_220.jpg
클라우드 오버포켓 팬츠 TIGER,https://www.musinsa.com/app/goods/1159648,//image.msscdn.net/images/goods_img/20190919/1159648/1159648_1_220.jpg
여성 액티브 아이콘 랩 엘라스틱 크롭 레깅스_4WS0L767_007,https://www.musinsa.com/app/goods/1329613,//image.msscdn.net/images/goods_img/20200302/1329613/1329613_1_220.jpg
7부 우븐 팬츠 (베이지),https://www.musinsa.com/app/goods/2480326,//image.msscdn.net/images/goods_img/20220411/2480326/2480326_1_220.jpg
우먼스 W 원 드라이 핏 미드라이즈 카프리 레깅스 (블랙),https://www.musinsa.com/app/goods/2511477,//image.msscdn.net/images/goods_img/20220425/2511477/2511477_1_220.jpg
베이직 헤리티지 7부 팬츠,https://www.musinsa.com/app/goods/1900415,//image.msscdn.net/images/goods_img/20210415/1900415/1900415_1_220.jpg
Linda Banding Short Slacks (Beige),https://www.musinsa.com/app/goods/1822319,//image.msscdn.net/images/goods_img/20210303/1822319/1822319_1_220.jpg
쿨링 크롭 릴렉스드 레깅스,https://www.musinsa.com/app/goods/2515910,//image.msscdn.net/images/goods_img/20220426/2515910/2515910_1_220.jpg
남성 쿨라이트 7부 팬츠-BCZK2702E0L,https://www.musinsa.com/app/goods/2588022,//image.msscdn.net/images/goods_img/20220527/2588022/2588022_3_220.jpg
스판 트레이닝 트랙 팬츠+7부 바지  SWEAT PANTS [블랙],https://www.musinsa.com/app/goods/2497859,//image.msscdn.net/images/goods_img/20220419/2497859/2497859_1_220.jpg
카고 슬랙스 하프 팬츠_블랙,https://www.musinsa.com/app/goods/2545596,//image.msscdn.net/images/goods_img/20220509/2545596/2545596_1_220.jpg
남성 스트레치 에어 카고조거팬츠,https://www.musinsa.com/app/goods/2544277,//image.msscdn.net/images/goods_img/20220506/2544277/2544277_4_220.jpg
[MOTION]남성 포켓 팬츠,https://www.musinsa.com/app/goods/2404774,//image.msscdn.net/images/goods_img/20220308/2404774/2404774_2_220.jpg
여성 쿨라이트 슬림 7부 팬츠-BCZG2756E0L,https://www.musinsa.com/app/goods/2595990,//image.msscdn.net/images/goods_img/20220602/2595990/2595990_3_220.jpg
우먼스 W 원 드라이 핏 미드라이즈 3/4 타이츠 레깅스 (블랙),https://www.musinsa.com/app/goods/1912493,//image.msscdn.net/images/goods_img/20210421/1912493/1912493_1_220.jpg
SP 세인트 로고 투 턱 스웨트 팬츠-애쉬 멜란지,https://www.musinsa.com/app/goods/2403935,//image.msscdn.net/images/goods_img/20220308/2403935/2403935_1_220.jpg
락 미드 라이즈 유니버셜 8부 레깅스 (VL4BO890D3),https://www.musinsa.com/app/goods/2324147,//image.msscdn.net/images/goods_img/20220124/2324147/2324147_1_220.jpg
에센셜 쿨링 남성 트레이닝 7부팬츠 (D/Turquoise),https://www.musinsa.com/app/goods/2379886,//image.msscdn.net/images/goods_img/20220223/2379886/2379886_1_220.jpg
여성 액티브 아이콘 랩 엘라스틱 7/8 레깅스_4WS0L608_007,https://www.musinsa.com/app/goods/1329611,//image.msscdn.net/images/goods_img/20200302/1329611/1329611_3_220.jpg
스포츠 기능성 운동 7부팬츠 3020,https://www.musinsa.com/app/goods/1801025,//image.msscdn.net/images/goods_img/20210218/1801025/1801025_1_220.jpg
와이드 쇼츠 블랙,https://www.musinsa.com/app/goods/1539152,//image.msscdn.net/images/goods_img/20200806/1539152/1539152_1_220.jpg
[여성] 22SS 데님 플리세 와이드팬츠 (블루),https://www.musinsa.com/app/goods/2466763,//image.msscdn.net/images/goods_img/20220405/2466763/2466763_1_220.jpg
V 백 8부 레깅스 (VL4BO889RS),https://www.musinsa.com/app/goods/2324156,//image.msscdn.net/images/goods_img/20220124/2324156/2324156_2_220.jpg
남성 반밴딩 7부 카고 팬츠-BBRK2711D03,https://www.musinsa.com/app/goods/2543944,//image.msscdn.net/images/goods_img/20220506/2543944/2543944_1_220.jpg
카치온 와이드 면팬츠[그레이],https://www.musinsa.com/app/goods/1978555,//image.msscdn.net/images/goods_img/20210601/1978555/1978555_1_220.jpg
7부조거팬츠 HGF60236_HTGR,https://www.musinsa.com/app/goods/1316791,//image.msscdn.net/images/goods_img/20200221/1316791/1316791_1_220.jpg
에센셜 7 8 레깅스 여자 타이즈 CZ8532-010,https://www.musinsa.com/app/goods/2165493,//image.msscdn.net/images/goods_img/20211006/2165493/2165493_2_220.jpg
하이웨이스트 7.8부 레깅스,https://www.musinsa.com/app/goods/2387078,//image.msscdn.net/images/goods_img/20220225/2387078/2387078_1_220.jpg
골덴 반바지 블랙,https://www.musinsa.com/app/goods/2378625,//image.msscdn.net/images/goods_img/20220222/2378625/2378625_1_220.jpg
