[매트블랙] 버핑레더 미니멀 포켓 블루종_Matt Black,https://www.musinsa.com/app/goods/1758197,//image.msscdn.net/images/goods_img/20210121/1758197/1758197_6_220.jpg
[비건 레더] 필드 자켓 블랙,https://www.musinsa.com/app/goods/1593755,//image.msscdn.net/images/goods_img/20200909/1593755/1593755_1_220.jpg
오버핏 비건레더 싱글 자켓,https://www.musinsa.com/app/goods/1576700,//image.msscdn.net/images/goods_img/20200901/1576700/1576700_6_220.jpg
카우하이드 싱글 자켓,https://www.musinsa.com/app/goods/406537,//image.msscdn.net/images/goods_img/20160906/406537/406537_3_220.jpg
오버핏 램스킨 블레이저 자켓,https://www.musinsa.com/app/goods/1576696,//image.msscdn.net/images/goods_img/20200901/1576696/1576696_1_220.jpg
버핑레더 미니멀 포켓 블루종_Black,https://www.musinsa.com/app/goods/1540376,//image.msscdn.net/images/goods_img/20200806/1540376/1540376_6_220.jpg
CREASE LEATHER BLAZER BLACK,https://www.musinsa.com/app/goods/2224315,//image.msscdn.net/images/goods_img/20211109/2224315/2224315_2_220.jpg
SM RACING JK (BEIGE),https://www.musinsa.com/app/goods/2346742,//image.msscdn.net/images/goods_img/20220208/2346742/2346742_2_220.jpg
CLASSIC RIDERS JACKET [BLACK],https://www.musinsa.com/app/goods/267464,//image.msscdn.net/images/goods_img/20151021/267464/267464_2_220.jpg
오버핏 램스킨 싱글 자켓,https://www.musinsa.com/app/goods/1576682,//image.msscdn.net/images/goods_img/20200901/1576682/1576682_6_220.jpg
리에디션 스웨이드 자켓 [GREY],https://www.musinsa.com/app/goods/407074,//image.msscdn.net/images/goods_img/20160907/407074/407074_1_220.jpg
버핑레더 오버핏 블루종_Black,https://www.musinsa.com/app/goods/2064545,//image.msscdn.net/images/goods_img/20210813/2064545/2064545_2_220.jpg
465-1 비건 레더 오버핏 자켓,https://www.musinsa.com/app/goods/2139011,//image.msscdn.net/images/goods_img/20210917/2139011/2139011_3_220.jpg
블랙 밴드카라 페이크 레더자켓,https://www.musinsa.com/app/goods/1781437,//image.msscdn.net/images/goods_img/20210205/1781437/1781437_1_220.jpg
버핑레더 라이더자켓_Black,https://www.musinsa.com/app/goods/604096,//image.msscdn.net/images/goods_img/20170817/604096/604096_14_220.jpg
[Woman]버핑레더 미니멀 블루종_Black,https://www.musinsa.com/app/goods/1540380,//image.msscdn.net/images/goods_img/20200806/1540380/1540380_8_220.jpg
LAST SCENE RIDER JKT,https://www.musinsa.com/app/goods/1186197,//image.msscdn.net/images/goods_img/20191014/1186197/1186197_2_220.jpg
램스킨 100 라이더 자켓,https://www.musinsa.com/app/goods/621574,//image.msscdn.net/images/goods_img/20170901/621574/621574_4_220.jpg
[Woman]버핑레더 오버핏 히든 블루종 자켓_Black,https://www.musinsa.com/app/goods/2313935,//image.msscdn.net/images/goods_img/20220118/2313935/2313935_2_220.jpg
[비건 레더] 클래식 보머 자켓 브라운,https://www.musinsa.com/app/goods/2352922,//image.msscdn.net/images/goods_img/20220210/2352922/2352922_1_220.jpg
[비건 레더] 바시티 자켓 블랙,https://www.musinsa.com/app/goods/2138614,//image.msscdn.net/images/goods_img/20210916/2138614/2138614_1_220.jpg
버핑레더 오버핏 워크 자켓_Black,https://www.musinsa.com/app/goods/2293387,//image.msscdn.net/images/goods_img/20220105/2293387/2293387_3_220.jpg
[비건 레더] 오버핏 싱글 자켓 (블랙),https://www.musinsa.com/app/goods/1749527,//image.msscdn.net/images/goods_img/20210114/1749527/1749527_3_220.jpg
오버핏 비건레더 윈드브레이커 자켓 (블랙),https://www.musinsa.com/app/goods/2307173,//image.msscdn.net/images/goods_img/20220113/2307173/2307173_1_220.jpg
[비건레더] 크루얼티프리 싱글 카라넥 레더 자켓 IRO086 블랙,https://www.musinsa.com/app/goods/2029419,//image.msscdn.net/images/goods_img/20210714/2029419/2029419_4_220.jpg
에센셜 크롭 필드 자켓 레더 블랙 COOSJK014LE.BLACK,https://www.musinsa.com/app/goods/2130619,//image.msscdn.net/images/goods_img/20210914/2130619/2130619_4_220.jpg
오버핏 비건레더 윈드브레이커 (라이트그레이),https://www.musinsa.com/app/goods/2307171,//image.msscdn.net/images/goods_img/20220113/2307171/2307171_1_220.jpg
버핑레더 오버핏 MA-1자켓_Crack Brown,https://www.musinsa.com/app/goods/2293391,//image.msscdn.net/images/goods_img/20220105/2293391/2293391_3_220.jpg
히든 크롭 레더 블루종 자켓 (브라운),https://www.musinsa.com/app/goods/2394689,//image.msscdn.net/images/goods_img/20220303/2394689/2394689_1_220.jpg
버핑레더 히든 오버 블루종_Black,https://www.musinsa.com/app/goods/2293373,//image.msscdn.net/images/goods_img/20220105/2293373/2293373_3_220.jpg
램스킨 싱글 재킷 D002,https://www.musinsa.com/app/goods/1226597,//image.msscdn.net/images/goods_img/20191115/1226597/1226597_9_220.jpg
히든 크롭 레더 블루종 자켓 (그레이),https://www.musinsa.com/app/goods/2394688,//image.msscdn.net/images/goods_img/20220303/2394688/2394688_1_220.jpg
양가죽 슈퍼 오버핏 라이더 자켓  man-BK,https://www.musinsa.com/app/goods/1782901,//image.msscdn.net/images/goods_img/20210207/1782901/1782901_2_220.jpg
9018 비건레더 밴딩점퍼_블랙,https://www.musinsa.com/app/goods/2290360,//image.msscdn.net/images/goods_img/20220104/2290360/2290360_2_220.jpg
오버핏 비건레더 보머 자켓,https://www.musinsa.com/app/goods/2086731,//image.msscdn.net/images/goods_img/20210825/2086731/2086731_1_220.jpg
램스킨 레더 자켓 [레드],https://www.musinsa.com/app/goods/1582031,//image.msscdn.net/images/goods_img/20200903/1582031/1582031_1_220.png
비건레더 바시티자켓 (카멜),https://www.musinsa.com/app/goods/2389138,//image.msscdn.net/images/goods_img/20220228/2389138/2389138_1_220.jpg
QUILTING JUMPER BLACK,https://www.musinsa.com/app/goods/2152467,//image.msscdn.net/images/goods_img/20210929/2152467/2152467_1_220.jpg
비건 레더 절개 자켓 - 브라운,https://www.musinsa.com/app/goods/2092097,//image.msscdn.net/images/goods_img/20210826/2092097/2092097_4_220.jpg
램스킨 레더 자켓 [블랙],https://www.musinsa.com/app/goods/1582065,//image.msscdn.net/images/goods_img/20200903/1582065/1582065_2_220.jpg
미니멀 크롭 트러커 자켓 레더 블랙 MDJK003LEBLACK,https://www.musinsa.com/app/goods/2140023,//image.msscdn.net/images/goods_img/20210917/2140023/2140023_6_220.jpg
램스킨 싱글 자켓,https://www.musinsa.com/app/goods/621582,//image.msscdn.net/images/goods_img/20170901/621582/621582_5_220.jpg
27 로고 오버사이즈 램스킨 트러커 블랙,https://www.musinsa.com/app/goods/2447135,//image.msscdn.net/images/goods_img/20220326/2447135/2447135_3_220.jpg
풀업 레더 크롭 자켓 BLACK,https://www.musinsa.com/app/goods/2318068,//image.msscdn.net/images/goods_img/20220120/2318068/2318068_2_220.jpg
LEATHER SHORT JACKET(GREEN),https://www.musinsa.com/app/goods/2384461,//image.msscdn.net/images/goods_img/20220224/2384461/2384461_1_220.jpg
465-3 VEGAN LEATHER OVERFIT JACKET_BLACK,https://www.musinsa.com/app/goods/2093254,//image.msscdn.net/images/goods_img/20210827/2093254/2093254_1_220.jpg
버핑레더 오버핏 MA-1자켓_Crack Mustard,https://www.musinsa.com/app/goods/2293390,//image.msscdn.net/images/goods_img/20220105/2293390/2293390_3_220.jpg
[비건스웨이드] 세미 다트 스타디움 스웨이드 자켓 IRO134 아이보리,https://www.musinsa.com/app/goods/2287587,//image.msscdn.net/images/goods_img/20211231/2287587/2287587_1_220.jpg
프리미엄 오버핏  램스킨 베지터블 보머 자켓,https://www.musinsa.com/app/goods/2307209,//image.msscdn.net/images/goods_img/20220113/2307209/2307209_2_220.jpg
버핑레더 미니멀 포켓 블루종_Brown,https://www.musinsa.com/app/goods/2293382,//image.msscdn.net/images/goods_img/20220105/2293382/2293382_3_220.jpg
465 VEGAN LEATHER BLOUSON,https://www.musinsa.com/app/goods/1745579,//image.msscdn.net/images/goods_img/20210112/1745579/1745579_5_220.jpg
BONNI RIDERS JACKET KS [BLACK],https://www.musinsa.com/app/goods/397750,//image.msscdn.net/images/goods_img/20160822/397750/397750_3_220.jpg
풀업 레더 크롭 자켓 DARK BROWN,https://www.musinsa.com/app/goods/2318065,//image.msscdn.net/images/goods_img/20220120/2318065/2318065_2_220.jpg
DV. LOT538 ROGER -BLACK- (Calf skin),https://www.musinsa.com/app/goods/262031,//image.msscdn.net/images/goods_img/20151013/262031/262031_8_220.jpg
SENSUAL DENIM RIDER JACKET WHITE SPREAD,https://www.musinsa.com/app/goods/2224304,//image.msscdn.net/images/goods_img/20211109/2224304/2224304_3_220.jpg
버핑레더 오버핏 MA-1자켓_Black,https://www.musinsa.com/app/goods/2293388,//image.msscdn.net/images/goods_img/20220105/2293388/2293388_3_220.jpg
포인티드 칼라 램스킨 자켓 MAPLE BROWN,https://www.musinsa.com/app/goods/2059933,//image.msscdn.net/images/goods_img/20210812/2059933/2059933_3_220.jpg
포인티드 칼라 램스킨 자켓 BLACK,https://www.musinsa.com/app/goods/2059934,//image.msscdn.net/images/goods_img/20210812/2059934/2059934_2_220.jpg
라인 스모크 레더 자켓 [SMOKE BROWN],https://www.musinsa.com/app/goods/2322887,//image.msscdn.net/images/goods_img/20220124/2322887/2322887_1_220.jpg
카우하이드 100 라이더 자켓,https://www.musinsa.com/app/goods/950533,//image.msscdn.net/images/goods_img/20190212/950533/950533_2_220.jpg
오버핏 램스킨 블루종 자켓,https://www.musinsa.com/app/goods/1744407,//image.msscdn.net/images/goods_img/20210112/1744407/1744407_4_220.jpg
9042 비건레더 오버핏점퍼_블랙,https://www.musinsa.com/app/goods/2290370,//image.msscdn.net/images/goods_img/20220104/2290370/2290370_4_220.jpg
Overfit leather crop blouson,https://www.musinsa.com/app/goods/1277329,//image.msscdn.net/images/goods_img/20200121/1277329/1277329_1_220.jpg
컨템포러리 카고 포켓 크롭 블루종 레더 자켓 블랙 COOSJK018LE.BLACK,https://www.musinsa.com/app/goods/2128028,//image.msscdn.net/images/goods_img/20210913/2128028/2128028_5_220.jpg
유스 라이더스 자켓 (블랙),https://www.musinsa.com/app/goods/938606,//image.msscdn.net/images/goods_img/20190123/938606/938606_8_220.jpg
라이더스 자켓 램 레더 (블랙),https://www.musinsa.com/app/goods/475009,//image.msscdn.net/images/goods_img/20170123/475009/475009_11_220.jpg
버핑레더 스티치 A-2 자켓_Black,https://www.musinsa.com/app/goods/2293372,//image.msscdn.net/images/goods_img/20220105/2293372/2293372_3_220.jpg
[비건레더]오버핏 싱글 레더 라이더 자켓 _BLACK,https://www.musinsa.com/app/goods/2184668,//image.msscdn.net/images/goods_img/20211018/2184668/2184668_2_220.jpg
오버핏 비건레더 보머 자켓 (브라운),https://www.musinsa.com/app/goods/2087767,//image.msscdn.net/images/goods_img/20210825/2087767/2087767_2_220.jpg
UNISEX Western Suede Zip-up Jacket [Brown],https://www.musinsa.com/app/goods/2371620,//image.msscdn.net/images/goods_img/20220218/2371620/2371620_1_220.jpg
비건 레더 절개 자켓 - 블랙,https://www.musinsa.com/app/goods/2092079,//image.msscdn.net/images/goods_img/20210826/2092079/2092079_5_220.jpg
빈티지 워시드 레더 크롭 자켓 [블랙],https://www.musinsa.com/app/goods/2370284,//image.msscdn.net/images/goods_img/20220218/2370284/2370284_1_220.jpg
버핑레더 히든 버튼 자켓_Brown,https://www.musinsa.com/app/goods/2293386,//image.msscdn.net/images/goods_img/20220105/2293386/2293386_3_220.jpg
[프리미엄] 램스킨 베지터블 싱글 자켓,https://www.musinsa.com/app/goods/1744433,//image.msscdn.net/images/goods_img/20210112/1744433/1744433_1_220.jpg
카우하이드 차이나칼라 자켓,https://www.musinsa.com/app/goods/406532,//image.msscdn.net/images/goods_img/20160906/406532/406532_1_220.jpg
[도프제이슨 X 인사일런스] 램스킨 크롭 바시티 자켓,https://www.musinsa.com/app/goods/2087906,//image.msscdn.net/images/goods_img/20210825/2087906/2087906_2_220.jpg
미니멀 레더 자켓_블랙,https://www.musinsa.com/app/goods/2343720,//image.msscdn.net/images/goods_img/20220207/2343720/2343720_1_220.jpg
SENSUAL DENIM RIDER JACKET INDIGO,https://www.musinsa.com/app/goods/2039438,//image.msscdn.net/images/goods_img/20210723/2039438/2039438_1_220.jpg
오버핏 램스킨 봄버 점퍼,https://www.musinsa.com/app/goods/1576679,//image.msscdn.net/images/goods_img/20200901/1576679/1576679_3_220.jpg
[유아인 착용 상품] 램스킨 오버사이즈 싱글 재킷 [블랙],https://www.musinsa.com/app/goods/2086699,//image.msscdn.net/images/goods_img/20210825/2086699/2086699_4_220.jpg
[Woman]버핑레더 하프 트러커 자켓_Black,https://www.musinsa.com/app/goods/2313944,//image.msscdn.net/images/goods_img/20220118/2313944/2313944_2_220.jpg
빈티지 워시드 레더 크롭 자켓 [브라운],https://www.musinsa.com/app/goods/2370285,//image.msscdn.net/images/goods_img/20220218/2370285/2370285_1_220.jpg
[프리미엄] 램스킨 베지터블 100 라이더 자켓,https://www.musinsa.com/app/goods/1744432,//image.msscdn.net/images/goods_img/20210112/1744432/1744432_1_220.jpg
Western Savage Jacket (Brown),https://www.musinsa.com/app/goods/2347893,//image.msscdn.net/images/goods_img/20220208/2347893/2347893_4_220.jpg
MEN 오버핏 마일드레더 라이더자켓 [벨트탈부착],https://www.musinsa.com/app/goods/1310957,//image.msscdn.net/images/goods_img/20200219/1310957/1310957_1_220.jpg
램스킨 싱글 라이더 자켓,https://www.musinsa.com/app/goods/948763,//image.msscdn.net/images/goods_img/20190208/948763/948763_7_220.jpg
JANIS RIDERS JACKET JA [BLACK],https://www.musinsa.com/app/goods/397749,//image.msscdn.net/images/goods_img/20160822/397749/397749_3_220.jpg
BOY FIT POCKET LEATHER JACKET IN BROWN,https://www.musinsa.com/app/goods/2059781,//image.msscdn.net/images/goods_img/20210812/2059781/2059781_1_220.jpg
[ITALY] 베지터블 램스킨 자켓 BUTTER BEIGE,https://www.musinsa.com/app/goods/2383621,//image.msscdn.net/images/goods_img/20220224/2383621/2383621_2_220.jpg
[정호연 착용] [NF] 미니멀 크롭 레더 자켓 (BLK)_F21ZA233,https://www.musinsa.com/app/goods/2155623,//image.msscdn.net/images/goods_img/20210930/2155623/2155623_4_220.jpg
