[피로pick] TAG KEEP HOODIE - BLACK,https://www.musinsa.com/app/goods/2058188,//image.msscdn.net/images/goods_img/20210811/2058188/2058188_10_220.jpg
[피로pick] TAG KEEP HOODIE - ASH,https://www.musinsa.com/app/goods/1574201,//image.msscdn.net/images/goods_img/20200901/1574201/1574201_5_220.jpg
Arch Logo Hoodie Navy,https://www.musinsa.com/app/goods/1583547,//image.msscdn.net/images/goods_img/20200903/1583547/1583547_1_220.jpg
T-Logo Hoodie Dark Navy,https://www.musinsa.com/app/goods/2115555,//image.msscdn.net/images/goods_img/20210908/2115555/2115555_2_220.jpg
미시간 울버린 피그먼트 후드티 블랙 차콜,https://www.musinsa.com/app/goods/2099882,//image.msscdn.net/images/goods_img/20210831/2099882/2099882_1_220.jpg
PAISLEY TAG HOODIE - MELANGE GREY,https://www.musinsa.com/app/goods/2058191,//image.msscdn.net/images/goods_img/20210811/2058191/2058191_2_220.jpg
COLLEGE LOGO HOODIE BLACK(MG2BSMM401A),https://www.musinsa.com/app/goods/1742320,//image.msscdn.net/images/goods_img/20210111/1742320/1742320_1_220.jpg
[논기모] 크레용 로고 후디_라이트그레이(NG2CSUM404A),https://www.musinsa.com/app/goods/2316834,//image.msscdn.net/images/goods_img/20220120/2316834/2316834_2_220.jpg
(non 기모)[NIHD004-3] 앤젤캣 후드 - 오트밀,https://www.musinsa.com/app/goods/2400852,//image.msscdn.net/images/goods_img/20220307/2400852/2400852_1_220.jpg
스포츠웨어 클럽 플리스 풀오버 후디 (블랙),https://www.musinsa.com/app/goods/2219410,//image.msscdn.net/images/goods_img/20211105/2219410/2219410_1_220.jpg
BIG LOGO HOODIE - BLACK,https://www.musinsa.com/app/goods/1526143,//image.msscdn.net/images/goods_img/20200724/1526143/1526143_6_220.jpg
ODSD 로고 아플리케 후드 - 8COLOR,https://www.musinsa.com/app/goods/1584097,//image.msscdn.net/images/goods_img/20200904/1584097/1584097_3_220.jpg
WIRE ANRACHY HOODIE BLACK,https://www.musinsa.com/app/goods/2178838,//image.msscdn.net/images/goods_img/20211014/2178838/2178838_1_220.jpg
CIRCLE LOGO HOODIE [BEIGE],https://www.musinsa.com/app/goods/2179624,//image.msscdn.net/images/goods_img/20211014/2179624/2179624_1_220.jpg
PHYPS® CAPTAIN BEAR HOODIE NAVY,https://www.musinsa.com/app/goods/2250990,//image.msscdn.net/images/goods_img/20211129/2250990/2250990_21_220.jpg
로그 오버핏 기모 후드 그레이 YHHD2302,https://www.musinsa.com/app/goods/1615829,//image.msscdn.net/images/goods_img/20200922/1615829/1615829_1_220.jpg
COLLEGE LOGO HOODIE NAVY(MG2BSMM401A),https://www.musinsa.com/app/goods/1742318,//image.msscdn.net/images/goods_img/20210111/1742318/1742318_2_220.jpg
웨이브 그래픽 후드_그레이,https://www.musinsa.com/app/goods/2192743,//image.msscdn.net/images/goods_img/20211021/2192743/2192743_3_220.jpg
Flag Zip Up Hoodie Gun metal,https://www.musinsa.com/app/goods/2141679,//image.msscdn.net/images/goods_img/20210922/2141679/2141679_1_220.jpg
우먼즈 크롭 베어프렌즈 엠보자수 후드 오트밀(FCB3TS359W),https://www.musinsa.com/app/goods/2246471,//image.msscdn.net/images/goods_img/20211124/2246471/2246471_2_220.jpg
PHYPS® BEARS BASKETBALL DIET HOODIE GRAY,https://www.musinsa.com/app/goods/2105054,//image.msscdn.net/images/goods_img/20210902/2105054/2105054_5_220.jpg
COLLEGE LOGO HOODIE LIGHT GREY(MG2BSMM401A),https://www.musinsa.com/app/goods/1742319,//image.msscdn.net/images/goods_img/20210111/1742319/1742319_3_220.jpg
COLLEGE LOGO HOODIE GREY(MG2BSMM401A),https://www.musinsa.com/app/goods/1742321,//image.msscdn.net/images/goods_img/20210111/1742321/1742321_2_220.jpg
NAVAL Academy Heavy Weight Hoodie Grey,https://www.musinsa.com/app/goods/971809,//image.msscdn.net/images/goods_img/20190305/971809/971809_2_220.jpg
[주헌 착용] BC 아치 로고 후드 B21FT04GY [쭈리 / 기모],https://www.musinsa.com/app/goods/2058491,//image.msscdn.net/images/goods_img/20210811/2058491/2058491_3_220.jpg
[논기모] 크레용 로고 후디_블랙(NG2CSUM404A),https://www.musinsa.com/app/goods/2316833,//image.msscdn.net/images/goods_img/20220120/2316833/2316833_1_220.jpg
부클 아치로고 배색 후드 라이트 그레이,https://www.musinsa.com/app/goods/2139025,//image.msscdn.net/images/goods_img/20210917/2139025/2139025_2_220.jpg
KOREAN FLOWER LOGO 후드티 - 오렌지,https://www.musinsa.com/app/goods/2069146,//image.msscdn.net/images/goods_img/20210818/2069146/2069146_1_220.jpg
S700 파워블랜드 풀오버 무지 후드티,https://www.musinsa.com/app/goods/284945,//image.msscdn.net/images/goods_img/20151125/284945/284945_18_220.jpg
IVY LEAGUE HOODIE NAVY,https://www.musinsa.com/app/goods/1655886,//image.msscdn.net/images/goods_img/20201020/1655886/1655886_3_220.jpg
오버핏 베네핏 로고 후디-그레이,https://www.musinsa.com/app/goods/2184655,//image.msscdn.net/images/goods_img/20211018/2184655/2184655_1_220.jpg
UNISEX LAUREL OVERSIZED HOODIE CREAM,https://www.musinsa.com/app/goods/1211177,//image.msscdn.net/images/goods_img/20191103/1211177/1211177_10_220.jpg
미드나잇 후드 블랙 MJHD7447,https://www.musinsa.com/app/goods/1738716,//image.msscdn.net/images/goods_img/20210107/1738716/1738716_1_220.jpg
Self-portrait 오버핏 기모 후드 티셔츠 AHP807 (oatmeal),https://www.musinsa.com/app/goods/2093212,//image.msscdn.net/images/goods_img/20210827/2093212/2093212_1_220.jpg
섹션 후드 블루그레이 YMHD6556,https://www.musinsa.com/app/goods/1327371,//image.msscdn.net/images/goods_img/20200228/1327371/1327371_1_220.jpg
오리지널무지[기모] 루즈핏 후드 블랙 OGHD1934,https://www.musinsa.com/app/goods/2144045,//image.msscdn.net/images/goods_img/20210924/2144045/2144045_1_220.jpg
Arch Logo Hoodie Black,https://www.musinsa.com/app/goods/1583546,//image.msscdn.net/images/goods_img/20200903/1583546/1583546_1_220.jpg
(YALE HEAVYWEIGHT) MIXED HOODIE NAVY,https://www.musinsa.com/app/goods/1717771,//image.msscdn.net/images/goods_img/20201209/1717771/1717771_1_220.jpg
Oval Printing Logo Hoodie [Navy],https://www.musinsa.com/app/goods/2247222,//image.msscdn.net/images/goods_img/20211125/2247222/2247222_1_220.jpg
Oval Printing Logo Hoodie [Gray],https://www.musinsa.com/app/goods/2247238,//image.msscdn.net/images/goods_img/20211125/2247238/2247238_1_220.jpg
CEREMONY LAUREL HOODIE_SKY BLUE,https://www.musinsa.com/app/goods/1547070,//image.msscdn.net/images/goods_img/20200812/1547070/1547070_4_220.jpg
유니섹스 레귤러핏 어센틱 로고 후드-블랙,https://www.musinsa.com/app/goods/1676840,//image.msscdn.net/images/goods_img/20201103/1676840/1676840_3_220.jpg
유니섹스 레귤러핏 어센틱 로고 후드-그레이,https://www.musinsa.com/app/goods/1676836,//image.msscdn.net/images/goods_img/20201103/1676836/1676836_3_220.jpg
12500 USA핏 무지 후드티,https://www.musinsa.com/app/goods/471939,//image.msscdn.net/images/goods_img/20170113/471939/471939_2_220.jpg
어센틱 로고 후디 라이트 그레이,https://www.musinsa.com/app/goods/2151733,//image.msscdn.net/images/goods_img/20210928/2151733/2151733_1_220.jpg
939 LOGO HOOD (BLUE),https://www.musinsa.com/app/goods/1554659,//image.msscdn.net/images/goods_img/20200819/1554659/1554659_1_220.jpg
Arch Logo Hoodie Grey,https://www.musinsa.com/app/goods/2115392,//image.msscdn.net/images/goods_img/20210908/2115392/2115392_1_220.jpg
[패키지] 하비스트 오버핏 기모 후드 2PACK OYHD2393,https://www.musinsa.com/app/goods/2115265,//image.msscdn.net/images/goods_img/20210908/2115265/2115265_1_220.jpg
하비스트 오버핏 기모 후드 차콜 OYHD2393,https://www.musinsa.com/app/goods/2115266,//image.msscdn.net/images/goods_img/20210908/2115266/2115266_1_220.jpg
[패키지] 로그 오버핏 기모 후드 7종 2Pack YHHD2302,https://www.musinsa.com/app/goods/1615818,//image.msscdn.net/images/goods_img/20200922/1615818/1615818_2_220.jpg
Signiture Basic Logo Hoodie [Gray],https://www.musinsa.com/app/goods/2247213,//image.msscdn.net/images/goods_img/20211125/2247213/2247213_1_220.jpg
스투시 후디드 스트라이프 럭비 (레드) 1140027,https://www.musinsa.com/app/goods/663272,//image.msscdn.net/images/goods_img/20171101/663272/663272_1_220.jpg
Signiture Basic Logo Hoodie [Black],https://www.musinsa.com/app/goods/2247212,//image.msscdn.net/images/goods_img/20211125/2247212/2247212_1_220.jpg
UNISEX OVERFIT G.G HOODIE LIGHT GREY,https://www.musinsa.com/app/goods/1216346,//image.msscdn.net/images/goods_img/20191107/1216346/1216346_1_220.jpg
21 스프레이후드 LIGHTGREY,https://www.musinsa.com/app/goods/2113087,//image.msscdn.net/images/goods_img/20210907/2113087/2113087_1_220.jpg
아크 로고 후디 (네이비),https://www.musinsa.com/app/goods/1676080,//image.msscdn.net/images/goods_img/20201103/1676080/1676080_1_220.jpg
Flag Zip Up Hoodie Ecru,https://www.musinsa.com/app/goods/2141677,//image.msscdn.net/images/goods_img/20210922/2141677/2141677_1_220.jpg
[기모] mmM 일러스트 타투 후드 헤비오버핏 그레이,https://www.musinsa.com/app/goods/693682,//image.msscdn.net/images/goods_img/20171228/693682/693682_1_220.jpg
HOOP HOODIE BLACK(MG2AFMM408A),https://www.musinsa.com/app/goods/1526846,//image.msscdn.net/images/goods_img/20200724/1526846/1526846_1_220.jpg
BASIC LOGO HOODIE OATMEAL(MG2BSMM400A),https://www.musinsa.com/app/goods/1743482,//image.msscdn.net/images/goods_img/20210111/1743482/1743482_2_220.jpg
939 LOGO HOOD (DEEP RED),https://www.musinsa.com/app/goods/1554656,//image.msscdn.net/images/goods_img/20200819/1554656/1554656_1_220.jpg
[NSTK] NSTK 0822 기모 후디 (NAVY)_K21ZB507,https://www.musinsa.com/app/goods/2149555,//image.msscdn.net/images/goods_img/20210928/2149555/2149555_1_220.jpg
950g 오리지널무지 기모후드 OGHD1931,https://www.musinsa.com/app/goods/242972,//image.msscdn.net/images/goods_img/20150901/242972/242972_11_220.jpg
C-Logo Hoodie Grey,https://www.musinsa.com/app/goods/2085891,//image.msscdn.net/images/goods_img/20210825/2085891/2085891_1_220.jpg
KOREAN FLOWER LOGO 후드티 - 그레이,https://www.musinsa.com/app/goods/2069125,//image.msscdn.net/images/goods_img/20210818/2069125/2069125_1_220.jpg
미시간 울버린 피그먼트 후드티 다크 블루,https://www.musinsa.com/app/goods/2099880,//image.msscdn.net/images/goods_img/20210831/2099880/2099880_1_220.jpg
오버핏 드라이컬러 로고 후디-그린,https://www.musinsa.com/app/goods/2189682,//image.msscdn.net/images/goods_img/20211020/2189682/2189682_3_220.jpg
[기모] 세렌디피티 자수 후드 스카이그레이,https://www.musinsa.com/app/goods/2227245,//image.msscdn.net/images/goods_img/20211111/2227245/2227245_1_220.jpg
THE WITCH’s Heavy Weight Fleece Hoodie - Black,https://www.musinsa.com/app/goods/2288872,//image.msscdn.net/images/goods_img/20220103/2288872/2288872_1_220.jpg
하비스트 오버핏 기모 후드 네이비 OYHD2393,https://www.musinsa.com/app/goods/2115271,//image.msscdn.net/images/goods_img/20210908/2115271/2115271_1_220.jpg
[SET] 로럴골든 후드티 조거팬츠 셋업_(5color),https://www.musinsa.com/app/goods/2144379,//image.msscdn.net/images/goods_img/20210924/2144379/2144379_9_220.jpg
미드나잇 후드 그레이 MJHD7447,https://www.musinsa.com/app/goods/1738718,//image.msscdn.net/images/goods_img/20210107/1738718/1738718_1_220.jpg
22 시티즌 후드티 화이트 멜란지,https://www.musinsa.com/app/goods/2330233,//image.msscdn.net/images/goods_img/20220126/2330233/2330233_1_220.jpg
T-Logo Hoodie Blue,https://www.musinsa.com/app/goods/2115554,//image.msscdn.net/images/goods_img/20210908/2115554/2115554_2_220.jpg
TAG TO HOODIE - BLUEGREEN,https://www.musinsa.com/app/goods/2058187,//image.msscdn.net/images/goods_img/20210811/2058187/2058187_2_220.jpg
21 스프레이후드 BLACK,https://www.musinsa.com/app/goods/2113083,//image.msscdn.net/images/goods_img/20210907/2113083/2113083_1_220.jpg
BIG DAISY LOGO 후드티 - 네이비,https://www.musinsa.com/app/goods/1584000,//image.msscdn.net/images/goods_img/20200904/1584000/1584000_1_220.jpg
레터링 타투 후드 기모 블랙,https://www.musinsa.com/app/goods/421550,//image.msscdn.net/images/goods_img/20160930/421550/421550_2_220.jpg
월계수 자수 후드 라이트그레이,https://www.musinsa.com/app/goods/1898521,//image.msscdn.net/images/goods_img/20210414/1898521/1898521_5_220.jpg
피치스킨 벌룬오버 후드 - 그린,https://www.musinsa.com/app/goods/2109940,//image.msscdn.net/images/goods_img/20210906/2109940/2109940_1_220.jpg
[김희진 선수 X 로맨틱크라운]네버 세이 네버 후디_블랙,https://www.musinsa.com/app/goods/2123112,//image.msscdn.net/images/goods_img/20210910/2123112/2123112_2_220.jpg
미시간 울버린 피그먼트 후드티 고스트 그레이,https://www.musinsa.com/app/goods/2099881,//image.msscdn.net/images/goods_img/20210831/2099881/2099881_1_220.jpg
V.S.C HOOD SWEAT_MARYS_BLACK,https://www.musinsa.com/app/goods/1667891,//image.msscdn.net/images/goods_img/20201028/1667891/1667891_1_220.jpg
PHYPS® CAPTAIN BEAR HOODIE CHARCOAL,https://www.musinsa.com/app/goods/2250991,//image.msscdn.net/images/goods_img/20211129/2250991/2250991_11_220.jpg
[논기모] 구미 베어 & 로고 후디_차콜(NG2CSUM402A),https://www.musinsa.com/app/goods/2295703,//image.msscdn.net/images/goods_img/20220106/2295703/2295703_1_220.jpg
(non 기모)[NIHD004-1] 앤젤캣 후드 - 블랙,https://www.musinsa.com/app/goods/2400827,//image.msscdn.net/images/goods_img/20220307/2400827/2400827_1_220.jpg
COLLEGE LOGO HOODIE GREEN(MG2BSMM401A),https://www.musinsa.com/app/goods/2056437,//image.msscdn.net/images/goods_img/20210810/2056437/2056437_1_220.jpg
939 LOGO HOOD (DARK GRAY),https://www.musinsa.com/app/goods/1554658,//image.msscdn.net/images/goods_img/20200819/1554658/1554658_1_220.jpg
더블로고 스포츠 후디,https://www.musinsa.com/app/goods/2109505,//image.msscdn.net/images/goods_img/20210906/2109505/2109505_2_220.png
[기모] 로고&스마일리 후디_블랙(IK2BFMM402A),https://www.musinsa.com/app/goods/1541848,//image.msscdn.net/images/goods_img/20200807/1541848/1541848_1_220.jpg
