쿨맥스 카라 반팔 니트 [네이비],https://www.musinsa.com/app/goods/2594496,//image.msscdn.net/images/goods_img/20220601/2594496/2594496_1_220.jpg
쿨맥스 라인 카라 반팔 니트 [화이트],https://www.musinsa.com/app/goods/2594490,//image.msscdn.net/images/goods_img/20220601/2594490/2594490_1_220.jpg
쿨맥스 카라 반팔 니트 [베이지],https://www.musinsa.com/app/goods/2594497,//image.msscdn.net/images/goods_img/20220601/2594497/2594497_1_220.jpg
메쉬 카라 반팔 니트 [화이트],https://www.musinsa.com/app/goods/2594851,//image.msscdn.net/images/goods_img/20220602/2594851/2594851_1_220.jpg
메쉬 카라 반팔 니트 [블랙],https://www.musinsa.com/app/goods/2594850,//image.msscdn.net/images/goods_img/20220602/2594850/2594850_1_220.jpg
쿨맥스 라인 카라 반팔 니트 [블랙],https://www.musinsa.com/app/goods/2594489,//image.msscdn.net/images/goods_img/20220601/2594489/2594489_1_220.jpg
쿨맥스 라인 카라 반팔 니트 [카키],https://www.musinsa.com/app/goods/2594491,//image.msscdn.net/images/goods_img/20220601/2594491/2594491_1_220.jpg
쿨맥스 카라 반팔 니트 [화이트],https://www.musinsa.com/app/goods/2594495,//image.msscdn.net/images/goods_img/20220601/2594495/2594495_1_220.jpg
쿨맥스 카라 반팔 니트 [블랙],https://www.musinsa.com/app/goods/2594494,//image.msscdn.net/images/goods_img/20220601/2594494/2594494_1_220.jpg
쿨맥스 카라 반팔 니트 [페어그린],https://www.musinsa.com/app/goods/2594498,//image.msscdn.net/images/goods_img/20220601/2594498/2594498_1_220.jpg
쿨맥스 라운드 반팔 니트 [블랙],https://www.musinsa.com/app/goods/2594419,//image.msscdn.net/images/goods_img/20220601/2594419/2594419_1_220.jpg
쿨맥스 오픈카라 반팔 니트 [블랙],https://www.musinsa.com/app/goods/2594416,//image.msscdn.net/images/goods_img/20220601/2594416/2594416_1_220.jpg
펀칭 카라 스카시 반팔 니트 [그린],https://www.musinsa.com/app/goods/2594848,//image.msscdn.net/images/goods_img/20220602/2594848/2594848_1_220.jpg
펀칭 카라 스카시 반팔 니트 [블랙],https://www.musinsa.com/app/goods/2594847,//image.msscdn.net/images/goods_img/20220602/2594847/2594847_1_220.jpg
메쉬 카라 반팔 니트 [베이지],https://www.musinsa.com/app/goods/2594849,//image.msscdn.net/images/goods_img/20220602/2594849/2594849_1_220.jpg
메쉬 썸머 니트 롱슬리브 [블랙],https://www.musinsa.com/app/goods/2594395,//image.msscdn.net/images/goods_img/20220601/2594395/2594395_1_220.jpg
쿨맥스 오픈카라 반팔 니트 [베이지],https://www.musinsa.com/app/goods/2594417,//image.msscdn.net/images/goods_img/20220601/2594417/2594417_1_220.jpg
쿨맥스 라운드 반팔 니트 [네이비],https://www.musinsa.com/app/goods/2594421,//image.msscdn.net/images/goods_img/20220601/2594421/2594421_1_220.jpg
쿨맥스 라운드 반팔 니트 [화이트],https://www.musinsa.com/app/goods/2594420,//image.msscdn.net/images/goods_img/20220601/2594420/2594420_1_220.jpg
네트 펀칭 니트 롱슬리브 [아이보리],https://www.musinsa.com/app/goods/2594407,//image.msscdn.net/images/goods_img/20220601/2594407/2594407_1_220.jpg
메쉬 썸머 니트 롱슬리브 [화이트],https://www.musinsa.com/app/goods/2594396,//image.msscdn.net/images/goods_img/20220601/2594396/2594396_1_220.jpg
쿨맥스 라운드 반팔 니트 [페어그린],https://www.musinsa.com/app/goods/2594422,//image.msscdn.net/images/goods_img/20220601/2594422/2594422_1_220.jpg
메쉬 썸머 니트 롱슬리브 [그레이],https://www.musinsa.com/app/goods/2594397,//image.msscdn.net/images/goods_img/20220601/2594397/2594397_1_220.jpg
네트 펀칭 니트 롱슬리브 [블랙],https://www.musinsa.com/app/goods/2594406,//image.msscdn.net/images/goods_img/20220601/2594406/2594406_1_220.jpg
쿨맥스 브이넥 반팔 니트 [블랙],https://www.musinsa.com/app/goods/2594411,//image.msscdn.net/images/goods_img/20220601/2594411/2594411_1_220.jpg
쿨맥스 브이넥 반팔 니트 [화이트],https://www.musinsa.com/app/goods/2594412,//image.msscdn.net/images/goods_img/20220601/2594412/2594412_1_220.jpg
쿨맥스 오픈카라 반팔 니트 [화이트],https://www.musinsa.com/app/goods/2594418,//image.msscdn.net/images/goods_img/20220601/2594418/2594418_1_220.jpg
울 오버핏 브이넥 니트 [그레이],https://www.musinsa.com/app/goods/2594372,//image.msscdn.net/images/goods_img/20220601/2594372/2594372_1_220.jpg
크루넥 라운드 니트 티 [베이지],https://www.musinsa.com/app/goods/2594383,//image.msscdn.net/images/goods_img/20220601/2594383/2594383_1_220.jpg
울 오버핏 브이넥 니트 [올리브],https://www.musinsa.com/app/goods/2594373,//image.msscdn.net/images/goods_img/20220601/2594373/2594373_1_220.jpg
크루넥 라운드 니트 티 [화이트],https://www.musinsa.com/app/goods/2594384,//image.msscdn.net/images/goods_img/20220601/2594384/2594384_1_220.jpg
울 오버핏 브이넥 니트 [블랙],https://www.musinsa.com/app/goods/2594371,//image.msscdn.net/images/goods_img/20220601/2594371/2594371_1_220.jpg
크루넥 라운드 니트 티 [블랙],https://www.musinsa.com/app/goods/2594382,//image.msscdn.net/images/goods_img/20220601/2594382/2594382_1_220.jpg
린넨 라이크 카라 하프 니트 - 8 COLOR,https://www.musinsa.com/app/goods/1954316,//image.msscdn.net/images/goods_img/20210517/1954316/1954316_4_220.jpg
부클 카라 반팔 니트 - 5 COLOR,https://www.musinsa.com/app/goods/2487717,//image.msscdn.net/images/goods_img/20220414/2487717/2487717_2_220.jpg
BUTTER CREAM KNIT HALF SHIRTS,https://www.musinsa.com/app/goods/1842348,//image.msscdn.net/images/goods_img/20210312/1842348/1842348_2_220.jpg
000 Black Knit Plain Pattern Button Collar Shirts,https://www.musinsa.com/app/goods/2469000,//image.msscdn.net/images/goods_img/20220406/2469000/2469000_1_220.jpg
XTK016 대퍼딜 꽈배기 니트 (KHAKI),https://www.musinsa.com/app/goods/1942725,//image.msscdn.net/images/goods_img/20210510/1942725/1942725_1_220.jpg
FISHERMAN SUMMER KNITWEAR_CREAM,https://www.musinsa.com/app/goods/2467590,//image.msscdn.net/images/goods_img/20220405/2467590/2467590_2_220.jpg
XTK016 대퍼딜 꽈배기 니트 (NAVY),https://www.musinsa.com/app/goods/2030178,//image.msscdn.net/images/goods_img/20210715/2030178/2030178_1_220.jpg
[WOOL LIKE] 이레귤러 스트라이프 니트 베스트_민트그린,https://www.musinsa.com/app/goods/2368775,//image.msscdn.net/images/goods_img/20220217/2368775/2368775_7_220.jpg
XTK016 대퍼딜 꽈배기 니트 (BLACK),https://www.musinsa.com/app/goods/2474966,//image.msscdn.net/images/goods_img/20220407/2474966/2474966_2_220.jpg
포멀릭 리브드 티셔츠 [BLACK],https://www.musinsa.com/app/goods/2510169,//image.msscdn.net/images/goods_img/20220422/2510169/2510169_2_220.jpg
이비자 코스트 시트론 레트로 네츄럴 메쉬 니트 씨블루,https://www.musinsa.com/app/goods/2560614,//image.msscdn.net/images/goods_img/20220516/2560614/2560614_1_220.jpg
XTK016 대퍼딜 꽈배기 니트 (BRICK),https://www.musinsa.com/app/goods/1942699,//image.msscdn.net/images/goods_img/20210510/1942699/1942699_1_220.jpg
에어리 오픈 카라 반팔 니트 [BLACK],https://www.musinsa.com/app/goods/1925477,//image.msscdn.net/images/goods_img/20210428/1925477/1925477_2_220.jpg
케이블 카라 반팔 니트 - 5 COLOR,https://www.musinsa.com/app/goods/2575342,//image.msscdn.net/images/goods_img/20220523/2575342/2575342_1_220.jpg
버튼 린넨 칼라 니트_라이트그린,https://www.musinsa.com/app/goods/2552172,//image.msscdn.net/images/goods_img/20220511/2552172/2552172_1_220.jpg
[미나브X깡스타일리스트] 코튼모달 미니멀 와플 하프니트 [스카이블루],https://www.musinsa.com/app/goods/2477598,//image.msscdn.net/images/goods_img/20220408/2477598/2477598_1_220.jpg
포멀릭 리브드 티셔츠 [BROWN],https://www.musinsa.com/app/goods/2510176,//image.msscdn.net/images/goods_img/20220422/2510176/2510176_2_220.jpg
볼드 메쉬 칼라 니트_블루,https://www.musinsa.com/app/goods/2552146,//image.msscdn.net/images/goods_img/20220511/2552146/2552146_1_220.jpg
XTK031 펀칭 반팔 니트 가디건 (BLUE),https://www.musinsa.com/app/goods/2474939,//image.msscdn.net/images/goods_img/20220407/2474939/2474939_1_220.jpg
에어리 집업 카라 반팔 니트 [BLACK],https://www.musinsa.com/app/goods/2499378,//image.msscdn.net/images/goods_img/20220419/2499378/2499378_1_220.jpg
WOMENS HERITAGE UNIVERSITY DAN CABLE KNIT TEE IVORY,https://www.musinsa.com/app/goods/2490472,//image.msscdn.net/images/goods_img/20220414/2490472/2490472_1_220.jpg
린넨 라이크 오버핏 카라 슬리브 하프 반팔 니트 [스카이블루],https://www.musinsa.com/app/goods/2590888,//image.msscdn.net/images/goods_img/20220530/2590888/2590888_1_220.jpg
쿨 썸머 에센셜 라운드 반팔 니트티 GREEN,https://www.musinsa.com/app/goods/2525466,//image.msscdn.net/images/goods_img/20220428/2525466/2525466_1_220.jpg
에어리 오픈 카라 반팔 니트 [NAVY],https://www.musinsa.com/app/goods/2499341,//image.msscdn.net/images/goods_img/20220419/2499341/2499341_1_220.jpg
볼드 메쉬 칼라 니트_그린,https://www.musinsa.com/app/goods/2552141,//image.msscdn.net/images/goods_img/20220511/2552141/2552141_1_220.jpg
SAINT BLACK KNIT HALF SHIRTS,https://www.musinsa.com/app/goods/1842350,//image.msscdn.net/images/goods_img/20210312/1842350/1842350_4_220.jpg
루나 부클 칼라 니트 atb752m(BLACK),https://www.musinsa.com/app/goods/2523650,//image.msscdn.net/images/goods_img/20220427/2523650/2523650_1_220.jpg
에어리 라운드 반팔 니트 [SKY BLUE],https://www.musinsa.com/app/goods/1925444,//image.msscdn.net/images/goods_img/20210428/1925444/1925444_4_220.jpg
플랙스 라운드 니트 반팔 블랙,https://www.musinsa.com/app/goods/1936829,//image.msscdn.net/images/goods_img/20210504/1936829/1936829_5_220.jpg
에어리 오픈 카라 반팔 니트 [OATBEIGE],https://www.musinsa.com/app/goods/1925478,//image.msscdn.net/images/goods_img/20210428/1925478/1925478_2_220.jpg
다니엘 오픈 카라 니트 반팔 베이지,https://www.musinsa.com/app/goods/1943270,//image.msscdn.net/images/goods_img/20210510/1943270/1943270_1_220.jpg
유니섹스 브이넥 니트 베스트 그레이,https://www.musinsa.com/app/goods/1293408,//image.msscdn.net/images/goods_img/20200206/1293408/1293408_11_220.jpg
쿨썸머 린넨 니트 - 5 COLOR,https://www.musinsa.com/app/goods/2459209,//image.msscdn.net/images/goods_img/20220331/2459209/2459209_1_220.jpg
쿨 썸머 에센셜 라운드 반팔 니트티 BLACK,https://www.musinsa.com/app/goods/2423042,//image.msscdn.net/images/goods_img/20220316/2423042/2423042_1_220.jpg
[패키지] 쿨니트 카라 니트 반팔 패키지 ISP027,https://www.musinsa.com/app/goods/2550257,//image.msscdn.net/images/goods_img/20220510/2550257/2550257_5_220.jpg
FISHERMAN SUMMER KNITWEAR_BLACK,https://www.musinsa.com/app/goods/2467589,//image.msscdn.net/images/goods_img/20220405/2467589/2467589_2_220.jpg
칼라 프린지 트리 하프 슬리브 니트_네이비,https://www.musinsa.com/app/goods/2482724,//image.msscdn.net/images/goods_img/20220412/2482724/2482724_1_220.jpg
[우먼즈] 케이블 니트 슬리브리스 스웨터 - 화이트,https://www.musinsa.com/app/goods/2457469,//image.msscdn.net/images/goods_img/20220330/2457469/2457469_2_220.jpg
네트 카라 하프 니트_크림,https://www.musinsa.com/app/goods/2437073,//image.msscdn.net/images/goods_img/20220322/2437073/2437073_2_220.jpg
에어리 오픈 카라 반팔 니트 [DARK BROWN],https://www.musinsa.com/app/goods/1925479,//image.msscdn.net/images/goods_img/20210428/1925479/1925479_2_220.jpg
[WOOL LIKE] 이레귤러 스트라이프 니트 베스트_네이비,https://www.musinsa.com/app/goods/2368787,//image.msscdn.net/images/goods_img/20220217/2368787/2368787_1_220.jpg
에어리 라운드 반팔 니트 [BLACK],https://www.musinsa.com/app/goods/1925442,//image.msscdn.net/images/goods_img/20210428/1925442/1925442_2_220.jpg
[22SS clove] Round Neck Knit_Women (Blue),https://www.musinsa.com/app/goods/2499539,//image.msscdn.net/images/goods_img/20220419/2499539/2499539_2_220.jpg
카라 반팔 니트_블랙_KN089,https://www.musinsa.com/app/goods/2458089,//image.msscdn.net/images/goods_img/20220331/2458089/2458089_1_220.jpg
000 Navy Knit Plain Pattern Button Collar Shirts,https://www.musinsa.com/app/goods/2468840,//image.msscdn.net/images/goods_img/20220406/2468840/2468840_2_220.jpg
000 Cream Knit Plain Pattern Button Collar Shirts,https://www.musinsa.com/app/goods/2469011,//image.msscdn.net/images/goods_img/20220406/2469011/2469011_2_220.jpg
이안 버튼 카라 반팔 니트 올리브그린,https://www.musinsa.com/app/goods/1943097,//image.msscdn.net/images/goods_img/20210510/1943097/1943097_6_220.jpg
[우먼즈] 케이블니트 숏 슬리브 스웨터 - 옐로우,https://www.musinsa.com/app/goods/2457466,//image.msscdn.net/images/goods_img/20220330/2457466/2457466_1_220.jpg
에어리 집업 카라 반팔 니트 [CREAM],https://www.musinsa.com/app/goods/2499379,//image.msscdn.net/images/goods_img/20220419/2499379/2499379_1_220.jpg
에어리 라운드 반팔 니트 [OATBEIGE],https://www.musinsa.com/app/goods/1925445,//image.msscdn.net/images/goods_img/20210428/1925445/1925445_2_220.jpg
카프리 메쉬 하프 니트_블랙,https://www.musinsa.com/app/goods/2485148,//image.msscdn.net/images/goods_img/20220413/2485148/2485148_1_220.jpg
이안 버튼 카라 반팔 니트 블랙,https://www.musinsa.com/app/goods/1943088,//image.msscdn.net/images/goods_img/20210510/1943088/1943088_2_220.jpg
부클 오버핏 소프트 라운드 슬리브 하프 반팔 니트 [그린],https://www.musinsa.com/app/goods/2591121,//image.msscdn.net/images/goods_img/20220530/2591121/2591121_1_220.jpg
Golf is Life 스웨터 BLACK,https://www.musinsa.com/app/goods/2187493,//image.msscdn.net/images/goods_img/20211019/2187493/2187493_1_220.jpg
쿨에버 PK 반팔 니트티 BLACK,https://www.musinsa.com/app/goods/2545802,//image.msscdn.net/images/goods_img/20220509/2545802/2545802_1_220.jpg
오픈카라 리브드 반팔 니트티 GREEN,https://www.musinsa.com/app/goods/2488542,//image.msscdn.net/images/goods_img/20220414/2488542/2488542_2_220.jpg
웨이브 절개 PK 하프 니트 반팔 셔츠 딥 네이비,https://www.musinsa.com/app/goods/2452870,//image.msscdn.net/images/goods_img/20220329/2452870/2452870_2_220.jpg
