MANHATTAN 212 AREA CODE SWEATSHIRTS (Black),https://www.musinsa.com/app/goods/2419399,//image.msscdn.net/images/goods_img/20220315/2419399/2419399_1_220.jpg
NEVADA SWEATSHIRTS (White Melange),https://www.musinsa.com/app/goods/2419493,//image.msscdn.net/images/goods_img/20220315/2419493/2419493_1_220.jpg
LEGACY SWEATSHIRTS (White Melange),https://www.musinsa.com/app/goods/2419495,//image.msscdn.net/images/goods_img/20220315/2419495/2419495_1_220.jpg
MACHINE SWEATSHIRTS(Navy),https://www.musinsa.com/app/goods/2419391,//image.msscdn.net/images/goods_img/20220315/2419391/2419391_1_220.jpg
MAINE SWEATSHIRTS (Melange),https://www.musinsa.com/app/goods/2419492,//image.msscdn.net/images/goods_img/20220315/2419492/2419492_1_220.jpg
ARIZONA SWEATSHIRTS (White Melange),https://www.musinsa.com/app/goods/2419494,//image.msscdn.net/images/goods_img/20220315/2419494/2419494_1_220.jpg
SANTAMONICA GREEN FLOWER GRAPHIC SWEATSHIRT (Oatmeal),https://www.musinsa.com/app/goods/2419490,//image.msscdn.net/images/goods_img/20220315/2419490/2419490_1_220.jpg
A.R.C SWEATSHIRTS (Melange),https://www.musinsa.com/app/goods/2419491,//image.msscdn.net/images/goods_img/20220315/2419491/2419491_1_220.jpg
MACHINE SWEATSHIRTS (Melange),https://www.musinsa.com/app/goods/2419523,//image.msscdn.net/images/goods_img/20220315/2419523/2419523_1_220.jpg
22SS 워싱 라운드 맨투맨 카키 761566360,https://www.musinsa.com/app/goods/2516413,//image.msscdn.net/images/goods_img/20220426/2516413/2516413_1_220.jpg
숏슬리브 루즈핏 맨투맨 오트밀,https://www.musinsa.com/app/goods/2382701,//image.msscdn.net/images/goods_img/20220224/2382701/2382701_3_220.jpg
Nylon Taslan Crewneck Set Up (Light Grey) [LSQMCTM314M/LSQMCPH712M],https://www.musinsa.com/app/goods/2532172,//image.msscdn.net/images/goods_img/20220429/2532172/2532172_1_220.jpg
카모 패턴 맨투맨_BK,https://www.musinsa.com/app/goods/2358996,//image.msscdn.net/images/goods_img/20220214/2358996/2358996_2_220.jpg
하트 로고 USW001 730 055_W 남녀공용 맨투맨,https://www.musinsa.com/app/goods/2590332,//image.msscdn.net/images/goods_img/20220530/2590332/2590332_1_220.jpg
SWEATSHIRT FLOWERMARDI_WHITE VIVIDBLUE,https://www.musinsa.com/app/goods/2354252,//image.msscdn.net/images/goods_img/20220211/2354252/2354252_1_220.jpg
SWEATSHIRT FLOWERMARDI_GREY GREEN,https://www.musinsa.com/app/goods/1549285,//image.msscdn.net/images/goods_img/20200814/1549285/1549285_1_220.jpg
헤비 코튼 오버 럭비 맨투맨 _Midnight Blue,https://www.musinsa.com/app/goods/2038497,//image.msscdn.net/images/goods_img/20210722/2038497/2038497_3_220.jpg
베어 플리스 스웨트셔츠 - 그린,https://www.musinsa.com/app/goods/2537432,//image.msscdn.net/images/goods_img/20220503/2537432/2537432_1_220.jpg
클럽 맨투맨 블랙,https://www.musinsa.com/app/goods/1163605,//image.msscdn.net/images/goods_img/20190923/1163605/1163605_2_220.jpg
[FW21] Woven V-neck Pullover (Navy),https://www.musinsa.com/app/goods/2149659,//image.msscdn.net/images/goods_img/20210928/2149659/2149659_2_220.jpg
[송필드 PICK]90S 트랙 스웨트셔츠_그레이,https://www.musinsa.com/app/goods/2313388,//image.msscdn.net/images/goods_img/20220118/2313388/2313388_1_220.jpg
[SET]Half  Zip-Up M-Logo Sweat  & Pants (JM5TSU838BK),https://www.musinsa.com/app/goods/2564019,//image.msscdn.net/images/goods_img/20220517/2564019/2564019_3_220.jpg
980g pigment mtm-charcoal-,https://www.musinsa.com/app/goods/1582356,//image.msscdn.net/images/goods_img/20200903/1582356/1582356_1_220.jpg
SWEATSHIRT BROCCOLI_OATMEAL,https://www.musinsa.com/app/goods/2354281,//image.msscdn.net/images/goods_img/20220211/2354281/2354281_1_220.jpg
Corsica Sweat-GREEN,https://www.musinsa.com/app/goods/2456246,//image.msscdn.net/images/goods_img/20220330/2456246/2456246_1_220.jpg
N221USW905 컴포터블 오버핏 트레이닝 맨투맨 티셔츠 CARBON BLACK,https://www.musinsa.com/app/goods/2314915,//image.msscdn.net/images/goods_img/20220119/2314915/2314915_5_220.jpg
[SET] 위켄드 로우 트레이닝 셋업 (오트밀),https://www.musinsa.com/app/goods/2410865,//image.msscdn.net/images/goods_img/20220311/2410865/2410865_1_220.jpg
플리스 그래픽 스웨트셔츠 - 블루,https://www.musinsa.com/app/goods/2110540,//image.msscdn.net/images/goods_img/20210906/2110540/2110540_1_220.jpg
[송필드 PICK]90S 트랙 스웨트셔츠_블랙,https://www.musinsa.com/app/goods/2313445,//image.msscdn.net/images/goods_img/20220118/2313445/2313445_1_220.jpg
오버핏 오리지날 그레이 스웻셔츠,https://www.musinsa.com/app/goods/1465499,//image.msscdn.net/images/goods_img/20200527/1465499/1465499_1_220.jpg
Baby University Logo Cropped Sweatshirt _ Oatmeal,https://www.musinsa.com/app/goods/2381369,//image.msscdn.net/images/goods_img/20220223/2381369/2381369_1_220.jpg
1807GD L/S GRMNT DYE CREW NECK 6.5OZ CEMENT,https://www.musinsa.com/app/goods/1426870,//image.msscdn.net/images/goods_img/20200428/1426870/1426870_2_220.jpg
씬테크 우븐 메쉬 맨투맨_LK,https://www.musinsa.com/app/goods/2304568,//image.msscdn.net/images/goods_img/20220112/2304568/2304568_8_220.jpg
Color-Block Woven Sweatshirt_L4TAM22011GRX,https://www.musinsa.com/app/goods/2353904,//image.msscdn.net/images/goods_img/20220211/2353904/2353904_3_220.jpg
Nylon Taslan Crewneck Set Up (3color) [LSQMCTM314M/LSQMCPH712M],https://www.musinsa.com/app/goods/2531468,//image.msscdn.net/images/goods_img/20220429/2531468/2531468_1_220.jpg
[패키지] 헤이즈 오버핏 스웨트셔츠 [쭈리/기모] 2PACK KJMT2369 / KJMT2400,https://www.musinsa.com/app/goods/2085371,//image.msscdn.net/images/goods_img/20210825/2085371/2085371_1_220.jpg
러닝 경량 우븐 맨투맨,https://www.musinsa.com/app/goods/2434403,//image.msscdn.net/images/goods_img/20220321/2434403/2434403_2_220.jpg
CROP RAGLAN CREWNECK SHORT-SWEAT BLACK,https://www.musinsa.com/app/goods/2433676,//image.msscdn.net/images/goods_img/20220321/2433676/2433676_1_220.jpg
코다커리 우븐 맨투맨 IVORY,https://www.musinsa.com/app/goods/2336648,//image.msscdn.net/images/goods_img/20220128/2336648/2336648_1_220.jpg
(22SS) EMBROIDERY HANDSOME DAN CREWNECK BLACK,https://www.musinsa.com/app/goods/2326461,//image.msscdn.net/images/goods_img/20220125/2326461/2326461_1_220.jpg
MAIN LOGO CROP COLLARED SWEATSHIRT HEATHER GRAY,https://www.musinsa.com/app/goods/2114307,//image.msscdn.net/images/goods_img/20210907/2114307/2114307_1_220.jpg
(22ALL) (BY P.E.DEPT) UNIVERSITY HANDSOME DAN CREWNECK NAVY,https://www.musinsa.com/app/goods/1595528,//image.msscdn.net/images/goods_img/20200910/1595528/1595528_4_220.jpg
(22SS) EMBROIDERY HANDSOME DAN CREWNECK NAVY,https://www.musinsa.com/app/goods/2326476,//image.msscdn.net/images/goods_img/20220125/2326476/2326476_1_220.jpg
V.S.C SWEAT(OLYMPIA)_1% MELANGE GRAY,https://www.musinsa.com/app/goods/1340997,//image.msscdn.net/images/goods_img/20200309/1340997/1340997_1_220.jpg
CROP RAGLAN CREWNECK SHORT-SWEAT HEATHER GRAY,https://www.musinsa.com/app/goods/2378555,//image.msscdn.net/images/goods_img/20220222/2378555/2378555_2_220.jpg
유니섹스 어센틱 로고 스웻셔츠 atb801u(CHARCOAL),https://www.musinsa.com/app/goods/2364136,//image.msscdn.net/images/goods_img/20220216/2364136/2364136_2_220.jpg
아이콘 크레스트 헤더 크루넥 탑 (T12C0TPO040MT1BDS),https://www.musinsa.com/app/goods/2325972,//image.msscdn.net/images/goods_img/20220125/2325972/2325972_1_220.jpg
엑타크롬 우븐 맨투맨 NAVY,https://www.musinsa.com/app/goods/1869100,//image.msscdn.net/images/goods_img/20210330/1869100/1869100_1_220.jpg
C 로고 하프 집업 맨투맨 그레이,https://www.musinsa.com/app/goods/2318466,//image.msscdn.net/images/goods_img/20220120/2318466/2318466_1_220.jpg
[22SS] 베이 오버 하프 스웨트셔츠 5종 블랙 KJST2423,https://www.musinsa.com/app/goods/2527680,//image.msscdn.net/images/goods_img/20220428/2527680/2527680_1_220.jpg
NSW 클럽 맨투맨 5종류,https://www.musinsa.com/app/goods/1725756,//image.msscdn.net/images/goods_img/20201217/1725756/1725756_4_220.jpg
V.S.C SWEAT (MINNESOTA)_GREEN,https://www.musinsa.com/app/goods/2057226,//image.msscdn.net/images/goods_img/20210811/2057226/2057226_1_220.jpg
유니섹스 브로큰 하트 엠브로더리 스웻셔츠 atb616u(M.GREY),https://www.musinsa.com/app/goods/2080279,//image.msscdn.net/images/goods_img/20210823/2080279/2080279_2_220.jpg
HEADPHONE DUMBY SWEATSHIRT (MELANGE GREY) [LBQSCTM311MGYM],https://www.musinsa.com/app/goods/2321836,//image.msscdn.net/images/goods_img/20220124/2321836/2321836_1_220.jpg
Half  Zip-Up M-Logo Sweat  (JM5TSU838MW),https://www.musinsa.com/app/goods/1783595,//image.msscdn.net/images/goods_img/20210208/1783595/1783595_1_220.jpg
C 로고 맨투맨 라이트 그레이,https://www.musinsa.com/app/goods/2151717,//image.msscdn.net/images/goods_img/20210928/2151717/2151717_1_220.jpg
SWEATSHIRT DDANJI_HEATHER,https://www.musinsa.com/app/goods/1782665,//image.msscdn.net/images/goods_img/20210206/1782665/1782665_1_220.jpg
SWEATSHIRT UNIV_HEATHER NAVY,https://www.musinsa.com/app/goods/2064582,//image.msscdn.net/images/goods_img/20210813/2064582/2064582_1_220.jpg
NSW 에센셜+ 맨투맨 DM8886-010,https://www.musinsa.com/app/goods/2476421,//image.msscdn.net/images/goods_img/20220408/2476421/2476421_1_220.jpg
Half  Zip-Up M-Logo Sweat  (JM5TSU838MG),https://www.musinsa.com/app/goods/1755609,//image.msscdn.net/images/goods_img/20210120/1755609/1755609_1_220.jpg
플랫 테리 오버사이즈 반팔 스웨트셔츠 [블랙],https://www.musinsa.com/app/goods/2402811,//image.msscdn.net/images/goods_img/20220307/2402811/2402811_1_220.jpg
N221USW903 세미 오버핏 포켓 맨투맨 CARBON BLACK,https://www.musinsa.com/app/goods/2363225,//image.msscdn.net/images/goods_img/20220216/2363225/2363225_5_220.jpg
엔젤 나일론 스트링 맨투맨 블랙,https://www.musinsa.com/app/goods/1760805,//image.msscdn.net/images/goods_img/20210125/1760805/1760805_4_220.jpg
[세트] 스우시 맨투맨+반바지,https://www.musinsa.com/app/goods/1605852,//image.msscdn.net/images/goods_img/20200916/1605852/1605852_1_220.jpg
빅 트위치 루즈핏 크루넥 네이비,https://www.musinsa.com/app/goods/1571366,//image.msscdn.net/images/goods_img/20200831/1571366/1571366_8_220.jpg
Nylon Taslan Crewneck (Black) [LSQMCTM314M],https://www.musinsa.com/app/goods/2466473,//image.msscdn.net/images/goods_img/20220405/2466473/2466473_1_220.jpg
Nylon Taslan Crewneck Set Up (Light Khaki) [LSQMCTM314M/LSQMCPH712M],https://www.musinsa.com/app/goods/2532177,//image.msscdn.net/images/goods_img/20220429/2532177/2532177_1_220.jpg
Disney Bambi Oversized Long Sweatshirt (For WOMEN)_QWTAX21840PIX,https://www.musinsa.com/app/goods/2114687,//image.msscdn.net/images/goods_img/20210907/2114687/2114687_1_220.jpg
[SET] 어블릭 글램핑 셋업,https://www.musinsa.com/app/goods/1756794,//image.msscdn.net/images/goods_img/20210121/1756794/1756794_6_220.jpg
1960 sweatshirts navy,https://www.musinsa.com/app/goods/956939,//image.msscdn.net/images/goods_img/20190218/956939/956939_3_220.jpg
[22SS] [패키지] 베이 오버 하프 스웨트세트 5종 KJST2423 + KJSP2424,https://www.musinsa.com/app/goods/2527682,//image.msscdn.net/images/goods_img/20220428/2527682/2527682_1_220.jpg
NBNCC12033 / UNI NB SPORTS CLUB 스웻셔츠 (GREEN),https://www.musinsa.com/app/goods/2336179,//image.msscdn.net/images/goods_img/20220128/2336179/2336179_1_220.jpg
베이직 래글런 반팔맨투맨 - 블랙,https://www.musinsa.com/app/goods/2596666,//image.msscdn.net/images/goods_img/20220602/2596666/2596666_1_220.jpg
숏슬리브 루즈핏 맨투맨 다크 파인,https://www.musinsa.com/app/goods/2382697,//image.msscdn.net/images/goods_img/20220224/2382697/2382697_2_220.jpg
SIDE STRING MTM MELANGE GREY,https://www.musinsa.com/app/goods/2224257,//image.msscdn.net/images/goods_img/20211109/2224257/2224257_1_220.jpg
어센틱 로고 맨투맨 멜란지 그레이,https://www.musinsa.com/app/goods/938792,//image.msscdn.net/images/goods_img/20190123/938792/938792_5_220.jpg
하프 집업 스웻셔츠 쇼츠세트-라이트그레이,https://www.musinsa.com/app/goods/2083483,//image.msscdn.net/images/goods_img/20210824/2083483/2083483_2_220.jpg
CROP RAGLAN CREWNECK SHORT-SWEAT DARK GREEN,https://www.musinsa.com/app/goods/2378556,//image.msscdn.net/images/goods_img/20220222/2378556/2378556_2_220.jpg
[기모] Oversized Twofold Vintage Sweatshirt [Teal],https://www.musinsa.com/app/goods/1663967,//image.msscdn.net/images/goods_img/20201026/1663967/1663967_1_220.jpg
베츠 어센틱 맨투맨 블랙,https://www.musinsa.com/app/goods/1557509,//image.msscdn.net/images/goods_img/20200820/1557509/1557509_3_220.jpg
SWEATSHIRT FLOWERMARDI_CHOCOLATE CREAM,https://www.musinsa.com/app/goods/2064570,//image.msscdn.net/images/goods_img/20210813/2064570/2064570_1_220.jpg
베이직 스웻 셔츠& 베이직 조거 팬츠 셋 업,https://www.musinsa.com/app/goods/2127518,//image.msscdn.net/images/goods_img/20210913/2127518/2127518_11_220.jpg
SWEATSHIRT BELLE DE JOUR_BLACK WHITE,https://www.musinsa.com/app/goods/1549278,//image.msscdn.net/images/goods_img/20200814/1549278/1549278_1_220.jpg
말티즈 아카이브 맨투맨 멜란지화이트,https://www.musinsa.com/app/goods/2098327,//image.msscdn.net/images/goods_img/20210830/2098327/2098327_1_220.png
SWEATSHIRT RING WITH ROCK_HEATHER,https://www.musinsa.com/app/goods/2354289,//image.msscdn.net/images/goods_img/20220211/2354289/2354289_1_220.jpg
RETRIEVER CREWNECK [NAVY],https://www.musinsa.com/app/goods/1679943,//image.msscdn.net/images/goods_img/20201105/1679943/1679943_3_220.jpg
LOGO EMBROIDERY SWEATSHIRT WHITE,https://www.musinsa.com/app/goods/1816279,//image.msscdn.net/images/goods_img/20210225/1816279/1816279_1_220.jpg
로코 피그먼트 리버시블 헤비 맨투맨 (다크그레이),https://www.musinsa.com/app/goods/643173,//image.msscdn.net/images/goods_img/20170926/643173/643173_5_220.jpg
여성 우븐 그래픽 크루 1369891-100,https://www.musinsa.com/app/goods/2506769,//image.msscdn.net/images/goods_img/20220421/2506769/2506769_1_220.jpg
SWEATSHIRT DDANJI_GREY,https://www.musinsa.com/app/goods/1782666,//image.msscdn.net/images/goods_img/20210206/1782666/1782666_1_220.jpg
