머플러 Grey,https://www.musinsa.com/app/goods/2110699,//image.msscdn.net/images/goods_img/20210906/2110699/2110699_5_220.jpg
숏 머플러 Grey,https://www.musinsa.com/app/goods/2191857,//image.msscdn.net/images/goods_img/20211021/2191857/2191857_5_220.jpg
베이직 니트 체크 머플러 - 20COLOR,https://www.musinsa.com/app/goods/1688909,//image.msscdn.net/images/goods_img/20201113/1688909/1688909_1_220.jpg
리버시블 머플러 아이보리,https://www.musinsa.com/app/goods/2135427,//image.msscdn.net/images/goods_img/20210916/2135427/2135427_1_220.jpg
헤리티지 체크 머플러 챠콜,https://www.musinsa.com/app/goods/1214814,//image.msscdn.net/images/goods_img/20191106/1214814/1214814_2_220.jpg
이지 소프트 베이직 머플러 (차콜),https://www.musinsa.com/app/goods/2205783,//image.msscdn.net/images/goods_img/20211028/2205783/2205783_1_220.jpg
[세트상품] 프리미엄 캐시미어 머플러 [10 COLORS],https://www.musinsa.com/app/goods/1180725,//image.msscdn.net/images/goods_img/20191008/1180725/1180725_16_220.jpg
오가닉 아기 거즈손수건,https://www.musinsa.com/app/goods/2319812,//image.msscdn.net/images/goods_img/20220121/2319812/2319812_1_220.jpg
LOGO CHECKBOARD MUFFLER IN BLUE,https://www.musinsa.com/app/goods/2234895,//image.msscdn.net/images/goods_img/20211116/2234895/2234895_1_220.jpg
머플러 Off White,https://www.musinsa.com/app/goods/2110702,//image.msscdn.net/images/goods_img/20210906/2110702/2110702_6_220.jpg
247 캐시미어 머플러 [GREY],https://www.musinsa.com/app/goods/661273,//image.msscdn.net/images/goods_img/20171027/661273/661273_1_220.jpg
캐시미어 블렌드 머플러,https://www.musinsa.com/app/goods/864554,//image.msscdn.net/images/goods_img/20180920/864554/864554_1_220.jpg
머플러 Natural Taupe,https://www.musinsa.com/app/goods/2110697,//image.msscdn.net/images/goods_img/20210906/2110697/2110697_6_220.jpg
21FW H21A404 334 100 하트로고 울 머플러,https://www.musinsa.com/app/goods/2598325,//image.msscdn.net/images/goods_img/20220603/2598325/2598325_1_220.jpg
TONE ON TONE KNIT MUFFLER IN BLACK,https://www.musinsa.com/app/goods/2347838,//image.msscdn.net/images/goods_img/20220208/2347838/2347838_1_220.jpg
머플러 Yellow,https://www.musinsa.com/app/goods/2110686,//image.msscdn.net/images/goods_img/20210906/2110686/2110686_4_220.jpg
캐시미어 100 머플러 [블랙],https://www.musinsa.com/app/goods/864555,//image.msscdn.net/images/goods_img/20180920/864555/864555_2_220.jpg
Varsity Scarf Grey,https://www.musinsa.com/app/goods/2153011,//image.msscdn.net/images/goods_img/20210929/2153011/2153011_1_220.jpg
[패키지]트래블러 체크 머플러 2PACK_WINTER PACKAGE,https://www.musinsa.com/app/goods/1644880,//image.msscdn.net/images/goods_img/20201013/1644880/1644880_1_220.jpg
MOUSSE KNIT BALACLAVA,https://www.musinsa.com/app/goods/2262396,//image.msscdn.net/images/goods_img/20211208/2262396/2262396_1_220.jpg
비스코스 보카시 패턴 머플러 [베이지],https://www.musinsa.com/app/goods/2169288,//image.msscdn.net/images/goods_img/20211008/2169288/2169288_1_220.jpg
프리미엄 캐시미어 머플러 [IVORY],https://www.musinsa.com/app/goods/1673195,//image.msscdn.net/images/goods_img/20201102/1673195/1673195_1_220.jpg
폭스헤드 울 머플러 목도리 남녀공용,https://www.musinsa.com/app/goods/2386194,//image.msscdn.net/images/goods_img/20220225/2386194/2386194_1_220.jpg
8018173 A7026 클래식 체크 아카이브 베이지 머플러,https://www.musinsa.com/app/goods/2483599,//image.msscdn.net/images/goods_img/20220413/2483599/2483599_38_220.jpg
베이직 캐시미어 머플러 200x30cm,https://www.musinsa.com/app/goods/1217335,//image.msscdn.net/images/goods_img/20191108/1217335/1217335_1_220.jpg
베이직 캐시미어 머플러 180x30cm,https://www.musinsa.com/app/goods/1230827,//image.msscdn.net/images/goods_img/20191120/1230827/1230827_1_220.jpg
와이드 머플러 Navy Blue,https://www.musinsa.com/app/goods/2110778,//image.msscdn.net/images/goods_img/20210906/2110778/2110778_6_220.jpg
(20) Slogan Muffler [Black],https://www.musinsa.com/app/goods/2043139,//image.msscdn.net/images/goods_img/20210728/2043139/2043139_2_220.jpg
헤리티지 체크 머플러 베이지,https://www.musinsa.com/app/goods/1214813,//image.msscdn.net/images/goods_img/20191106/1214813/1214813_2_220.jpg
트래블러 체크 머플러 블랙,https://www.musinsa.com/app/goods/866734,//image.msscdn.net/images/goods_img/20180927/866734/866734_1_220.jpg
체리 머플러 KA [라이트 베이지],https://www.musinsa.com/app/goods/2054459,//image.msscdn.net/images/goods_img/20210809/2054459/2054459_2_220.jpg
EMBROIDERY HANDSOME DAN MUFFLER CHARCOAL,https://www.musinsa.com/app/goods/2271848,//image.msscdn.net/images/goods_img/20211217/2271848/2271848_1_220.jpg
숏 머플러 Natural Taupe,https://www.musinsa.com/app/goods/2191855,//image.msscdn.net/images/goods_img/20211021/2191855/2191855_5_220.jpg
숏 머플러 Camel,https://www.musinsa.com/app/goods/2191852,//image.msscdn.net/images/goods_img/20211021/2191852/2191852_4_220.jpg
캐시미어 100 머플러 [차콜 그레이],https://www.musinsa.com/app/goods/1145880,//image.msscdn.net/images/goods_img/20190906/1145880/1145880_2_220.jpg
위트 부클레 머플러 : 6color,https://www.musinsa.com/app/goods/2098276,//image.msscdn.net/images/goods_img/20210830/2098276/2098276_14_220.jpg
EMBROIDERY HANDSOME DAN MUFFLER BLACK,https://www.musinsa.com/app/goods/2271849,//image.msscdn.net/images/goods_img/20211217/2271849/2271849_1_220.jpg
Varsity Scarf Navy,https://www.musinsa.com/app/goods/2153010,//image.msscdn.net/images/goods_img/20210929/2153010/2153010_1_220.jpg
베니르 X 얼모스트블루 위클리 머플러,https://www.musinsa.com/app/goods/2198410,//image.msscdn.net/images/goods_img/20211026/2198410/2198410_1_220.jpg
프리미엄 캐시미어 머플러 [GREY],https://www.musinsa.com/app/goods/1180708,//image.msscdn.net/images/goods_img/20191008/1180708/1180708_4_220.jpg
빅 사이즈 머플러 [블랙],https://www.musinsa.com/app/goods/1623537,//image.msscdn.net/images/goods_img/20200924/1623537/1623537_3_220.jpg
[패키지] 베이직 니트 체크 머플러 - 20COLOR,https://www.musinsa.com/app/goods/1732217,//image.msscdn.net/images/goods_img/20201229/1732217/1732217_2_220.jpg
블러쉬 체크 머플러,https://www.musinsa.com/app/goods/2177448,//image.msscdn.net/images/goods_img/20211014/2177448/2177448_1_220.jpg
메리노 울 100 머플러 [모카],https://www.musinsa.com/app/goods/2106623,//image.msscdn.net/images/goods_img/20210902/2106623/2106623_1_220.jpg
[여성용] 리버시블 머플러 (플라워) 블랙 CW214AC02FBK,https://www.musinsa.com/app/goods/2249843,//image.msscdn.net/images/goods_img/20211126/2249843/2249843_1_220.jpg
[ECOFUR]여성 핑크베이지 에코퍼 니트 트윌리 머플러DCSC1F931P4,https://www.musinsa.com/app/goods/2238293,//image.msscdn.net/images/goods_img/20211117/2238293/2238293_1_220.jpg
5.B.O LOGO JACQUARD MUFFLER_black,https://www.musinsa.com/app/goods/1535208,//image.msscdn.net/images/goods_img/20200803/1535208/1535208_1_220.png
22SS 여성 폭스헤드 울 머플러 블랙 FU06208BT3004 BK,https://www.musinsa.com/app/goods/2294138,//image.msscdn.net/images/goods_img/20220105/2294138/2294138_1_220.jpg
CA0107 59C 크링클 울 스카프,https://www.musinsa.com/app/goods/1839285,//image.msscdn.net/images/goods_img/20210311/1839285/1839285_1_220.jpg
(F655254X01 1100) 여성 머플러 22SS,https://www.musinsa.com/app/goods/2569512,//image.msscdn.net/images/goods_img/20220519/2569512/2569512_1_220.jpg
40790031 캐시미어 자수 로고 머플러,https://www.musinsa.com/app/goods/2483597,//image.msscdn.net/images/goods_img/20220413/2483597/2483597_58_220.jpg
Cashmere Muffler Red,https://www.musinsa.com/app/goods/1194891,//image.msscdn.net/images/goods_img/20191021/1194891/1194891_1_220.jpg
로고 9Z75020 M1131 455 주니어(성인가능) 스카프 머플러,https://www.musinsa.com/app/goods/2417532,//image.msscdn.net/images/goods_img/20220314/2417532/2417532_1_220.jpg
(721593177 V0031) 남녀공용 로고 타월 20FW,https://www.musinsa.com/app/goods/2264139,//image.msscdn.net/images/goods_img/20211209/2264139/2264139_1_220.jpg
(SM1UQ0040 S12895 950) 남녀공용 반지 21FW,https://www.musinsa.com/app/goods/2267078,//image.msscdn.net/images/goods_img/20211213/2267078/2267078_1_220.jpg
클래식 체크 8018173 MU GIANT CHK CS SC 캐시미어 머플러,https://www.musinsa.com/app/goods/1831161,//image.msscdn.net/images/goods_img/20210305/1831161/1831161_2_220.jpg
업사이드 다운 스컬 624425 3200Q 1078 울 머플러,https://www.musinsa.com/app/goods/1729769,//image.msscdn.net/images/goods_img/20201223/1729769/1729769_3_220.jpg
와이드 머플러 Off White,https://www.musinsa.com/app/goods/2110781,//image.msscdn.net/images/goods_img/20210906/2110781/2110781_7_220.jpg
와이드 머플러 Grey,https://www.musinsa.com/app/goods/2110691,//image.msscdn.net/images/goods_img/20210906/2110691/2110691_6_220.jpg
조반니 캐시미어 머플러 FMFD-0301_KA,https://www.musinsa.com/app/goods/1856019,//image.msscdn.net/images/goods_img/20210322/1856019/1856019_1_220.jpg
STAR-SHAPED LOGO SCARF,https://www.musinsa.com/app/goods/1655244,//image.msscdn.net/images/goods_img/20201020/1655244/1655244_1_220.jpg
SCARF_WF5102-016,https://www.musinsa.com/app/goods/2256269,//image.msscdn.net/images/goods_img/20211203/2256269/2256269_4_220.jpg
메리노 울 100 머플러 [헤더 베이지],https://www.musinsa.com/app/goods/2106622,//image.msscdn.net/images/goods_img/20210902/2106622/2106622_1_220.jpg
헤리티지 체크 머플러 그린,https://www.musinsa.com/app/goods/1214812,//image.msscdn.net/images/goods_img/20191106/1214812/1214812_2_220.jpg
SCARF_WF5102-004,https://www.musinsa.com/app/goods/2256276,//image.msscdn.net/images/goods_img/20211203/2256276/2256276_3_220.jpg
메리노 울 100 머플러 [차콜 그레이],https://www.musinsa.com/app/goods/2106620,//image.msscdn.net/images/goods_img/20210902/2106620/2106620_1_220.jpg
[남녀공용] 머플러 (코듀로이) 네이비 CU214AC02SNV,https://www.musinsa.com/app/goods/2241797,//image.msscdn.net/images/goods_img/20211119/2241797/2241797_1_220.jpg
247 캐시미어 머플러 [BLACK],https://www.musinsa.com/app/goods/661271,//image.msscdn.net/images/goods_img/20171027/661271/661271_1_220.jpg
[남녀공용] 머플러 (코듀로이) 카키 CU214AC03SKH,https://www.musinsa.com/app/goods/2241794,//image.msscdn.net/images/goods_img/20211119/2241794/2241794_1_220.jpg
퍼스트 라벨 볼드 머플러_화이트,https://www.musinsa.com/app/goods/1720872,//image.msscdn.net/images/goods_img/20201211/1720872/1720872_1_220.jpg
[패키지] 헤리티지 체크 머플러,https://www.musinsa.com/app/goods/1738088,//image.msscdn.net/images/goods_img/20210106/1738088/1738088_1_220.jpg
LAMBS WOOL 100 MUFFLER [OATMEAL],https://www.musinsa.com/app/goods/1250237,//image.msscdn.net/images/goods_img/20191212/1250237/1250237_1_220.jpg
SMOCK CHECK MIX MUFFLE_[C.BK/WH],https://www.musinsa.com/app/goods/2266084,//image.msscdn.net/images/goods_img/20211212/2266084/2266084_1_220.jpg
Stripe long mufler_Green,https://www.musinsa.com/app/goods/2271169,//image.msscdn.net/images/goods_img/20211216/2271169/2271169_1_220.jpg
6oz Padded Hood Muffler[Black],https://www.musinsa.com/app/goods/1196444,//image.msscdn.net/images/goods_img/20191022/1196444/1196444_1_220.jpg
SCARF_SS5102-010,https://www.musinsa.com/app/goods/2256081,//image.msscdn.net/images/goods_img/20211202/2256081/2256081_3_220.jpg
클래식 플레이드 머플러 [HANNAY MODERN],https://www.musinsa.com/app/goods/1672877,//image.msscdn.net/images/goods_img/20201102/1672877/1672877_3_220.jpg
WOOL HERITAGE HANDSOME DAN MUFFLER BLACK,https://www.musinsa.com/app/goods/2244089,//image.msscdn.net/images/goods_img/20211123/2244089/2244089_1_220.jpg
4Mix Muffler (FL-717),https://www.musinsa.com/app/goods/1740379,//image.msscdn.net/images/goods_img/20210108/1740379/1740379_3_220.jpg
니트 몽실 바라클라바(베이지),https://www.musinsa.com/app/goods/2269695,//image.msscdn.net/images/goods_img/20211215/2269695/2269695_2_220.jpg
[BC20AWKN27] 7웨이 레이어드 머플러 [5 COLOR],https://www.musinsa.com/app/goods/1626123,//image.msscdn.net/images/goods_img/20200927/1626123/1626123_1_220.jpg
체크 머플러 그린,https://www.musinsa.com/app/goods/1186704,//image.msscdn.net/images/goods_img/20191014/1186704/1186704_1_220.jpg
클래식 니트 머플러 [GREY],https://www.musinsa.com/app/goods/1670938,//image.msscdn.net/images/goods_img/20201030/1670938/1670938_2_220.jpg
캐시미어 100 머플러 [크림],https://www.musinsa.com/app/goods/1145885,//image.msscdn.net/images/goods_img/20190906/1145885/1145885_3_220.jpg
WOOL HERITAGE HANDSOME DAN MUFFLER BEIGE,https://www.musinsa.com/app/goods/2244104,//image.msscdn.net/images/goods_img/20211123/2244104/2244104_1_220.jpg
보일드 울 태슬 머플러 (크림),https://www.musinsa.com/app/goods/2081020,//image.msscdn.net/images/goods_img/20210823/2081020/2081020_1_220.jpg
노맨틱 X-MAS 에디션 타탄 체크 머플러 블랙,https://www.musinsa.com/app/goods/2316734,//image.msscdn.net/images/goods_img/20220120/2316734/2316734_1_220.jpg
CASHMERE BLEND KNIT MUFFLER (charcoal),https://www.musinsa.com/app/goods/1638906,//image.msscdn.net/images/goods_img/20201007/1638906/1638906_1_220.jpg
CASHMERE BLEND KNIT MUFFLER,https://www.musinsa.com/app/goods/1699834,//image.msscdn.net/images/goods_img/20201124/1699834/1699834_1_220.jpg
써니 보아 플리스 머플러,https://www.musinsa.com/app/goods/1717389,//image.msscdn.net/images/goods_img/20201209/1717389/1717389_1_220.jpg
