레이어드 슬리브리스 탑_일반 기장 [화이트],https://www.musinsa.com/app/goods/2086660,//image.msscdn.net/images/goods_img/20210825/2086660/2086660_1_220.jpg
[쿨탠다드] 릴렉스드 슬리브리스 탑 [화이트],https://www.musinsa.com/app/goods/2341473,//image.msscdn.net/images/goods_img/20220204/2341473/2341473_1_220.jpg
[패키지] 오버핏 쿨 마이크로아이스 슬리브리스 2P SET 15COLOR,https://www.musinsa.com/app/goods/1466673,//image.msscdn.net/images/goods_img/20200528/1466673/1466673_9_220.jpg
[쿨탠다드] 릴렉스드 슬리브리스 탑 [블랙],https://www.musinsa.com/app/goods/2341472,//image.msscdn.net/images/goods_img/20220204/2341472/2341472_1_220.jpg
[김민주 착용] [22SS] 로고 포인트 슬리브리스 크롭탑_BLACK WHITE,https://www.musinsa.com/app/goods/2362495,//image.msscdn.net/images/goods_img/20220215/2362495/2362495_1_220.jpg
마르디 플라워 슬리브리스 니트 탑 아이보리,https://www.musinsa.com/app/goods/2399204,//image.msscdn.net/images/goods_img/20220304/2399204/2399204_1_220.jpg
패치 프린트 크로셰 콤보 탑 atb747w(DUSTY BLUE),https://www.musinsa.com/app/goods/2554170,//image.msscdn.net/images/goods_img/20220512/2554170/2554170_1_220.jpg
스퀘어 넥 니트 슬리브리스_아이보리,https://www.musinsa.com/app/goods/2027736,//image.msscdn.net/images/goods_img/20210713/2027736/2027736_1_220.jpg
[22SS] 로고 자수 슬리브리스 탑_WHITE,https://www.musinsa.com/app/goods/2416863,//image.msscdn.net/images/goods_img/20220314/2416863/2416863_1_220.jpg
스퀘어 넥 니트 슬리브리스_블랙,https://www.musinsa.com/app/goods/2027738,//image.msscdn.net/images/goods_img/20210713/2027738/2027738_1_220.jpg
0 3 데빌 캣 튜브탑,https://www.musinsa.com/app/goods/1969029,//image.msscdn.net/images/goods_img/20210526/1969029/1969029_1_220.jpg
SIKN2031 cotton flower Jacquard bustier_Cobalt blue,https://www.musinsa.com/app/goods/2575287,//image.msscdn.net/images/goods_img/20220523/2575287/2575287_1_220.jpg
[UNISEX] 메쉬쿨론 서프 슬리브리스 오프화이트,https://www.musinsa.com/app/goods/780467,//image.msscdn.net/images/goods_img/20180514/780467/780467_6_220.jpg
[퍼포먼스] 올라운드 트레이닝 슬리브리스 탑 [블랙],https://www.musinsa.com/app/goods/1466055,//image.msscdn.net/images/goods_img/20200528/1466055/1466055_5_220.jpg
[UNISEX] 메쉬쿨론 서프 슬리브리스 블랙,https://www.musinsa.com/app/goods/780466,//image.msscdn.net/images/goods_img/20180514/780466/780466_6_220.jpg
아디컬러 클래식 탱크탑 - 블랙 / HC1978,https://www.musinsa.com/app/goods/2496399,//image.msscdn.net/images/goods_img/20220418/2496399/2496399_1_220.jpg
NBA 제이슨 윌리엄스 00 스윙맨 져지 SMJYGS18206-SKIBLCK 00JWI,https://www.musinsa.com/app/goods/1927089,//image.msscdn.net/images/goods_img/20210428/1927089/1927089_1_220.jpg
NBA 데이비드 로빈슨 99 스윙맨 져지 SMJYAC18101-SASBLCK 99DRB,https://www.musinsa.com/app/goods/1927088,//image.msscdn.net/images/goods_img/20210428/1927088/1927088_1_220.jpg
TS827 네버그래피티 크로스 반하이_BK,https://www.musinsa.com/app/goods/2548485,//image.msscdn.net/images/goods_img/20220510/2548485/2548485_1_220.jpg
Tweed Short Bustier Top,https://www.musinsa.com/app/goods/2366290,//image.msscdn.net/images/goods_img/20220216/2366290/2366290_1_220.jpg
BBC 빅하트 링거 탱크 - 블랙,https://www.musinsa.com/app/goods/2504497,//image.msscdn.net/images/goods_img/20220420/2504497/2504497_3_220.jpg
우먼즈 스트링 크롭 슬리브리스 탑 2팩,https://www.musinsa.com/app/goods/2441386,//image.msscdn.net/images/goods_img/20220324/2441386/2441386_1_220.jpg
우먼즈 베이식 슬리브리스 탑 [화이트],https://www.musinsa.com/app/goods/1452270,//image.msscdn.net/images/goods_img/20200519/1452270/1452270_2_220.jpg
0 5 프린세스 고양이 튜브 탑,https://www.musinsa.com/app/goods/2574858,//image.msscdn.net/images/goods_img/20220523/2574858/2574858_1_220.jpg
[쿨탠다드] 맨즈 메시 브이 넥 슬리브리스 언더셔츠 [화이트],https://www.musinsa.com/app/goods/2508203,//image.msscdn.net/images/goods_img/20220421/2508203/2508203_1_220.jpg
[패키지] 레이어드 롱나시 패키지(HJST2072),https://www.musinsa.com/app/goods/552760,//image.msscdn.net/images/goods_img/20170510/552760/552760_1_220.jpg
BOUCLE KNIT TOP,https://www.musinsa.com/app/goods/2580334,//image.msscdn.net/images/goods_img/20220525/2580334/2580334_1_220.jpg
레이어드 슬리브리스 탑_긴 기장 [화이트],https://www.musinsa.com/app/goods/1382694,//image.msscdn.net/images/goods_img/20200402/1382694/1382694_5_220.jpg
레이어드 슬리브리스 탑_일반 기장 [블랙],https://www.musinsa.com/app/goods/2086661,//image.msscdn.net/images/goods_img/20210825/2086661/2086661_1_220.jpg
체리 그래픽 슬리브리스 티셔츠 [핑크],https://www.musinsa.com/app/goods/2476857,//image.msscdn.net/images/goods_img/20220408/2476857/2476857_1_220.jpg
누오보 엠블럼 썸머 니트 탑 아이보리,https://www.musinsa.com/app/goods/2504384,//image.msscdn.net/images/goods_img/20220420/2504384/2504384_1_220.jpg
우먼즈 베이식 슬리브리스 탑 [블랙],https://www.musinsa.com/app/goods/1452272,//image.msscdn.net/images/goods_img/20200519/1452272/1452272_2_220.jpg
0 2 레이디스 컬리지 튜브탑,https://www.musinsa.com/app/goods/2364341,//image.msscdn.net/images/goods_img/20220216/2364341/2364341_1_220.jpg
BENJAMIN X CONCH active 머슬 슬리브리스 2pack [1+1],https://www.musinsa.com/app/goods/2570167,//image.msscdn.net/images/goods_img/20220519/2570167/2570167_1_220.jpg
WOMEN 이너 나시 탱크탑  레이어드 티 [BLACK],https://www.musinsa.com/app/goods/2533575,//image.msscdn.net/images/goods_img/20220502/2533575/2533575_1_220.jpg
남성 마일드 후드형 우븐 슬리브리스,https://www.musinsa.com/app/goods/2468703,//image.msscdn.net/images/goods_img/20220406/2468703/2468703_3_220.jpg
키세스 트위드 홀터넥 탑 [화이트],https://www.musinsa.com/app/goods/2579244,//image.msscdn.net/images/goods_img/20220524/2579244/2579244_1_220.jpg
UNISEX Marine Stripe Sleeveless Top [Ivory],https://www.musinsa.com/app/goods/2549241,//image.msscdn.net/images/goods_img/20220510/2549241/2549241_1_220.jpg
플레어 브이넥 슬리브리스 - 블랙,https://www.musinsa.com/app/goods/2581375,//image.msscdn.net/images/goods_img/20220525/2581375/2581375_1_220.jpg
리브드 니트 슬리브리스_블랙,https://www.musinsa.com/app/goods/2055048,//image.msscdn.net/images/goods_img/20210810/2055048/2055048_2_220.jpg
UNISEX Marine Stripe Sleeveless Top [Navy],https://www.musinsa.com/app/goods/2549325,//image.msscdn.net/images/goods_img/20220510/2549325/2549325_1_220.jpg
에센셜 수피마 슬리브리스 블랙,https://www.musinsa.com/app/goods/1412388,//image.msscdn.net/images/goods_img/20200421/1412388/1412388_3_220.jpg
스퀘어 넥 니트 슬리브리스_베이지,https://www.musinsa.com/app/goods/2027741,//image.msscdn.net/images/goods_img/20210713/2027741/2027741_1_220.jpg
VARSITY REVERSIBLE SLEEVELESS SWEATSHIRT [NAVY],https://www.musinsa.com/app/goods/2460040,//image.msscdn.net/images/goods_img/20220331/2460040/2460040_2_220.jpg
ZL에어쿨링 나시 2매세트,https://www.musinsa.com/app/goods/2533081,//image.msscdn.net/images/goods_img/20220502/2533081/2533081_1_220.jpg
메쉬쿨론 돌핀레터링 슬리브리스_샌드베이지,https://www.musinsa.com/app/goods/2041038,//image.msscdn.net/images/goods_img/20210727/2041038/2041038_2_220.jpg
스파게티 스트랩 - 블랙:화이트 / FM2617,https://www.musinsa.com/app/goods/1420645,//image.msscdn.net/images/goods_img/20200424/1420645/1420645_4_220.jpg
와플 톱 퍼플,https://www.musinsa.com/app/goods/2550420,//image.msscdn.net/images/goods_img/20220510/2550420/2550420_1_220.jpg
마르디 플라워 슬리브리스 니트 탑 그린,https://www.musinsa.com/app/goods/2399205,//image.msscdn.net/images/goods_img/20220304/2399205/2399205_1_220.jpg
레이어드 슬리브리스 탑_일반 기장 2팩,https://www.musinsa.com/app/goods/2122564,//image.msscdn.net/images/goods_img/20210910/2122564/2122564_2_220.jpg
아디컬러 클래식 탱크탑 - 화이트 / HC1977,https://www.musinsa.com/app/goods/2572792,//image.msscdn.net/images/goods_img/20220520/2572792/2572792_1_220.jpg
아디컬러 클래식 타이트 탑 - 블랙 / HM2117,https://www.musinsa.com/app/goods/2581397,//image.msscdn.net/images/goods_img/20220525/2581397/2581397_1_220.jpg
레이스 골지 이너 탑_블랙,https://www.musinsa.com/app/goods/2516673,//image.msscdn.net/images/goods_img/20220426/2516673/2516673_1_220.jpg
2WAY KNIT HALTER TOP_IVORY,https://www.musinsa.com/app/goods/2478066,//image.msscdn.net/images/goods_img/20220410/2478066/2478066_1_220.jpg
엔젤 슬리브리스 블랙,https://www.musinsa.com/app/goods/2513462,//image.msscdn.net/images/goods_img/20220425/2513462/2513462_1_220.jpg
RIBBON SHIRRING BUSTIER,https://www.musinsa.com/app/goods/2580308,//image.msscdn.net/images/goods_img/20220525/2580308/2580308_1_220.jpg
크로스오버 스우시 나시티 BV9387-010,https://www.musinsa.com/app/goods/1492747,//image.msscdn.net/images/goods_img/20200622/1492747/1492747_1_220.jpg
Halter linen sleeveless (natural),https://www.musinsa.com/app/goods/2580658,//image.msscdn.net/images/goods_img/20220525/2580658/2580658_1_220.jpg
워크샵 링거 탱크 - 블랙,https://www.musinsa.com/app/goods/2503565,//image.msscdn.net/images/goods_img/20220420/2503565/2503565_6_220.jpg
W SLEEVELESS KNIT TOP ivory,https://www.musinsa.com/app/goods/2485044,//image.msscdn.net/images/goods_img/20220413/2485044/2485044_1_220.jpg
시그니처 로고 나시,https://www.musinsa.com/app/goods/2082051,//image.msscdn.net/images/goods_img/20210824/2082051/2082051_1_220.jpg
STYLE WOMENS CABLE NEWS NETWORKSLEEVELESS SWEAT,https://www.musinsa.com/app/goods/2502818,//image.msscdn.net/images/goods_img/20220420/2502818/2502818_1_220.jpg
에센셜 루즈핏 슬리브리스 블랙 (UN221CSL63),https://www.musinsa.com/app/goods/2537544,//image.msscdn.net/images/goods_img/20220503/2537544/2537544_1_220.jpg
마르디 플라워 슬리브리스 니트 탑 블랙,https://www.musinsa.com/app/goods/2399206,//image.msscdn.net/images/goods_img/20220304/2399206/2399206_1_220.jpg
메쉬쿨론 돌핀레터링 슬리브리스_챠콜,https://www.musinsa.com/app/goods/2041039,//image.msscdn.net/images/goods_img/20210727/2041039/2041039_2_220.jpg
LILY CHAIN HALTER NECK TOP [PURPLE],https://www.musinsa.com/app/goods/2064938,//image.msscdn.net/images/goods_img/20210815/2064938/2064938_1_220.jpg
소프트 볼 체인 슬리브리스 탑 [블랙],https://www.musinsa.com/app/goods/2352277,//image.msscdn.net/images/goods_img/20220210/2352277/2352277_1_220.jpg
엔젤 슬리브리스 화이트,https://www.musinsa.com/app/goods/2513461,//image.msscdn.net/images/goods_img/20220425/2513461/2513461_1_220.jpg
NSW 아이콘 퓨추라 나시티 AR4992-013,https://www.musinsa.com/app/goods/2572004,//image.msscdn.net/images/goods_img/20220520/2572004/2572004_1_220.jpg
[쿨탠다드] 릴렉스드 슬리브리스 탑 [애쉬 그레이],https://www.musinsa.com/app/goods/2341477,//image.msscdn.net/images/goods_img/20220204/2341477/2341477_1_220.jpg
[NF] 플로윙 투 톤 팬츠 셋업_F22QB420XD322,https://www.musinsa.com/app/goods/2478434,//image.msscdn.net/images/goods_img/20220411/2478434/2478434_1_220.jpg
[쿨탠다드] 릴렉스드 슬리브리스 탑 [네이비],https://www.musinsa.com/app/goods/2341475,//image.msscdn.net/images/goods_img/20220204/2341475/2341475_1_220.jpg
75TH 메쉬 나시 티셔츠_N222TS442P,https://www.musinsa.com/app/goods/2441387,//image.msscdn.net/images/goods_img/20220324/2441387/2441387_1_220.jpg
Romance Frill sleeveless_white,https://www.musinsa.com/app/goods/2589888,//image.msscdn.net/images/goods_img/20220530/2589888/2589888_1_220.jpg
[POP DROP Capsule] 립 탱크 탑 (T32C3TTO92TWT1L1W),https://www.musinsa.com/app/goods/2492020,//image.msscdn.net/images/goods_img/20220415/2492020/2492020_3_220.jpg
Coyote printed sleeveless Pink,https://www.musinsa.com/app/goods/2416890,//image.msscdn.net/images/goods_img/20220314/2416890/2416890_2_220.jpg
BACK LOGO SLEEVELESS OATMEAL,https://www.musinsa.com/app/goods/2596785,//image.msscdn.net/images/goods_img/20220602/2596785/2596785_1_220.jpg
소프트 투 유 슬리브리스 탑 [멜란지 그레이],https://www.musinsa.com/app/goods/2581698,//image.msscdn.net/images/goods_img/20220525/2581698/2581698_1_220.jpg
레이어드 슬리브리스 탑_긴 기장 2팩,https://www.musinsa.com/app/goods/2122563,//image.msscdn.net/images/goods_img/20210910/2122563/2122563_2_220.jpg
에센셜 수피마 슬리브리스 화이트,https://www.musinsa.com/app/goods/1412389,//image.msscdn.net/images/goods_img/20200421/1412389/1412389_2_220.jpg
EVERYDAY HALTER  BODYSUIT_T216BS300,https://www.musinsa.com/app/goods/2437070,//image.msscdn.net/images/goods_img/20220322/2437070/2437070_1_220.jpg
BUSTIER TOP,https://www.musinsa.com/app/goods/2381714,//image.msscdn.net/images/goods_img/20220223/2381714/2381714_1_220.jpg
OSSAK VMAX 민소매티셔츠_Black,https://www.musinsa.com/app/goods/2481393,//image.msscdn.net/images/goods_img/20220412/2481393/2481393_1_220.jpg
쿨메쉬 레이어드 슬리브리스 [OFFWHITE],https://www.musinsa.com/app/goods/348148,//image.msscdn.net/images/goods_img/20160504/348148/348148_4_220.jpg
Hibiscus Mesh Sleeveless Pink,https://www.musinsa.com/app/goods/1992213,//image.msscdn.net/images/goods_img/20210611/1992213/1992213_2_220.jpg
에센셜 스트랩 탑 2P (T32C3TTO32TWT10XO),https://www.musinsa.com/app/goods/2433956,//image.msscdn.net/images/goods_img/20220321/2433956/2433956_1_220.jpg
아치 로고 민소매,https://www.musinsa.com/app/goods/2232966,//image.msscdn.net/images/goods_img/20211115/2232966/2232966_2_220.jpg
클래식 애슬릭 로고 아쿠아 브라 - 아이비그린,https://www.musinsa.com/app/goods/1955570,//image.msscdn.net/images/goods_img/20210518/1955570/1955570_4_220.jpg
나일론 콤비 스트랩 나시탑 - 그레이,https://www.musinsa.com/app/goods/2016774,//image.msscdn.net/images/goods_img/20210702/2016774/2016774_4_220.jpg
OIC STRAP TOP [BLACK],https://www.musinsa.com/app/goods/2470536,//image.msscdn.net/images/goods_img/20220406/2470536/2470536_1_220.jpg
