스우시 반바지 BV6855-010,https://www.musinsa.com/app/goods/1308010,//image.msscdn.net/images/goods_img/20200217/1308010/1308010_1_220.jpg
[세트] 스우시 반바지,https://www.musinsa.com/app/goods/1501363,//image.msscdn.net/images/goods_img/20200630/1501363/1501363_1_220.jpg
[퍼포먼스] 올라운드 트레이닝 쇼츠 [블랙],https://www.musinsa.com/app/goods/1466021,//image.msscdn.net/images/goods_img/20200528/1466021/1466021_4_220.jpg
남성용 NSW 스포츠에센셜 우븐 라인드 플로우 숏팬츠 DM6829_010,https://www.musinsa.com/app/goods/2553798,//image.msscdn.net/images/goods_img/20220512/2553798/2553798_2_220.jpg
[EU] Champion로고 5인치 나일론 숏팬츠 (BLACK1) CKPA2E043BA,https://www.musinsa.com/app/goods/2461246,//image.msscdn.net/images/goods_img/20220401/2461246/2461246_1_220.jpg
[1&1] 에어스트 맨즈 쇼츠,https://www.musinsa.com/app/goods/2027403,//image.msscdn.net/images/goods_img/20210713/2027403/2027403_5_220.jpg
[EU] Champion로고 5인치 나일론 숏팬츠 (NORMAL GREEN) CKPA2E043E2,https://www.musinsa.com/app/goods/2461251,//image.msscdn.net/images/goods_img/20220401/2461251/2461251_1_220.jpg
프로 스트레치 에센셜 쇼츠 - 블랙,https://www.musinsa.com/app/goods/2547295,//image.msscdn.net/images/goods_img/20220509/2547295/2547295_1_220.jpg
Side band Shorts_Navy (Men),https://www.musinsa.com/app/goods/2564153,//image.msscdn.net/images/goods_img/20220517/2564153/2564153_1_220.jpg
[퍼포먼스] 올라운드 트레이닝 투인원 쇼츠 [블랙],https://www.musinsa.com/app/goods/2031304,//image.msscdn.net/images/goods_img/20210716/2031304/2031304_4_220.jpg
Signature summer half pants - BLACK,https://www.musinsa.com/app/goods/2569087,//image.msscdn.net/images/goods_img/20220519/2569087/2569087_1_220.jpg
[EU] Champion로고 5인치 나일론 숏팬츠 (NORMAL RED) CKPA2E043R2,https://www.musinsa.com/app/goods/2461264,//image.msscdn.net/images/goods_img/20220401/2461264/2461264_1_220.jpg
네이비 라이트 플리츠 숏팬츠 (DWPA2B452N3),https://www.musinsa.com/app/goods/2555804,//image.msscdn.net/images/goods_img/20220512/2555804/2555804_2_220.jpg
[EU] Champion로고 5인치 나일론 숏팬츠 (NORMAL BEIGE) CKPA2E043I2,https://www.musinsa.com/app/goods/2461268,//image.msscdn.net/images/goods_img/20220401/2461268/2461268_1_220.jpg
캠핑 카고 쇼츠,https://www.musinsa.com/app/goods/1853271,//image.msscdn.net/images/goods_img/20210318/1853271/1853271_1_220.jpg
[퍼포먼스] 올라운드 트레이닝 쇼츠 [다크 그레이],https://www.musinsa.com/app/goods/1466022,//image.msscdn.net/images/goods_img/20200528/1466022/1466022_5_220.jpg
[EU] Champion로고 5인치 나일론 숏팬츠 (NORMAL ORANGE) CKPA2E043O2,https://www.musinsa.com/app/goods/2461252,//image.msscdn.net/images/goods_img/20220401/2461252/2461252_1_220.jpg
[EU] Champion로고 5인치 나일론 숏팬츠 (WHITE) CKPA2E043WT,https://www.musinsa.com/app/goods/2461269,//image.msscdn.net/images/goods_img/20220401/2461269/2461269_1_220.jpg
버뮤다 컴포트핏 쇼츠 카고 팬츠(버터),https://www.musinsa.com/app/goods/2496464,//image.msscdn.net/images/goods_img/20220418/2496464/2496464_1_220.jpg
아이소칠 런 2N1 반바지 1364858-001,https://www.musinsa.com/app/goods/2506750,//image.msscdn.net/images/goods_img/20220421/2506750/2506750_1_220.jpg
[UP9041] 우븐 트랙 5부 하프 팬츠 카키,https://www.musinsa.com/app/goods/2482893,//image.msscdn.net/images/goods_img/20220412/2482893/2482893_1_220.jpg
에어스트 4.5부 쇼츠_블랙,https://www.musinsa.com/app/goods/1709886,//image.msscdn.net/images/goods_img/20201202/1709886/1709886_5_220.jpg
우먼스 드라이핏 기능성 런닝 헬스 여성 반바지 895863-010,https://www.musinsa.com/app/goods/1113010,//image.msscdn.net/images/goods_img/20190808/1113010/1113010_3_220.jpg
액티브 트리코트 빅로고 숏츠 마이클라우베이지 (UN123SHP11),https://www.musinsa.com/app/goods/2332755,//image.msscdn.net/images/goods_img/20220127/2332755/2332755_1_220.jpg
버뮤다 컴포트핏 쇼츠 카고 팬츠(블랙),https://www.musinsa.com/app/goods/2496465,//image.msscdn.net/images/goods_img/20220418/2496465/2496465_1_220.jpg
라이벌 빅 로고 쇼츠 1357118-001,https://www.musinsa.com/app/goods/1851649,//image.msscdn.net/images/goods_img/20210318/1851649/1851649_1_220.jpg
캠플 쇼츠_VO,https://www.musinsa.com/app/goods/2418780,//image.msscdn.net/images/goods_img/20220315/2418780/2418780_6_220.jpg
페이즐리 리버시블 밴딩쇼츠 2PACK,https://www.musinsa.com/app/goods/2586634,//image.msscdn.net/images/goods_img/20220527/2586634/2586634_1_220.jpg
프로 아이스스킨 에센셜 쇼츠 - 블랙,https://www.musinsa.com/app/goods/2413467,//image.msscdn.net/images/goods_img/20220311/2413467/2413467_1_220.jpg
Mesh pocket Woven Short,https://www.musinsa.com/app/goods/2512771,//image.msscdn.net/images/goods_img/20220425/2512771/2512771_3_220.jpg
액티브 에어닷 4.5부 숏츠 블랙 (UN121SHP31),https://www.musinsa.com/app/goods/2355466,//image.msscdn.net/images/goods_img/20220211/2355466/2355466_1_220.jpg
NBNVC29023 / UNI 경량 캠퍼 쇼츠 (YELLOW),https://www.musinsa.com/app/goods/2316129,//image.msscdn.net/images/goods_img/20220119/2316129/2316129_2_220.jpg
Nylon Metal Utility Shorts_L4PAM22041BKX,https://www.musinsa.com/app/goods/2408185,//image.msscdn.net/images/goods_img/20220310/2408185/2408185_3_220.jpg
하프팬츠 화이트,https://www.musinsa.com/app/goods/2574220,//image.msscdn.net/images/goods_img/20220522/2574220/2574220_6_220.jpg
액티브 프리미어 숏츠 그레이 (UN121SHP13),https://www.musinsa.com/app/goods/2306327,//image.msscdn.net/images/goods_img/20220113/2306327/2306327_1_220.jpg
액티브 초경량 3.5부 숏츠 블랙 (UN221SHP42),https://www.musinsa.com/app/goods/2464972,//image.msscdn.net/images/goods_img/20220404/2464972/2464972_1_220.jpg
에임라인 여성 하프팬츠(FG2HPE2203FNAY),https://www.musinsa.com/app/goods/2456643,//image.msscdn.net/images/goods_img/20220330/2456643/2456643_2_220.jpg
캠플 쇼츠_OR,https://www.musinsa.com/app/goods/2418782,//image.msscdn.net/images/goods_img/20220315/2418782/2418782_6_220.jpg
베이직 스판 다목적 스포츠 하프팬츠 GYM 헬스 쇼츠,https://www.musinsa.com/app/goods/2588380,//image.msscdn.net/images/goods_img/20220527/2588380/2588380_1_220.jpg
U 포틀랜드스폼반바지,https://www.musinsa.com/app/goods/2427760,//image.msscdn.net/images/goods_img/20220317/2427760/2427760_1_220.jpg
남성용 NSW 스포츠에센셜 프렌치테리 얼럼나이 숏팬츠 DM6817_010,https://www.musinsa.com/app/goods/2553794,//image.msscdn.net/images/goods_img/20220512/2553794/2553794_2_220.jpg
LAND (랜드) α 하프 팬츠_Black,https://www.musinsa.com/app/goods/2339154,//image.msscdn.net/images/goods_img/20220203/2339154/2339154_1_220.jpg
씨티쇼츠 블랙,https://www.musinsa.com/app/goods/1974411,//image.msscdn.net/images/goods_img/20210528/1974411/1974411_1_220.jpg
Nylon stretch Woven Short,https://www.musinsa.com/app/goods/2512779,//image.msscdn.net/images/goods_img/20220425/2512779/2512779_3_220.jpg
스피드 스트라이드 2.0 반바지 1369745-001,https://www.musinsa.com/app/goods/2496912,//image.msscdn.net/images/goods_img/20220418/2496912/2496912_1_220.jpg
여성 데이팩 숏팬츠 #DAY PACK_TVPOM22622BLK,https://www.musinsa.com/app/goods/2562443,//image.msscdn.net/images/goods_img/20220516/2562443/2562443_1_220.jpg
베이직 져지 쇼츠_OR,https://www.musinsa.com/app/goods/2413426,//image.msscdn.net/images/goods_img/20220311/2413426/2413426_6_220.jpg
베이직 스웨트 숏 팬츠,https://www.musinsa.com/app/goods/2591800,//image.msscdn.net/images/goods_img/20220531/2591800/2591800_1_220.jpg
LAND (랜드) β 하프 팬츠_Black,https://www.musinsa.com/app/goods/2339147,//image.msscdn.net/images/goods_img/20220203/2339147/2339147_1_220.jpg
[EU] Champion로고 5인치 나일론 숏팬츠 (DARK PURPLE) CKPA2E043U3,https://www.musinsa.com/app/goods/2461248,//image.msscdn.net/images/goods_img/20220401/2461248/2461248_1_220.jpg
7I31722 남성 액티브 숏 팬츠,https://www.musinsa.com/app/goods/2548831,//image.msscdn.net/images/goods_img/20220510/2548831/2548831_7_220.jpg
플렉스 우븐 3.0 HBR 스우시 반바지 CZ6371-469,https://www.musinsa.com/app/goods/2597054,//image.msscdn.net/images/goods_img/20220603/2597054/2597054_1_220.jpg
프렌치 테리 숏 팬츠 라이트샌드,https://www.musinsa.com/app/goods/2567421,//image.msscdn.net/images/goods_img/20220518/2567421/2567421_1_220.jpg
7HB1764 여성 C-TR 에센셜 숏 팬츠,https://www.musinsa.com/app/goods/1837259,//image.msscdn.net/images/goods_img/20210310/1837259/1837259_4_220.jpg
NS6KN01C 에센셜 쇼츠,https://www.musinsa.com/app/goods/2430010,//image.msscdn.net/images/goods_img/20220318/2430010/2430010_1_220.jpg
트레일쇼츠 블랙,https://www.musinsa.com/app/goods/1974414,//image.msscdn.net/images/goods_img/20210528/1974414/1974414_1_220.jpg
small logo half pants (LIGHT MELANGE GREY),https://www.musinsa.com/app/goods/2570689,//image.msscdn.net/images/goods_img/20220519/2570689/2570689_1_220.jpg
에어스트 맨즈 아이스 5부 쇼츠_블랙,https://www.musinsa.com/app/goods/2558231,//image.msscdn.net/images/goods_img/20220513/2558231/2558231_1_220.jpg
프로 아쿠아 에센셜 쇼츠 - 블랙,https://www.musinsa.com/app/goods/2405530,//image.msscdn.net/images/goods_img/20220308/2405530/2405530_1_220.jpg
심볼패치로고 헤비 반바지 오트밀 UB027,https://www.musinsa.com/app/goods/2581134,//image.msscdn.net/images/goods_img/20220525/2581134/2581134_1_220.jpg
기능성 5부 우븐 팬츠 - 블랙 (HM-P7154),https://www.musinsa.com/app/goods/2546290,//image.msscdn.net/images/goods_img/20220509/2546290/2546290_1_220.jpg
에어스트 맨즈 아이스 5부 쇼츠_브릭레드,https://www.musinsa.com/app/goods/2558235,//image.msscdn.net/images/goods_img/20220513/2558235/2558235_1_220.jpg
에어스트 맨즈 아이스 5부 쇼츠_이브닝블루,https://www.musinsa.com/app/goods/2558234,//image.msscdn.net/images/goods_img/20220513/2558234/2558234_1_220.jpg
에어스트 맨즈 시어서커 쇼츠_메티오블랙_(MKPSP-17BLK),https://www.musinsa.com/app/goods/1999238,//image.msscdn.net/images/goods_img/20210617/1999238/1999238_2_220.jpg
에어스트 투인원 우먼즈 쇼츠_네이비그래비티_(AKSSP-01NAV),https://www.musinsa.com/app/goods/2014956,//image.msscdn.net/images/goods_img/20210630/2014956/2014956_1_220.jpg
에어스트 투인원 우먼즈 쇼츠_메티오블랙_(AKSSP-01BLK),https://www.musinsa.com/app/goods/2014950,//image.msscdn.net/images/goods_img/20210630/2014950/2014950_1_220.jpg
에어스트 맨즈 아이스 라이닝 쇼츠_차콜그레이,https://www.musinsa.com/app/goods/2583877,//image.msscdn.net/images/goods_img/20220526/2583877/2583877_1_220.jpg
에어스트 맨즈 아이스 라이닝 쇼츠_블랙,https://www.musinsa.com/app/goods/2583875,//image.msscdn.net/images/goods_img/20220526/2583875/2583875_1_220.jpg
티로 21 트레이닝 쇼츠,https://www.musinsa.com/app/goods/2562548,//image.msscdn.net/images/goods_img/20220516/2562548/2562548_6_220.jpg
에어스트 4.5부 쇼츠_얼그레이밀크티,https://www.musinsa.com/app/goods/1709873,//image.msscdn.net/images/goods_img/20201202/1709873/1709873_5_220.jpg
티로 에센셜 쇼츠,https://www.musinsa.com/app/goods/2562778,//image.msscdn.net/images/goods_img/20220516/2562778/2562778_6_220.jpg
[퍼포먼스] 테크니컬 러닝 쇼츠 [블랙],https://www.musinsa.com/app/goods/2032900,//image.msscdn.net/images/goods_img/20210719/2032900/2032900_4_220.jpg
에어밸런스 맨즈 쇼츠_멜란지그레이,https://www.musinsa.com/app/goods/1806608,//image.msscdn.net/images/goods_img/20210222/1806608/1806608_2_220.jpg
스핀(5부바지) M,https://www.musinsa.com/app/goods/2455819,//image.msscdn.net/images/goods_img/20220330/2455819/2455819_1_220.jpg
에어스트 스트링 3부 쇼츠_벨루가차콜,https://www.musinsa.com/app/goods/2530489,//image.msscdn.net/images/goods_img/20220429/2530489/2530489_1_220.jpg
캠플 쇼츠_BG,https://www.musinsa.com/app/goods/2418777,//image.msscdn.net/images/goods_img/20220315/2418777/2418777_6_220.jpg
라이브 멘즈 쇼츠,https://www.musinsa.com/app/goods/2003530,//image.msscdn.net/images/goods_img/20210621/2003530/2003530_1_220.jpg
카고 포켓 팬츠 (화이트),https://www.musinsa.com/app/goods/2493365,//image.msscdn.net/images/goods_img/20220415/2493365/2493365_1_220.jpg
남성 라이벌 테리 반바지 1361631-001,https://www.musinsa.com/app/goods/1855243,//image.msscdn.net/images/goods_img/20210319/1855243/1855243_1_220.jpg
엔트라다 22 쇼츠,https://www.musinsa.com/app/goods/2562758,//image.msscdn.net/images/goods_img/20220516/2562758/2562758_6_220.jpg
플레이 럽 쇼츠 3.0 1344552-001,https://www.musinsa.com/app/goods/2042391,//image.msscdn.net/images/goods_img/20210728/2042391/2042391_1_220.jpg
스텝 쇼츠 반바지,https://www.musinsa.com/app/goods/2009632,//image.msscdn.net/images/goods_img/20210625/2009632/2009632_8_220.png
액티브 트리코트 빅로고 숏츠 블랙 (UN123SHP11),https://www.musinsa.com/app/goods/2332733,//image.msscdn.net/images/goods_img/20220127/2332733/2332733_1_220.jpg
7HA1764 남성 C-TR 에센셜 숏 팬츠,https://www.musinsa.com/app/goods/1833990,//image.msscdn.net/images/goods_img/20210309/1833990/1833990_3_220.png
FLEX CAMO GRAPHIC TRAINING SHORTS_CZ2429-073,https://www.musinsa.com/app/goods/2562535,//image.msscdn.net/images/goods_img/20220516/2562535/2562535_1_220.jpg
남녀공용 쿨링우븐 5부 반바지 KMMXSL05,https://www.musinsa.com/app/goods/2543025,//image.msscdn.net/images/goods_img/20220504/2543025/2543025_1_220.jpg
[EU] Champion로고 5인치 나일론 숏팬츠 (LIGHT NAVY) CKPA2E043N1,https://www.musinsa.com/app/goods/2461249,//image.msscdn.net/images/goods_img/20220401/2461249/2461249_1_220.jpg
[넷피엑스] 썬 프로텍션 반바지 (카키),https://www.musinsa.com/app/goods/527419,//image.msscdn.net/images/goods_img/20170324/527419/527419_1_220.jpg
남성 액티브 레깅스바지,https://www.musinsa.com/app/goods/1530680,//image.msscdn.net/images/goods_img/20200729/1530680/1530680_1_220.jpg
클럽 스트랩 하프 팬츠 BLACK,https://www.musinsa.com/app/goods/2007149,//image.msscdn.net/images/goods_img/20210623/2007149/2007149_1_220.jpg
