½ÃÆ¼º¸ÀÌ ºò¿À¹ö ¿Á½ºÆ÷µå ¹ÝÆÈ ¼ÅÃ÷_Sky Blue,https://www.musinsa.com/app/goods/1935180,//image.msscdn.net/images/goods_img/20210503/1935180/1935180_1_220.jpg
Ä¿½ºÅÒ ÇÍ ¸®³Ù ¼ÅÃ÷ - È­ÀÌÆ®,https://www.musinsa.com/app/goods/2406911,//image.msscdn.net/images/goods_img/20220308/2406911/2406911_2_220.jpg
½ÃÆ¼º¸ÀÌ ºò¿À¹ö ¿Á½ºÆ÷µå ¼ÅÃ÷_Royal Blue,https://www.musinsa.com/app/goods/2024232,//image.msscdn.net/images/goods_img/20210708/2024232/2024232_1_220.jpg
[Package]½ÃÆ¼º¸ÀÌ ºò¿À¹ö ¿Á½ºÆ÷µå ¹ÝÆÈ ¼ÅÃ÷_6color,https://www.musinsa.com/app/goods/2591897,//image.msscdn.net/images/goods_img/20220531/2591897/2591897_2_220.jpg
½ÃÆ¼º¸ÀÌ ºò¿À¹ö ¿Á½ºÆ÷µå ¹ÝÆÈ ¼ÅÃ÷_White,https://www.musinsa.com/app/goods/1935174,//image.msscdn.net/images/goods_img/20210503/1935174/1935174_2_220.jpg
[¼¼Æ®][¼±ÅÃ] ½ºÅæ ¿ö½Ì µ¥´Ô ¼Â¾÷ ºí·ç,https://www.musinsa.com/app/goods/2524570,//image.msscdn.net/images/goods_img/20220427/2524570/2524570_1_220.jpg
·çÁîÇÍ ¿ÀÇÂÄ«¶ó ÅÙ¼¿ ¸°³Ù ¼ÅÃ÷ [³×ÀÌºñ],https://www.musinsa.com/app/goods/1008043,//image.msscdn.net/images/goods_img/20190408/1008043/1008043_5_220.jpg
Ä¿½ºÅÒ ÇÍ ¸®³Ù ¼ÅÃ÷ - ³×ÀÌºñ,https://www.musinsa.com/app/goods/2406910,//image.msscdn.net/images/goods_img/20220308/2406910/2406910_2_220.jpg
½ÃÆ¼º¸ÀÌ ºò¿À¹ö ¿Á½ºÆ÷µå ¼ÅÃ÷_Neutral Gray,https://www.musinsa.com/app/goods/2024212,//image.msscdn.net/images/goods_img/20210708/2024212/2024212_3_220.jpg
22SS Writer Shirt (Almond Milk),https://www.musinsa.com/app/goods/2553733,//image.msscdn.net/images/goods_img/20220512/2553733/2553733_1_220.jpg
½ÃÆ¼º¸ÀÌ ºò¿À¹ö ¸°³Ù ¹ÝÆÈ ¼ÅÃ÷_Midnight Blue,https://www.musinsa.com/app/goods/1976299,//image.msscdn.net/images/goods_img/20210531/1976299/1976299_1_220.jpg
½ÃÆ¼º¸ÀÌ ºò¿À¹ö ¿Á½ºÆ÷µå ¹ÝÆÈ ¼ÅÃ÷_Ash Gray,https://www.musinsa.com/app/goods/1935179,//image.msscdn.net/images/goods_img/20210503/1935179/1935179_1_220.jpg
½ÃÆ¼º¸ÀÌ ºò¿À¹ö ¿Á½ºÆ÷µå ¼ÅÃ÷_Off White,https://www.musinsa.com/app/goods/2024234,//image.msscdn.net/images/goods_img/20210708/2024234/2024234_1_220.jpg
½ÃÆ¼º¸ÀÌ ¿Á½ºÆ÷µå ¿øÆ÷ÄÏ ¿À¹öÇÍ ¼Ö¸®µå ¼ÅÃ÷ ¿ÀÇÁÈ­ÀÌÆ®,https://www.musinsa.com/app/goods/2060689,//image.msscdn.net/images/goods_img/20210812/2060689/2060689_5_220.jpg
ÄÚÆ° ºí·»µå ÇÏÇÁ ¼ÅÃ÷ : 7ÄÃ·¯,https://www.musinsa.com/app/goods/2482720,//image.msscdn.net/images/goods_img/20220412/2482720/2482720_1_220.jpg
¿À¹ö»çÀÌÁî Ç®¿À¹ö Ä«¶ó ¹ÝÆÈ ¼ÅÃ÷ [BLACK],https://www.musinsa.com/app/goods/2510196,//image.msscdn.net/images/goods_img/20220422/2510196/2510196_1_220.jpg
Ä¿½ºÅÒÇÍ ¿Á½ºÆ÷µå ¼ÅÃ÷ - È­ÀÌÆ®,https://www.musinsa.com/app/goods/1706633,//image.msscdn.net/images/goods_img/20201130/1706633/1706633_2_220.jpg
·çÁîÇÍ ¿ÀÇÂÄ«¶ó ÅÙ¼¿ ¸°³Ù ¼ÅÃ÷ [¿ÀÆ®¹Ð],https://www.musinsa.com/app/goods/1008039,//image.msscdn.net/images/goods_img/20190408/1008039/1008039_5_220.jpg
WOMEN Å©·Ó ½½¸² ¹ÝÆÈ ¼ÅÃ÷ [WHITE] Å©·ÓÆ¼ ¹ÝÆÈÆ¼,https://www.musinsa.com/app/goods/1952975,//image.msscdn.net/images/goods_img/20210516/1952975/1952975_1_220.jpg
½½¸²ÇÍ ¼ô ½½¸®ºê ¿Á½ºÆ÷µå ¼ÅÃ÷ - È­ÀÌÆ®,https://www.musinsa.com/app/goods/2406922,//image.msscdn.net/images/goods_img/20220308/2406922/2406922_2_220.jpg
Ä¿½ºÅÒÇÍ Æ÷ÇÃ¸° ¼ÅÃ÷ - È­ÀÌÆ®,https://www.musinsa.com/app/goods/2364807,//image.msscdn.net/images/goods_img/20220216/2364807/2364807_2_220.jpg
[LMOOD X ±ø ½ºÅ¸ÀÏ¸®½ºÆ®] ½ãÀ£ ¶óÀÌÅ© ¸°³Ù ¼¼¹Ì¿À¹ö ¼ÅÃ÷ (7 COLOR),https://www.musinsa.com/app/goods/2454241,//image.msscdn.net/images/goods_img/20220329/2454241/2454241_2_220.jpg
¿À¹öÇÍ ¿Á½ºÆ÷µå ¼ÅÃ÷_SPYWC12C02,https://www.musinsa.com/app/goods/2272830,//image.msscdn.net/images/goods_img/20211220/2272830/2272830_38_220.jpg
[MUSINSA EDITION] Ä¿½ºÅÒÇÍ Å¬·¡½Ä ¿Á½ºÆ÷µå ¼ÅÃ÷  - È­ÀÌÆ®,https://www.musinsa.com/app/goods/2406919,//image.msscdn.net/images/goods_img/20220308/2406919/2406919_4_220.jpg
[Á¤ÇØÀÎ Âø¿ë] [COMMON]¸°³ÙÈ¥¹æ¼ÅÃ÷ MWWS3120,https://www.musinsa.com/app/goods/1882125,//image.msscdn.net/images/goods_img/20210406/1882125/1882125_3_220.jpg
Æú¸® ¼ÅÃ÷ S37-2  ¾Ö½¬ ±×·¹ÀÌ,https://www.musinsa.com/app/goods/1458793,//image.msscdn.net/images/goods_img/20200522/1458793/1458793_8_220.jpg
¿À¹ö»çÀÌÁî ½ºÅæ ¿ö½Ì µ¥´Ô ¼ÅÃ÷ ºí·ç,https://www.musinsa.com/app/goods/2392759,//image.msscdn.net/images/goods_img/20220302/2392759/2392759_2_220.jpg
[ÃÖÇö¿í Âø¿ë] (OVERSIZED) EMBROIDERY OXFORD SS SHIRT LIGHT BLUE,https://www.musinsa.com/app/goods/2517163,//image.msscdn.net/images/goods_img/20220426/2517163/2517163_7_220.jpg
Ä¿½ºÅÒÇÍ ¿Á½ºÆ÷µå ¼ÅÃ÷ - ºí·ç,https://www.musinsa.com/app/goods/1706634,//image.msscdn.net/images/goods_img/20201130/1706634/1706634_2_220.jpg
¼Ö¸®µå ¿Á½ºÆ÷µå ¿À¹ö¼ÅÃ÷(½ºÄ«ÀÌºí·ç),https://www.musinsa.com/app/goods/1336398,//image.msscdn.net/images/goods_img/20200305/1336398/1336398_2_220.jpg
22SS Writer Shirt (Dove Gray),https://www.musinsa.com/app/goods/2553732,//image.msscdn.net/images/goods_img/20220512/2553732/2553732_1_220.jpg
¸°³Ù È÷µç ¹Ì´Ï¸Ö ¼ÅÃ÷ [SKY BLUE],https://www.musinsa.com/app/goods/1491139,//image.msscdn.net/images/goods_img/20200619/1491139/1491139_1_220.jpg
¼Ö¸®µå ¿Á½ºÆ÷µå ¿À¹ö¼ÅÃ÷(È­ÀÌÆ®),https://www.musinsa.com/app/goods/1336290,//image.msscdn.net/images/goods_img/20200305/1336290/1336290_3_220.jpg
ºò ÇÏÇÁ ¼ÅÃ÷ (·¹¸ó),https://www.musinsa.com/app/goods/2513448,//image.msscdn.net/images/goods_img/20220425/2513448/2513448_1_220.jpg
[ONEMILE WEAR] 2PACK SMALL ARCH OVERSIZED SS SHIRT WHITE / BLUE,https://www.musinsa.com/app/goods/2508796,//image.msscdn.net/images/goods_img/20220422/2508796/2508796_2_220.jpg
60¼ö °í¹Ðµµ ÄÚÆ° ¹ÝÆÈ ¼ÅÃ÷ Åæ´Ù¿î ½ºÄ«ÀÌºí·ç,https://www.musinsa.com/app/goods/2524941,//image.msscdn.net/images/goods_img/20220427/2524941/2524941_1_220.jpg
½ÃÆ¼º¸ÀÌ º¸Æ®ÀÚ¼ö ¿Á½ºÆ÷µå ¿À¹öÇÍ ¹ÝÆÈ¼ÅÃ÷ (STRIPE),https://www.musinsa.com/app/goods/1951472,//image.msscdn.net/images/goods_img/20210514/1951472/1951472_1_220.jpg
½ÃÆ¼º¸ÀÌ º¸Æ®ÀÚ¼ö ¸°³Ù ¿À¹öÇÍ ¹ÝÆÈ¼ÅÃ÷ (BEIGE),https://www.musinsa.com/app/goods/2494133,//image.msscdn.net/images/goods_img/20220416/2494133/2494133_1_220.jpg
½ÃÆ¼º¸ÀÌ º¸Æ®ÀÚ¼ö ¿Á½ºÆ÷µå ¿À¹öÇÍ ¹ÝÆÈ¼ÅÃ÷ (WHITE),https://www.musinsa.com/app/goods/1951473,//image.msscdn.net/images/goods_img/20210514/1951473/1951473_2_220.jpg
·çÁîÇÍ ¿ÀÇÂÄ«¶ó ÅÙ¼¿ ¸°³Ù ¼ÅÃ÷ [ºí·¢],https://www.musinsa.com/app/goods/1067420,//image.msscdn.net/images/goods_img/20190610/1067420/1067420_5_220.jpg
½ÃÆ¼º¸ÀÌ ¿Á½ºÆ÷µå ¿øÆ÷ÄÏ ¿À¹öÇÍ ¼Ö¸®µå ¼ÅÃ÷ ¶óº¥´õ,https://www.musinsa.com/app/goods/2060695,//image.msscdn.net/images/goods_img/20210812/2060695/2060695_4_220.jpg
½ÃÆ¼º¸ÀÌ º¸Æ®ÀÚ¼ö ¿Á½ºÆ÷µå ¿À¹öÇÍ ¹ÝÆÈ¼ÅÃ÷ (SKY BLUE),https://www.musinsa.com/app/goods/1951474,//image.msscdn.net/images/goods_img/20210514/1951474/1951474_2_220.jpg
·çÁîÇÍ ¿ÀÇÂÄ«¶ó ÅÙ¼¿ ¸°³Ù ¼ÅÃ÷ [½ºÄ«ÀÌ ºí·ç],https://www.musinsa.com/app/goods/1914059,//image.msscdn.net/images/goods_img/20210421/1914059/1914059_4_220.jpg
¿À¹ö»çÀÌÁî ¿Á½ºÆ÷µå ¹ÝÆÈ ¼ÅÃ÷ [½ºÄ«ÀÌ ºí·ç],https://www.musinsa.com/app/goods/2312248,//image.msscdn.net/images/goods_img/20220118/2312248/2312248_1_220.jpg
¿ÍÀÌµå ½ºÆ®¸µ ÇÏÇÁ ¼ÅÃ÷ _Sand Gray,https://www.musinsa.com/app/goods/2500379,//image.msscdn.net/images/goods_img/20220419/2500379/2500379_1_220.jpg
¸°³Ù Æ÷ÄÏ ¿À¹öÇÍ ¹ÝÆÈ ¼ÅÃ÷ [³×ÀÌºñ],https://www.musinsa.com/app/goods/2540261,//image.msscdn.net/images/goods_img/20220503/2540261/2540261_1_220.jpg
¿À¹ö»çÀÌÁî ¿Á½ºÆ÷µå ¹ÝÆÈ ¼ÅÃ÷ [È­ÀÌÆ®],https://www.musinsa.com/app/goods/2312245,//image.msscdn.net/images/goods_img/20220118/2312245/2312245_1_220.jpg
LAUNDRY SHIRT (SKY BLUE),https://www.musinsa.com/app/goods/2065712,//image.msscdn.net/images/goods_img/20210817/2065712/2065712_2_220.jpg
TC1-SH07 ÆäÀÌÆÛ¼ÅÃ÷-¹ÎÆ®±×·¹ÀÌ,https://www.musinsa.com/app/goods/2305852,//image.msscdn.net/images/goods_img/20220113/2305852/2305852_2_220.jpg
½ÃÆ¼º¸ÀÌ ¿Á½ºÆ÷µå ¿øÆ÷ÄÏ ¿À¹öÇÍ ¼Ö¸®µå ¼ÅÃ÷ ¿¬ºí·ç,https://www.musinsa.com/app/goods/2060692,//image.msscdn.net/images/goods_img/20210812/2060692/2060692_3_220.jpg
ºò ÇÏÇÁ ¼ÅÃ÷ (ÇÇ½ºÅ¸Ä¡¿À),https://www.musinsa.com/app/goods/2513444,//image.msscdn.net/images/goods_img/20220425/2513444/2513444_1_220.jpg
EG Relaxed S/S Shirts White,https://www.musinsa.com/app/goods/2492943,//image.msscdn.net/images/goods_img/20220415/2492943/2492943_2_220.jpg
¿ÍÀÌµå ½ºÆ®¸µ ÇÏÇÁ ¼ÅÃ÷ _Ice Blue,https://www.musinsa.com/app/goods/2500370,//image.msscdn.net/images/goods_img/20220419/2500370/2500370_1_220.jpg
¿ÍÀÌµå ½ºÆ®¸µ ÇÏÇÁ ¼ÅÃ÷ _Off White,https://www.musinsa.com/app/goods/2500375,//image.msscdn.net/images/goods_img/20220419/2500375/2500375_1_220.jpg
60¼ö °í¹Ðµµ ÄÚÆ° ¹ÝÆÈ ¼ÅÃ÷ ¶óÀÌÆ® ±×·¹ÀÌ,https://www.musinsa.com/app/goods/2524940,//image.msscdn.net/images/goods_img/20220427/2524940/2524940_1_220.jpg
¿À¹öÇÍ ÄÄÆ÷Æ® ÇÏÇÁ ¼Â¾÷ ´ÙÅ©±×·¹ÀÌ,https://www.musinsa.com/app/goods/2533765,//image.msscdn.net/images/goods_img/20220502/2533765/2533765_1_220.jpg
Äð¸µ µ¥´Ô ·çÁî ¹ÝÆÈ ¼ÅÃ÷ ºí·¢,https://www.musinsa.com/app/goods/2542273,//image.msscdn.net/images/goods_img/20220504/2542273/2542273_1_220.jpg
Å©·Î¼Î ¼ÅÃ÷ [ºí·¢],https://www.musinsa.com/app/goods/2476711,//image.msscdn.net/images/goods_img/20220408/2476711/2476711_1_220.jpg
TC1-SH07 ÆäÀÌÆÛ¼ÅÃ÷-È­ÀÌÆ®,https://www.musinsa.com/app/goods/2305844,//image.msscdn.net/images/goods_img/20220113/2305844/2305844_3_220.jpg
À¯Æ¿¸®Æ¼ ÇÏÇÁ ¼Â¾÷ ºí·¢,https://www.musinsa.com/app/goods/2485748,//image.msscdn.net/images/goods_img/20220413/2485748/2485748_2_220.jpg
½ÃÆ¼º¸ÀÌ ºò ¿À¹ö ¿Á½ºÆ÷µå ÇÏÇÁ ¼ÅÃ÷-È­ÀÌÆ®,https://www.musinsa.com/app/goods/2485926,//image.msscdn.net/images/goods_img/20220413/2485926/2485926_5_220.jpg
Oxford S/S Over Shirts Off White,https://www.musinsa.com/app/goods/2535205,//image.msscdn.net/images/goods_img/20220502/2535205/2535205_1_220.jpg
ÆÄÀÎµ¥ÀÌ ¹Ú½º¼ÅÃ÷_PURPLE BLUE,https://www.musinsa.com/app/goods/1946116,//image.msscdn.net/images/goods_img/20210511/1946116/1946116_2_220.jpg
Open Collar Shirts (Dark Peach),https://www.musinsa.com/app/goods/2351792,//image.msscdn.net/images/goods_img/20220210/2351792/2351792_1_220.jpg
oxford bd short shirts blue,https://www.musinsa.com/app/goods/1906829,//image.msscdn.net/images/goods_img/20210419/1906829/1906829_1_220.jpg
TC1-SH08 ÇÁ·»Ä¡ ½ºÆ®¶óÀÌÇÁ ¼ÅÃ÷-³×ÀÌºñ,https://www.musinsa.com/app/goods/2305840,//image.msscdn.net/images/goods_img/20220113/2305840/2305840_2_220.jpg
¿À¹ö»çÀÌÁî ÅÙ¼¿ ¸°³Ù ¼ÅÃ÷ - 9 COLOR,https://www.musinsa.com/app/goods/2487714,//image.msscdn.net/images/goods_img/20220414/2487714/2487714_1_220.jpg
[¼¼Æ®][¼±ÅÃ] ½ºÅæ ¿ö½Ì µ¥´Ô ¼Â¾÷ ºí·¢,https://www.musinsa.com/app/goods/2524563,//image.msscdn.net/images/goods_img/20220427/2524563/2524563_2_220.jpg
[ÆÐÅ°Áö] ¾ÆÅ©·Î¸ÅÆ½ ÇÃ·çÀÌµå ¸°³Ù Æ÷ÄÏ ¼ÅÃ÷,https://www.musinsa.com/app/goods/2578564,//image.msscdn.net/images/goods_img/20220524/2578564/2578564_5_220.jpg
[Á¤ÇØÀÎ Âø¿ë] [YOUTH]¿Á½ºÆ÷µå¿À¹öÇÍ¹ÝÆÈ¼ÅÃ÷ MWWS3153,https://www.musinsa.com/app/goods/2450058,//image.msscdn.net/images/goods_img/20220328/2450058/2450058_4_220.jpg
À¯Æ¿¸®Æ¼ ÇÏÇÁ ¼Â¾÷ ¿Ã¸®ºê,https://www.musinsa.com/app/goods/2485778,//image.msscdn.net/images/goods_img/20220413/2485778/2485778_2_220.jpg
¸±·º½º ÇÍ ½ÇÅ° ¼ÅÃ÷ [´ÙÅ© ³×ÀÌºñ],https://www.musinsa.com/app/goods/983824,//image.msscdn.net/images/goods_img/20190315/983824/983824_1_220.jpg
¼Å¸µ ¿Á½ºÆÛµå ºò¿À¹ö ÇÏÇÁ ¼ÅÃ÷_Yellow,https://www.musinsa.com/app/goods/2502609,//image.msscdn.net/images/goods_img/20220420/2502609/2502609_5_220.jpg
¸°³Ù È÷µç ¹Ì´Ï¸Ö ¼ÅÃ÷ [CHARCOAL],https://www.musinsa.com/app/goods/1491137,//image.msscdn.net/images/goods_img/20200619/1491137/1491137_1_220.jpg
22SS Writer Shirt (Hazy Sky),https://www.musinsa.com/app/goods/2553731,//image.msscdn.net/images/goods_img/20220512/2553731/2553731_1_220.jpg
BACK RIBBON SQUARE Short-sleeve BLOUSE BLACK,https://www.musinsa.com/app/goods/2390902,//image.msscdn.net/images/goods_img/20220302/2390902/2390902_4_220.jpg
¸±·º½º ÇÍ ½ÇÅ° ¼ÅÃ÷ [ºí·¢],https://www.musinsa.com/app/goods/983819,//image.msscdn.net/images/goods_img/20190315/983819/983819_1_220.jpg
¸±·º½º ÇÍ ½ÇÅ° ¼ÅÃ÷ [È­ÀÌÆ®],https://www.musinsa.com/app/goods/983818,//image.msscdn.net/images/goods_img/20190315/983818/983818_1_220.jpg
C ·Î°í ¿Á½ºÆ÷µå ½ºÆ®¶óÀÌÇÁ ¼ÅÃ÷ ±×·¹ÀÌ,https://www.musinsa.com/app/goods/1550594,//image.msscdn.net/images/goods_img/20200814/1550594/1550594_4_220.jpg
22SS Writer Shirt (Graphite),https://www.musinsa.com/app/goods/2553735,//image.msscdn.net/images/goods_img/20220512/2553735/2553735_1_220.jpg
ÇÏ¿îµå Åõ½º Ã¼Å© ¹ÝÆÈ¼ÅÃ÷ Ä«Å° HSSS2207,https://www.musinsa.com/app/goods/1015136,//image.msscdn.net/images/goods_img/20190416/1015136/1015136_1_220.jpg
½ÃÆ¼º¸ÀÌ ºò ¿À¹ö ¿Á½ºÆ÷µå ÇÏÇÁ ¼ÅÃ÷-ºí·ç,https://www.musinsa.com/app/goods/2485923,//image.msscdn.net/images/goods_img/20220413/2485923/2485923_7_220.jpg
½ÃÆ¼º¸ÀÌ ºò¿À¹ö ¿Á½ºÆ÷µå ¹ÝÆÈ ¼ÅÃ÷_Neo Mint,https://www.musinsa.com/app/goods/2591893,//image.msscdn.net/images/goods_img/20220531/2591893/2591893_2_220.jpg
½Ã¾î¼­Ä¿ ·çÁîÇÍ ¿ÀÇÂÄ«¶ó ¼ÅÃ÷ [BLACK],https://www.musinsa.com/app/goods/2510192,//image.msscdn.net/images/goods_img/20220422/2510192/2510192_1_220.jpg
[22SS] [ÆÐÅ°Áö] 2pack ¸ÅÄ¡¿À¹öÇÍ ¹ÝÆÈ¼ÅÃ÷ 4Á¾ BJSS4426,https://www.musinsa.com/app/goods/2461307,//image.msscdn.net/images/goods_img/20220401/2461307/2461307_2_220.jpg
½ÃÆ¼º¸ÀÌ ºò¿À¹ö ¿Á½ºÆ÷µå ¹ÝÆÈ ¼ÅÃ÷_Sunny Yellow,https://www.musinsa.com/app/goods/2591889,//image.msscdn.net/images/goods_img/20220531/2591889/2591889_2_220.jpg
STRIPE HANDSOME DAN SHIRT BLUE,https://www.musinsa.com/app/goods/1776344,//image.msscdn.net/images/goods_img/20210203/1776344/1776344_3_220.jpg
STRING PULLOVER HALF SHIRT _ BEIGE,https://www.musinsa.com/app/goods/2570746,//image.msscdn.net/images/goods_img/20220519/2570746/2570746_1_220.jpg
STRIPE COTTON SHIRT,https://www.musinsa.com/app/goods/2580451,//image.msscdn.net/images/goods_img/20220525/2580451/2580451_1_220.jpg
¼Å¸µ ¿Á½ºÆÛµå ºò¿À¹ö ÇÏÇÁ ¼ÅÃ÷_Ice Blue,https://www.musinsa.com/app/goods/2502606,//image.msscdn.net/images/goods_img/20220420/2502606/2502606_2_220.jpg
