M-1965 피쉬테일 숏 파카_Black,https://www.musinsa.com/app/goods/2325056,//image.msscdn.net/images/goods_img/20220124/2325056/2325056_1_220.jpg
[이동휘 착용] [리뉴얼 ver.][3M 신슐레이트]오리지널 M-1965 피쉬테일 파카_Original Khaki,https://www.musinsa.com/app/goods/2064478,//image.msscdn.net/images/goods_img/20210813/2064478/2064478_3_220.jpg
코다커리 피쉬테일 자켓 IVORY,https://www.musinsa.com/app/goods/2286462,//image.msscdn.net/images/goods_img/20211230/2286462/2286462_3_220.jpg
씸볼 컬러 콤비네이션 아노락 NY (Black),https://www.musinsa.com/app/goods/2044940,//image.msscdn.net/images/goods_img/20210730/2044940/2044940_3_220.jpg
[리뉴얼 ver.][3M 신슐레이트] M-1965 피쉬테일 숏 파카_Vintage Black,https://www.musinsa.com/app/goods/2102252,//image.msscdn.net/images/goods_img/20210901/2102252/2102252_3_220.jpg
볼륨 후드 파카 OL,https://www.musinsa.com/app/goods/2345583,//image.msscdn.net/images/goods_img/20220208/2345583/2345583_3_220.jpg
코다커리 피쉬테일 자켓 KHAKI,https://www.musinsa.com/app/goods/2286461,//image.msscdn.net/images/goods_img/20211230/2286461/2286461_3_220.jpg
베이직 후디드 바람막이 NY (Black),https://www.musinsa.com/app/goods/2044944,//image.msscdn.net/images/goods_img/20210730/2044944/2044944_3_220.jpg
22ss m51 short jacket black,https://www.musinsa.com/app/goods/2342460,//image.msscdn.net/images/goods_img/20220206/2342460/2342460_3_220.jpg
컴뱃 트로피칼 유틸리티 자켓_Black,https://www.musinsa.com/app/goods/2325054,//image.msscdn.net/images/goods_img/20220124/2325054/2325054_1_220.jpg
데일리 몬스터 파카 블랙,https://www.musinsa.com/app/goods/2135052,//image.msscdn.net/images/goods_img/20210916/2135052/2135052_1_220.jpg
WOMEN 크롭 오버핏 숏 야상 점퍼 자켓 [BLACK],https://www.musinsa.com/app/goods/1820001,//image.msscdn.net/images/goods_img/20210302/1820001/1820001_2_220.jpg
블랙 오버핏 쉘파카 점퍼 IEJU2E012BK,https://www.musinsa.com/app/goods/2355135,//image.msscdn.net/images/goods_img/20220211/2355135/2355135_2_220.jpg
[Elliott] 레인 사파리 코트 블랙,https://www.musinsa.com/app/goods/1557982,//image.msscdn.net/images/goods_img/20200820/1557982/1557982_1_220.jpg
어프로칭 필드 자켓 민트 그레이,https://www.musinsa.com/app/goods/1757580,//image.msscdn.net/images/goods_img/20210121/1757580/1757580_1_220.jpg
컴뱃 트로피칼 유틸리티 자켓_Khaki,https://www.musinsa.com/app/goods/2325053,//image.msscdn.net/images/goods_img/20220124/2325053/2325053_1_220.jpg
[CP] 크롭 투웨이 슬림 밴딩 숏 야상 점퍼 자켓 [GRAY] 바람막이 ver.,https://www.musinsa.com/app/goods/2369558,//image.msscdn.net/images/goods_img/20220217/2369558/2369558_1_220.jpg
M-1965 피쉬테일 숏 파카_Khaki,https://www.musinsa.com/app/goods/2325055,//image.msscdn.net/images/goods_img/20220124/2325055/2325055_1_220.jpg
[이동휘 착용] [리뉴얼 ver.][3M 신슐레이트]오리지널 M-1965 피쉬테일 파카_Vintage Black,https://www.musinsa.com/app/goods/2064480,//image.msscdn.net/images/goods_img/20210813/2064480/2064480_3_220.jpg
블랙 오버핏 투 톤 볼륨 크롭 야상 IEJU2E003BK,https://www.musinsa.com/app/goods/2314985,//image.msscdn.net/images/goods_img/20220119/2314985/2314985_2_220.jpg
M-65 필드 자켓 블랙,https://www.musinsa.com/app/goods/2383477,//image.msscdn.net/images/goods_img/20220224/2383477/2383477_1_220.jpg
[UNISEX]블랙라벨 피쉬테일 오버핏 화이트클립 숏자켓 M-51_블랙,https://www.musinsa.com/app/goods/1006232,//image.msscdn.net/images/goods_img/20190405/1006232/1006232_2_220.jpg
3M 신슐레이트 M-51 피시테일 코트 패딩 카키,https://www.musinsa.com/app/goods/1204448,//image.msscdn.net/images/goods_img/20191028/1204448/1204448_2_220.jpg
오리지널 M-1951 피쉬테일 후드 파카_Black,https://www.musinsa.com/app/goods/2325058,//image.msscdn.net/images/goods_img/20220124/2325058/2325058_3_220.jpg
M 테크 롱 파카 블랙,https://www.musinsa.com/app/goods/2136393,//image.msscdn.net/images/goods_img/20210916/2136393/2136393_2_220.jpg
OSCAR FISHTAIL JACKET 002 _ OLIVE,https://www.musinsa.com/app/goods/2101000,//image.msscdn.net/images/goods_img/20210831/2101000/2101000_1_220.jpg
밀 M-51 피쉬테일 야상 코트 그레이,https://www.musinsa.com/app/goods/2053744,//image.msscdn.net/images/goods_img/20210809/2053744/2053744_1_220.jpg
데일리 몬스터 파카 세이지그린,https://www.musinsa.com/app/goods/2135053,//image.msscdn.net/images/goods_img/20210916/2135053/2135053_1_220.jpg
[리뉴얼 ver.][3M 신슐레이트] M-1965 피쉬테일 숏 파카_Original Khaki,https://www.musinsa.com/app/goods/2102243,//image.msscdn.net/images/goods_img/20210901/2102243/2102243_3_220.jpg
씸볼 컬러 콤비네이션 아노락 NY (Ivory),https://www.musinsa.com/app/goods/2044939,//image.msscdn.net/images/goods_img/20210730/2044939/2044939_3_220.jpg
041 Safari Black,https://www.musinsa.com/app/goods/1280367,//image.msscdn.net/images/goods_img/20200123/1280367/1280367_2_220.jpg
WOMEN 크롭 오버핏 숏 야상 점퍼 자켓 [WHITE],https://www.musinsa.com/app/goods/2379403,//image.msscdn.net/images/goods_img/20220223/2379403/2379403_1_220.jpg
숏 피쉬테일 자켓 블랙,https://www.musinsa.com/app/goods/2344292,//image.msscdn.net/images/goods_img/20220207/2344292/2344292_1_220.jpg
오리지널 M-1951 피쉬테일 후드 파카_Khaki,https://www.musinsa.com/app/goods/2325057,//image.msscdn.net/images/goods_img/20220124/2325057/2325057_1_220.jpg
오리지널 헤비 덕다운 M-1990 스웨덴 파카_Black,https://www.musinsa.com/app/goods/2211155,//image.msscdn.net/images/goods_img/20211102/2211155/2211155_2_220.jpg
[ATW X 서순원] 아트웍 야상 오버핏 자켓,https://www.musinsa.com/app/goods/1328229,//image.msscdn.net/images/goods_img/20200228/1328229/1328229_2_220.jpg
M-51 필드 자켓 블랙,https://www.musinsa.com/app/goods/2091284,//image.msscdn.net/images/goods_img/20210826/2091284/2091284_2_220.jpg
BDU 유틸리티 필드 자켓_Black,https://www.musinsa.com/app/goods/2325052,//image.msscdn.net/images/goods_img/20220124/2325052/2325052_1_220.jpg
오리지널 헤비 덕다운 M-1990 스웨덴 파카_Khaki,https://www.musinsa.com/app/goods/2211156,//image.msscdn.net/images/goods_img/20211102/2211156/2211156_2_220.jpg
스탠다드 오버핏 바람막이 점퍼 자켓 [아이보리],https://www.musinsa.com/app/goods/2477734,//image.msscdn.net/images/goods_img/20220408/2477734/2477734_1_220.jpg
M65 Blouson Jacket Black,https://www.musinsa.com/app/goods/2123888,//image.msscdn.net/images/goods_img/20210910/2123888/2123888_1_220.jpg
M-51 피쉬테일 오버사이즈 코트 블랙,https://www.musinsa.com/app/goods/2195545,//image.msscdn.net/images/goods_img/20211025/2195545/2195545_2_220.jpg
Combat Field Jacket Olive,https://www.musinsa.com/app/goods/2288738,//image.msscdn.net/images/goods_img/20220103/2288738/2288738_1_220.jpg
유틸리티 정글 퍼티그 자켓  올리브,https://www.musinsa.com/app/goods/1547444,//image.msscdn.net/images/goods_img/20200812/1547444/1547444_1_220.jpg
m65 wind breaker black,https://www.musinsa.com/app/goods/2342455,//image.msscdn.net/images/goods_img/20220206/2342455/2342455_3_220.jpg
베이직 후디드 바람막이 NY (Beige),https://www.musinsa.com/app/goods/2044945,//image.msscdn.net/images/goods_img/20210730/2044945/2044945_2_220.jpg
M65 Blouson Jacket Dark Grey,https://www.musinsa.com/app/goods/2123896,//image.msscdn.net/images/goods_img/20210910/2123896/2123896_1_220.jpg
로고야상자켓 KJK6103_NV,https://www.musinsa.com/app/goods/1192586,//image.msscdn.net/images/goods_img/20191018/1192586/1192586_1_220.jpg
3M 신슐레이트 마운틴 덱 후드 자켓_Black,https://www.musinsa.com/app/goods/2325045,//image.msscdn.net/images/goods_img/20220124/2325045/2325045_2_220.jpg
US M-65 Field Jacket - Olive,https://www.musinsa.com/app/goods/853766,//image.msscdn.net/images/goods_img/20180910/853766/853766_2_220.jpg
M-51 피시테일 코트 블랙,https://www.musinsa.com/app/goods/942903,//image.msscdn.net/images/goods_img/20190129/942903/942903_1_220.jpg
M-65 필드 재킷 [블랙],https://www.musinsa.com/app/goods/1306039,//image.msscdn.net/images/goods_img/20200214/1306039/1306039_2_220.jpg
스트링 에센셜 후디 쉘 파카_샌드베이지,https://www.musinsa.com/app/goods/1791079,//image.msscdn.net/images/goods_img/20210210/1791079/1791079_17_220.jpg
M 테크 롱 파카 카키,https://www.musinsa.com/app/goods/2136395,//image.msscdn.net/images/goods_img/20210916/2136395/2136395_3_220.jpg
스웨덴 M- 1990 웨더 파카_Khaki,https://www.musinsa.com/app/goods/2325047,//image.msscdn.net/images/goods_img/20220124/2325047/2325047_3_220.jpg
코다커리 피쉬테일 자켓 BLACK,https://www.musinsa.com/app/goods/2286460,//image.msscdn.net/images/goods_img/20211230/2286460/2286460_1_220.jpg
US ECWCS GEN1 Parka - Woodland,https://www.musinsa.com/app/goods/1609043,//image.msscdn.net/images/goods_img/20200917/1609043/1609043_2_220.jpg
BDU 유틸리티 필드 자켓_Khaki,https://www.musinsa.com/app/goods/2325051,//image.msscdn.net/images/goods_img/20220124/2325051/2325051_1_220.jpg
코튼 마운틴 자켓 베이지,https://www.musinsa.com/app/goods/1592233,//image.msscdn.net/images/goods_img/20200909/1592233/1592233_3_220.jpg
22ss swedish military motorcycle jacket olive green,https://www.musinsa.com/app/goods/2383691,//image.msscdn.net/images/goods_img/20220224/2383691/2383691_1_220.png
US ECWCS GEN1 Parka - UF90,https://www.musinsa.com/app/goods/2118275,//image.msscdn.net/images/goods_img/20210909/2118275/2118275_1_220.jpg
밀 M-51 피쉬테일 야상 코트 카키,https://www.musinsa.com/app/goods/949615,//image.msscdn.net/images/goods_img/20190210/949615/949615_3_220.jpg
2POCKET SHORT JACKET_OLIVE GREEN,https://www.musinsa.com/app/goods/2349879,//image.msscdn.net/images/goods_img/20220209/2349879/2349879_1_220.jpg
21 F/W FISHTAIL  PARKA_OLIVE GREEN,https://www.musinsa.com/app/goods/1641382,//image.msscdn.net/images/goods_img/20201008/1641382/1641382_1_220.jpg
SATIN M-51 FISHTAIL JACKET MSTCT001-NV,https://www.musinsa.com/app/goods/2365243,//image.msscdn.net/images/goods_img/20220216/2365243/2365243_1_220.jpg
FISHTAIL PARKA OG VER_OLIVE GREEN,https://www.musinsa.com/app/goods/2235009,//image.msscdn.net/images/goods_img/20211116/2235009/2235009_1_220.jpg
[CP] 셋업 크롭 투웨이 야상 자켓 쇼츠 반바지 세트 [그레이] SET Ver.,https://www.musinsa.com/app/goods/2569918,//image.msscdn.net/images/goods_img/20220519/2569918/2569918_1_220.jpg
오버핏 숏 야상 점퍼 자켓 [차콜],https://www.musinsa.com/app/goods/2140254,//image.msscdn.net/images/goods_img/20210917/2140254/2140254_5_220.jpg
2POCKET SHORT JACKET_BEIGE,https://www.musinsa.com/app/goods/2349868,//image.msscdn.net/images/goods_img/20220209/2349868/2349868_1_220.jpg
WOMEN 크롭 오버핏 숏 야상 점퍼 자켓 [GRAY],https://www.musinsa.com/app/goods/1819999,//image.msscdn.net/images/goods_img/20210302/1819999/1819999_2_220.jpg
m65 wind breaker ivory,https://www.musinsa.com/app/goods/2342453,//image.msscdn.net/images/goods_img/20220206/2342453/2342453_1_220.jpg
OSCAR FISHTAIL JACKET _ BLACK,https://www.musinsa.com/app/goods/1791000,//image.msscdn.net/images/goods_img/20210210/1791000/1791000_2_220.jpg
MIL FISHTAIL PARKA_OLIVE GREEN,https://www.musinsa.com/app/goods/1807584,//image.msscdn.net/images/goods_img/20210222/1807584/1807584_3_220.jpg
3M 신슐레이트 마운틴 덱 후드 자켓_Beige,https://www.musinsa.com/app/goods/2325046,//image.msscdn.net/images/goods_img/20220124/2325046/2325046_2_220.jpg
M-51 피시테일 코트 카키,https://www.musinsa.com/app/goods/942911,//image.msscdn.net/images/goods_img/20190129/942911/942911_1_220.jpg
(VLADIMIR) VDMR 필드자켓 블랙,https://www.musinsa.com/app/goods/2355307,//image.msscdn.net/images/goods_img/20220211/2355307/2355307_1_220.jpg
립스탑 판초 우의 (Khaki),https://www.musinsa.com/app/goods/2412805,//image.msscdn.net/images/goods_img/20220311/2412805/2412805_4_220.jpg
A.GPH M-65 JACKET - WHITE,https://www.musinsa.com/app/goods/1548808,//image.msscdn.net/images/goods_img/20200813/1548808/1548808_1_220.jpg
스웨덴 M- 1990 웨더 파카_Black,https://www.musinsa.com/app/goods/2325048,//image.msscdn.net/images/goods_img/20220124/2325048/2325048_2_220.jpg
피시테일 파카 [카키],https://www.musinsa.com/app/goods/1310999,//image.msscdn.net/images/goods_img/20200219/1310999/1310999_2_220.jpg
M-51 피시테일 코트 베이지,https://www.musinsa.com/app/goods/1582329,//image.msscdn.net/images/goods_img/20200903/1582329/1582329_1_220.jpg
오버사이즈드  쉘-파카 IN 블랙,https://www.musinsa.com/app/goods/2320069,//image.msscdn.net/images/goods_img/20220121/2320069/2320069_1_220.jpg
[CP] 크롭 투웨이 슬림 밴딩 숏 야상 점퍼 자켓 [WHITE] 바람막이 ver.,https://www.musinsa.com/app/goods/2369560,//image.msscdn.net/images/goods_img/20220217/2369560/2369560_1_220.jpg
M-65 REMAKE PARKA_BLACK,https://www.musinsa.com/app/goods/1667874,//image.msscdn.net/images/goods_img/20201028/1667874/1667874_1_220.jpg
MODS SHORT PARKA_OLIVE GREEN,https://www.musinsa.com/app/goods/1807582,//image.msscdn.net/images/goods_img/20210222/1807582/1807582_1_220.jpg
006 Black Wax China,https://www.musinsa.com/app/goods/2322535,//image.msscdn.net/images/goods_img/20220124/2322535/2322535_5_220.jpg
오버핏 피쉬테일 코팅 하프 코트 바람막이 점퍼 [그레이 베이지],https://www.musinsa.com/app/goods/2369519,//image.msscdn.net/images/goods_img/20220217/2369519/2369519_1_220.jpg
크롭 야상 점퍼_SPJJC23G02,https://www.musinsa.com/app/goods/2359059,//image.msscdn.net/images/goods_img/20220214/2359059/2359059_10_220.jpg
HUNTING COLLAR JACKET_BEGIE,https://www.musinsa.com/app/goods/2086930,//image.msscdn.net/images/goods_img/20210825/2086930/2086930_1_220.jpg
3M 신슐레이트 마운틴 덱 후드 자켓_Gray,https://www.musinsa.com/app/goods/2325044,//image.msscdn.net/images/goods_img/20220124/2325044/2325044_2_220.jpg
