우먼즈 린넨 블렌드 보트 넥 시어 니트 [라이트 베이지],https://www.musinsa.com/app/goods/2448866,//image.msscdn.net/images/goods_img/20220328/2448866/2448866_1_220.jpg
우먼즈 린넨 블렌드 보트 넥 시어 니트 [아이보리],https://www.musinsa.com/app/goods/2448865,//image.msscdn.net/images/goods_img/20220328/2448865/2448865_1_220.jpg
수피마 코튼 크루넥 스웨터 (블루) (31687540),https://www.musinsa.com/app/goods/2334134,//image.msscdn.net/images/goods_img/20220127/2334134/2334134_1_220.jpg
Phoenix Oversized Knit Sweater [Charcoal],https://www.musinsa.com/app/goods/1322008,//image.msscdn.net/images/goods_img/20200225/1322008/1322008_1_220.jpg
nu knit black,https://www.musinsa.com/app/goods/1312815,//image.msscdn.net/images/goods_img/20200219/1312815/1312815_1_220.jpg
[COMMON]소매배색니트 MWKT2104,https://www.musinsa.com/app/goods/2291726,//image.msscdn.net/images/goods_img/20220104/2291726/2291726_1_220.jpg
WIDE COLLAR LONG SHIRT CARDIGAN_OAT,https://www.musinsa.com/app/goods/2568200,//image.msscdn.net/images/goods_img/20220518/2568200/2568200_1_220.jpg
남녀공용 수피마세미오버핏라운드니트 민트 LWKT2101,https://www.musinsa.com/app/goods/2323986,//image.msscdn.net/images/goods_img/20220124/2323986/2323986_1_220.jpg
[SMART]레이온혼방니트 MWKT2105,https://www.musinsa.com/app/goods/2384846,//image.msscdn.net/images/goods_img/20220225/2384846/2384846_1_220.jpg
체르 카라 민소매 니트_3 color,https://www.musinsa.com/app/goods/1489114,//image.msscdn.net/images/goods_img/20200618/1489114/1489114_1_220.jpg
수피마 코튼 크루넥 스웨터 (그레이) (31687541),https://www.musinsa.com/app/goods/2334131,//image.msscdn.net/images/goods_img/20220127/2334131/2334131_1_220.jpg
수피마 코튼 크루넥 스웨터 (그린) (31687539),https://www.musinsa.com/app/goods/2334138,//image.msscdn.net/images/goods_img/20220127/2334138/2334138_1_220.jpg
페미닌 꽃장식 볼레로 니트 가디건 - 5color,https://www.musinsa.com/app/goods/1971022,//image.msscdn.net/images/goods_img/20210527/1971022/1971022_3_220.jpg
