W CLASSIC FINGERLESS GLOVES SET (BRIGHT WHITE),https://www.musinsa.com/app/goods/2379629,//image.msscdn.net/images/goods_img/20220223/2379629/2379629_6_220.jpg
램스킨 골프글러브 화이트 블랙 (좌),https://www.musinsa.com/app/goods/2102891,//image.msscdn.net/images/goods_img/20210901/2102891/2102891_1_220.jpg
버킷 레더 한손 글러브 BROWN (MAN),https://www.musinsa.com/app/goods/2572415,//image.msscdn.net/images/goods_img/20220520/2572415/2572415_1_220.jpg
프로젝트락 트레이닝 글러브 1353074-002,https://www.musinsa.com/app/goods/2391400,//image.msscdn.net/images/goods_img/20220302/2391400/2391400_1_220.jpg
웨더소프 남성 골프장갑 2장 세트,https://www.musinsa.com/app/goods/2062981,//image.msscdn.net/images/goods_img/20210813/2062981/2062981_1_220.jpg
ESSENTIAL LAMB GLOVE,https://www.musinsa.com/app/goods/2055993,//image.msscdn.net/images/goods_img/20210810/2055993/2055993_1_220.jpg
NJ3GN03C 여성 스판 글러브,https://www.musinsa.com/app/goods/2456865,//image.msscdn.net/images/goods_img/20220330/2456865/2456865_1_220.jpg
램스킨 골프글러브 화이트 핑크 (좌),https://www.musinsa.com/app/goods/2185011,//image.msscdn.net/images/goods_img/20211019/2185011/2185011_1_220.jpg
램스킨 골프글러브 화이트 블랙 (우),https://www.musinsa.com/app/goods/2102889,//image.msscdn.net/images/goods_img/20210901/2102889/2102889_1_220.jpg
NOI209 심볼 로고 워머 (블랙),https://www.musinsa.com/app/goods/1698943,//image.msscdn.net/images/goods_img/20201123/1698943/1698943_1_220.jpg
골프장갑 올양피 여성 왼손착용 흰색 4장,https://www.musinsa.com/app/goods/2316805,//image.msscdn.net/images/goods_img/20220120/2316805/2316805_1_220.jpg
STACOOLER 합피 골프장갑[여][양손],https://www.musinsa.com/app/goods/2542293,//image.msscdn.net/images/goods_img/20220504/2542293/2542293_1_220.jpg
남성 1+1 양피 한손장갑,https://www.musinsa.com/app/goods/1883801,//image.msscdn.net/images/goods_img/20210406/1883801/1883801_1_220.jpg
투어 어센틱 장갑(양피),https://www.musinsa.com/app/goods/2542365,//image.msscdn.net/images/goods_img/20220504/2542365/2542365_2_220.jpg
박사장의 머리들지마 프린트 총 3장 인조가죽 남성 골프장갑 - 2color,https://www.musinsa.com/app/goods/1969482,//image.msscdn.net/images/goods_img/20210526/1969482/1969482_1_220.jpg
스킨핏 천연양피 칼라 골프장갑 그린,https://www.musinsa.com/app/goods/2171153,//image.msscdn.net/images/goods_img/20211008/2171153/2171153_2_220.jpg
스킨핏 천연양피 칼라 골프장갑 블루,https://www.musinsa.com/app/goods/2171152,//image.msscdn.net/images/goods_img/20211008/2171152/2171152_1_220.jpg
스킨핏 천연양피 칼라 골프장갑 다크그레이,https://www.musinsa.com/app/goods/2171160,//image.msscdn.net/images/goods_img/20211008/2171160/2171160_3_220.jpg
웨더소프 합피 골프장갑(여성),https://www.musinsa.com/app/goods/2542283,//image.msscdn.net/images/goods_img/20220504/2542283/2542283_1_220.jpg
스킨 요기 글로브_블랙,https://www.musinsa.com/app/goods/2569790,//image.msscdn.net/images/goods_img/20220519/2569790/2569790_1_220.jpg
2021 CG 웨더 골프장갑 (합피),https://www.musinsa.com/app/goods/2542363,//image.msscdn.net/images/goods_img/20220504/2542363/2542363_1_220.jpg
LA Dodgers Combination Golf Glove,https://www.musinsa.com/app/goods/1452039,//image.msscdn.net/images/goods_img/20200519/1452039/1452039_1_220.jpg
NEW FLX 뉴 플렉스 남성장갑(합피),https://www.musinsa.com/app/goods/2542291,//image.msscdn.net/images/goods_img/20220504/2542291/2542291_1_220.jpg
스파이가이딩 여성용 한손 반양피 장갑,https://www.musinsa.com/app/goods/2449241,//image.msscdn.net/images/goods_img/20220328/2449241/2449241_1_220.jpg
스킨 요기 글로브_슬레이트그레이,https://www.musinsa.com/app/goods/2569798,//image.msscdn.net/images/goods_img/20220519/2569798/2569798_1_220.jpg
스킨 요기 글로브_탠베이지,https://www.musinsa.com/app/goods/2569792,//image.msscdn.net/images/goods_img/20220519/2569792/2569792_1_220.jpg
스킨 요기 글로브_테라코타핑크,https://www.musinsa.com/app/goods/2569794,//image.msscdn.net/images/goods_img/20220519/2569794/2569794_1_220.jpg
LVG LACE WARMER(BLACK),https://www.musinsa.com/app/goods/1544575,//image.msscdn.net/images/goods_img/20200811/1544575/1544575_1_220.jpg
스킨핏 천연양피 칼라 골프장갑 옐로우,https://www.musinsa.com/app/goods/2171155,//image.msscdn.net/images/goods_img/20211008/2171155/2171155_2_220.jpg
BIG LOGO GLOVE,https://www.musinsa.com/app/goods/2456411,//image.msscdn.net/images/goods_img/20220330/2456411/2456411_1_220.jpg
SOLID GOLGI SLIM WARMER BLACK,https://www.musinsa.com/app/goods/1977133,//image.msscdn.net/images/goods_img/20210601/1977133/1977133_2_220.jpg
스킨드 사슴 가죽장갑_블랙,https://www.musinsa.com/app/goods/435977,//image.msscdn.net/images/goods_img/20161026/435977/435977_4_220.jpg
테크 플리스 글로브 장갑 (블랙),https://www.musinsa.com/app/goods/1689755,//image.msscdn.net/images/goods_img/20201113/1689755/1689755_1_220.jpg
폴로 울 글러브 - 블랙,https://www.musinsa.com/app/goods/2199153,//image.msscdn.net/images/goods_img/20211026/2199153/2199153_1_220.jpg
램스킨 골프글러브 화이트 그린 (우),https://www.musinsa.com/app/goods/2102890,//image.msscdn.net/images/goods_img/20210901/2102890/2102890_2_220.jpg
쉐입 체인지 타비 글러브 / 그레이,https://www.musinsa.com/app/goods/2239743,//image.msscdn.net/images/goods_img/20211118/2239743/2239743_1_220.jpg
테크 플리스 글로브 장갑 (그레이),https://www.musinsa.com/app/goods/1689762,//image.msscdn.net/images/goods_img/20201113/1689762/1689762_1_220.jpg
22SS 핸드워머 - 블랙,https://www.musinsa.com/app/goods/2337662,//image.msscdn.net/images/goods_img/20220202/2337662/2337662_1_220.jpg
여성 메쉬 반장갑_QYHFX22231YEL,https://www.musinsa.com/app/goods/2455490,//image.msscdn.net/images/goods_img/20220330/2455490/2455490_1_220.jpg
Camou Pets Rock Golf Single Glove_Blue,https://www.musinsa.com/app/goods/2441687,//image.msscdn.net/images/goods_img/20220324/2441687/2441687_1_220.jpg
CABRETTA SOF 양피 골프장갑[여][양손],https://www.musinsa.com/app/goods/2542285,//image.msscdn.net/images/goods_img/20220504/2542285/2542285_1_220.jpg
1330K(옐로우) 사슴가죽 리얼표피 남녀공용장갑,https://www.musinsa.com/app/goods/950656,//image.msscdn.net/images/goods_img/20190212/950656/950656_1_220.jpg
폴로 울 글러브 - 그레이,https://www.musinsa.com/app/goods/2199151,//image.msscdn.net/images/goods_img/20211026/2199151/2199151_1_220.jpg
폴로 울 글러브 - 그린,https://www.musinsa.com/app/goods/2199152,//image.msscdn.net/images/goods_img/20211026/2199152/2199152_1_220.jpg
HG LOGO POINT GLOVE,https://www.musinsa.com/app/goods/2419859,//image.msscdn.net/images/goods_img/20220315/2419859/2419859_1_220.jpg
[남성장갑]블랙 닥스훈트장식 가죽 스마트폰 터치 남성장갑 DCGV1F970BK,https://www.musinsa.com/app/goods/2137208,//image.msscdn.net/images/goods_img/20210916/2137208/2137208_1_220.jpg
CONVERTIBLE FINGERLESS GLOVES,https://www.musinsa.com/app/goods/2242235,//image.msscdn.net/images/goods_img/20211119/2242235/2242235_1_220.jpg
프로 글러브 블랙 남성용,https://www.musinsa.com/app/goods/1559423,//image.msscdn.net/images/goods_img/20200821/1559423/1559423_1_220.jpg
FINGER LESS GLOVES,https://www.musinsa.com/app/goods/941203,//image.msscdn.net/images/goods_img/20190125/941203/941203_1_220.jpg
프리미엄 헤비웨이트 글러브 (블랙),https://www.musinsa.com/app/goods/1844892,//image.msscdn.net/images/goods_img/20210315/1844892/1844892_1_220.jpg
1330KG(옐로우) 사슴가죽 리얼표피 남녀공용장갑,https://www.musinsa.com/app/goods/1098075,//image.msscdn.net/images/goods_img/20190718/1098075/1098075_1_220.jpg
파워 글러브 블랙 남성용,https://www.musinsa.com/app/goods/1559360,//image.msscdn.net/images/goods_img/20200821/1559360/1559360_1_220.jpg
W PAIR GLOVE,https://www.musinsa.com/app/goods/2249939,//image.msscdn.net/images/goods_img/20211126/2249939/2249939_1_220.jpg
바튼 사슴가죽 장갑 블랙,https://www.musinsa.com/app/goods/1208950,//image.msscdn.net/images/goods_img/20191031/1208950/1208950_2_220.jpg
울 니트 핑거리스 워머 [2color],https://www.musinsa.com/app/goods/2227123,//image.msscdn.net/images/goods_img/20211111/2227123/2227123_1_220.jpg
여성 메쉬 쿠셔닝 반장갑_QYHFX22201SAL,https://www.musinsa.com/app/goods/2455488,//image.msscdn.net/images/goods_img/20220330/2455488/2455488_1_220.jpg
[페이크마마 X 듀이듀이] 워시드 핸드 워머_딥블루,https://www.musinsa.com/app/goods/1630672,//image.msscdn.net/images/goods_img/20200929/1630672/1630672_1_220.jpg
스우시 엘레멘탈 미드웨이트 글러브 (블랙),https://www.musinsa.com/app/goods/1531165,//image.msscdn.net/images/goods_img/20200729/1531165/1531165_1_220.jpg
에센셜 글러브 헬스 장갑,https://www.musinsa.com/app/goods/2479478,//image.msscdn.net/images/goods_img/20220411/2479478/2479478_2_220.jpg
스우시 얼티메이트 헤비웨이트 글러브 (블랙),https://www.musinsa.com/app/goods/1533301,//image.msscdn.net/images/goods_img/20200731/1533301/1533301_1_220.jpg
여성 손등 메쉬 양손 장갑(GN222LGL41),https://www.musinsa.com/app/goods/2463168,//image.msscdn.net/images/goods_img/20220401/2463168/2463168_3_220.jpg
우먼스 W 엘레멘탈 라이트웨이트 글러브 헬스 장갑 (블랙),https://www.musinsa.com/app/goods/2144349,//image.msscdn.net/images/goods_img/20210924/2144349/2144349_1_220.jpg
알파 허라치 엘리트 배팅글러브 (블랙) CT1402014,https://www.musinsa.com/app/goods/2427268,//image.msscdn.net/images/goods_img/20220317/2427268/2427268_1_220.jpg
M SOFT TOUCH SYNTHETIC LEATHER GLOVE (NAVY BLAZER),https://www.musinsa.com/app/goods/2377786,//image.msscdn.net/images/goods_img/20220222/2377786/2377786_2_220.jpg
LGC002 모토사이클 라이딩 글러브 (스마트폰터치장갑),https://www.musinsa.com/app/goods/1059444,//image.msscdn.net/images/goods_img/20190530/1059444/1059444_1_220.jpg
알파그립 벤치프레스 헬스장갑 FE0192-029,https://www.musinsa.com/app/goods/2207039,//image.msscdn.net/images/goods_img/20211029/2207039/2207039_1_220.jpg
Textured Touch Gloves_Melange Grey,https://www.musinsa.com/app/goods/2180721,//image.msscdn.net/images/goods_img/20211015/2180721/2180721_1_220.jpg
울 글러브 블랙,https://www.musinsa.com/app/goods/2183426,//image.msscdn.net/images/goods_img/20211018/2183426/2183426_1_220.jpg
Womens Color Sheepskin Golf Glove_Green (1P),https://www.musinsa.com/app/goods/2385453,//image.msscdn.net/images/goods_img/20220225/2385453/2385453_5_220.jpg
니트 로고 핸드워머_블랙,https://www.musinsa.com/app/goods/2141436,//image.msscdn.net/images/goods_img/20210919/2141436/2141436_1_220.jpg
Womens Color Sheepskin Golf Glove_Green,https://www.musinsa.com/app/goods/2385458,//image.msscdn.net/images/goods_img/20220225/2385458/2385458_5_220.jpg
4장1세트/2021 올 웨더 마그네틱 볼마커 골프장갑 GGG 17007I,https://www.musinsa.com/app/goods/1986025,//image.msscdn.net/images/goods_img/20210607/1986025/1986025_1_220.jpg
Camou Pets Rock Golf Single Glove_Orange,https://www.musinsa.com/app/goods/2441685,//image.msscdn.net/images/goods_img/20220324/2441685/2441685_1_220.jpg
우먼스 W 프리미엄 트레이닝 헬스장갑 (블루),https://www.musinsa.com/app/goods/2070162,//image.msscdn.net/images/goods_img/20210819/2070162/2070162_1_220.jpg
스킨핏 천연양피 칼라 골프장갑 레드,https://www.musinsa.com/app/goods/2171157,//image.msscdn.net/images/goods_img/20211008/2171157/2171157_2_220.jpg
패스 반장갑 남여공용 / 블랙,https://www.musinsa.com/app/goods/1904003,//image.msscdn.net/images/goods_img/20210416/1904003/1904003_1_220.jpg
실크 셔링 장갑,https://www.musinsa.com/app/goods/2298948,//image.msscdn.net/images/goods_img/20220109/2298948/2298948_1_220.jpg
VAES 여성 양손 골프장갑(양피),https://www.musinsa.com/app/goods/2542360,//image.msscdn.net/images/goods_img/20220504/2542360/2542360_1_220.jpg
심드 테크 글로브 W - 블랙 / 17371BLK,https://www.musinsa.com/app/goods/2221620,//image.msscdn.net/images/goods_img/20211108/2221620/2221620_1_220.jpg
DV. LOT 622 Deerskin Leather Gloves TYPE-2,https://www.musinsa.com/app/goods/1613462,//image.msscdn.net/images/goods_img/20200921/1613462/1613462_2_220.jpg
손가락 절개 muci 양손장갑 MU21C3AG251-MGR,https://www.musinsa.com/app/goods/2246099,//image.msscdn.net/images/goods_img/20211124/2246099/2246099_1_220.jpg
여성 트레이닝 반장갑,https://www.musinsa.com/app/goods/2408907,//image.msscdn.net/images/goods_img/20220310/2408907/2408907_3_220.jpg
트레이닝 밴드 반장갑,https://www.musinsa.com/app/goods/2408914,//image.msscdn.net/images/goods_img/20220310/2408914/2408914_3_220.jpg
사이클 GBR 장갑,https://www.musinsa.com/app/goods/2434599,//image.msscdn.net/images/goods_img/20220321/2434599/2434599_2_220.jpg
사이클 쿠션 라이딩 반장갑 (QN123CGL31),https://www.musinsa.com/app/goods/2371641,//image.msscdn.net/images/goods_img/20220218/2371641/2371641_1_220.jpg
[Women] 핸드 커버,https://www.musinsa.com/app/goods/2264106,//image.msscdn.net/images/goods_img/20211209/2264106/2264106_1_220.jpg
[남성장갑]다크그레이 울 닥스훈트장식 스마트폰터치 장갑 DCGV1F960G3,https://www.musinsa.com/app/goods/2238430,//image.msscdn.net/images/goods_img/20211117/2238430/2238430_1_220.jpg
트레이닝 글러브 1369826-001,https://www.musinsa.com/app/goods/2322372,//image.msscdn.net/images/goods_img/20220124/2322372/2322372_1_220.jpg
하이퍼쿨 장갑[2팩][합피],https://www.musinsa.com/app/goods/2542362,//image.msscdn.net/images/goods_img/20220504/2542362/2542362_1_220.jpg
남여공용 메쉬 반장갑_QEHFX22230DGY,https://www.musinsa.com/app/goods/2455435,//image.msscdn.net/images/goods_img/20220330/2455435/2455435_1_220.jpg
