SL01 시밀러 린넨 데님 와이드 팬츠 (RAW INDIGO),https://www.musinsa.com/app/goods/1885631,//image.msscdn.net/images/goods_img/20210407/1885631/1885631_1_220.jpg
와이드 데님 팬츠 (LIGHT BLUE),https://www.musinsa.com/app/goods/858911,//image.msscdn.net/images/goods_img/20180914/858911/858911_6_220.jpg
SL01 시밀러 린넨 데님 와이드 팬츠 (BLEACH),https://www.musinsa.com/app/goods/1885563,//image.msscdn.net/images/goods_img/20210407/1885563/1885563_1_220.jpg
1968 HIMALAYA JEANS [WIDE STRAIGHT],https://www.musinsa.com/app/goods/1555407,//image.msscdn.net/images/goods_img/20200819/1555407/1555407_1_220.jpg
칸디아니 스티즈 051Z 로우,https://www.musinsa.com/app/goods/2297033,//image.msscdn.net/images/goods_img/20220107/2297033/2297033_3_220.jpg
[쿨탠다드] 슬림 크롭 데님 팬츠 [라이트 인디고],https://www.musinsa.com/app/goods/1357812,//image.msscdn.net/images/goods_img/20200318/1357812/1357812_3_220.jpg
와이드 데님 팬츠 (DEEP GREY),https://www.musinsa.com/app/goods/890338,//image.msscdn.net/images/goods_img/20181025/890338/890338_8_220.jpg
문라이즈 데님 팬츠_인디고,https://www.musinsa.com/app/goods/2467316,//image.msscdn.net/images/goods_img/20220405/2467316/2467316_1_220.jpg
깡스타일리스트 X 플랙 스티즈 K49 라이트 블루,https://www.musinsa.com/app/goods/2411322,//image.msscdn.net/images/goods_img/20220311/2411322/2411322_3_220.jpg
1967 JET BLACK JEANS [WIDE STRAIGHT],https://www.musinsa.com/app/goods/1552753,//image.msscdn.net/images/goods_img/20200818/1552753/1552753_1_220.jpg
SL01 시밀러 린넨 데님 와이드 팬츠 (BLACK),https://www.musinsa.com/app/goods/2071175,//image.msscdn.net/images/goods_img/20210819/2071175/2071175_1_220.jpg
Turn me On - MOD7w,https://www.musinsa.com/app/goods/1573215,//image.msscdn.net/images/goods_img/20200901/1573215/1573215_1_220.jpg
와이드 데님 팬츠 (BLEACH),https://www.musinsa.com/app/goods/986708,//image.msscdn.net/images/goods_img/20190319/986708/986708_1_220.jpg
린넨 이지 와이드 데님 팬츠 딥인디고,https://www.musinsa.com/app/goods/2503134,//image.msscdn.net/images/goods_img/20220420/2503134/2503134_7_220.jpg
SL01 시밀러 린넨 데님 와이드 팬츠 (LIGHT BLUE),https://www.musinsa.com/app/goods/1975901,//image.msscdn.net/images/goods_img/20210531/1975901/1975901_1_220.jpg
oam.factory X PLAC 스텝 M21 카펜터 로우,https://www.musinsa.com/app/goods/2479905,//image.msscdn.net/images/goods_img/20220411/2479905/2479905_6_220.jpg
oam.factory X PLAC  스텝 M22 미드 블루,https://www.musinsa.com/app/goods/2479903,//image.msscdn.net/images/goods_img/20220411/2479903/2479903_3_220.jpg
1931 OBJECT JEANS [CROP STRAIGHT],https://www.musinsa.com/app/goods/978464,//image.msscdn.net/images/goods_img/20190309/978464/978464_4_220.jpg
와이드 크링클 데님 팬츠 (인디고),https://www.musinsa.com/app/goods/2479826,//image.msscdn.net/images/goods_img/20220411/2479826/2479826_2_220.jpg
린넨 이지 와이드 데님 팬츠 라이트인디고,https://www.musinsa.com/app/goods/2503133,//image.msscdn.net/images/goods_img/20220420/2503133/2503133_8_220.jpg
브루클린 뉴트로 와이드 워시드 데님 팬츠,https://www.musinsa.com/app/goods/2358429,//image.msscdn.net/images/goods_img/20220214/2358429/2358429_1_220.jpg
스티즈 B31 인디고 로우,https://www.musinsa.com/app/goods/917602,//image.msscdn.net/images/goods_img/20181204/917602/917602_10_220.jpg
커브드 와이드 데님 팬츠_크림,https://www.musinsa.com/app/goods/2319844,//image.msscdn.net/images/goods_img/20220121/2319844/2319844_1_220.jpg
이지 와이드 데님 팬츠 블랙,https://www.musinsa.com/app/goods/2092849,//image.msscdn.net/images/goods_img/20210826/2092849/2092849_5_220.jpg
Black Stardust - MOD1w,https://www.musinsa.com/app/goods/2107115,//image.msscdn.net/images/goods_img/20210903/2107115/2107115_1_220.jpg
ODPL 와이드 데님 핏 내츄럴크림진,https://www.musinsa.com/app/goods/1477272,//image.msscdn.net/images/goods_img/20200608/1477272/1477272_1_220.jpg
깡스타일리스트 X 플랙 베를린 K48 화이트,https://www.musinsa.com/app/goods/2411327,//image.msscdn.net/images/goods_img/20220311/2411327/2411327_3_220.jpg
와이드 데님 온 더 스트릿 블랙(화이트),https://www.musinsa.com/app/goods/2409827,//image.msscdn.net/images/goods_img/20220310/2409827/2409827_1_220.jpg
[테이퍼드핏]BLACK NORMAL CHIP,https://www.musinsa.com/app/goods/1188785,//image.msscdn.net/images/goods_img/20191016/1188785/1188785_8_220.jpg
로프 와이드 더블 데님 팬츠,https://www.musinsa.com/app/goods/1817339,//image.msscdn.net/images/goods_img/20210226/1817339/1817339_28_220.jpg
[오리지널스]COMFY ONE TUCK SELVAGE DENIM PANTS_INDIGO,https://www.musinsa.com/app/goods/1759490,//image.msscdn.net/images/goods_img/20210122/1759490/1759490_3_220.jpg
22SS Santiago Denim Pants (Black),https://www.musinsa.com/app/goods/2435473,//image.msscdn.net/images/goods_img/20220322/2435473/2435473_1_220.jpg
Punk Town - MOD4 crop,https://www.musinsa.com/app/goods/1037219,//image.msscdn.net/images/goods_img/20190508/1037219/1037219_2_220.jpg
와이드 데님 팬츠 (IVORY),https://www.musinsa.com/app/goods/1130699,//image.msscdn.net/images/goods_img/20190827/1130699/1130699_1_220.jpg
1897 ICE SHOWER JEANS [WIDE STRAIGHT],https://www.musinsa.com/app/goods/1768633,//image.msscdn.net/images/goods_img/20210129/1768633/1768633_2_220.jpg
메튜 커브 진 apa499m(BLACK),https://www.musinsa.com/app/goods/2364109,//image.msscdn.net/images/goods_img/20220216/2364109/2364109_2_220.jpg
1880 PURE CREAM JEANS [WIDE STRAIGHT],https://www.musinsa.com/app/goods/2049103,//image.msscdn.net/images/goods_img/20210804/2049103/2049103_1_220.jpg
스트레이트 데님 팬츠 [라이트 인디고],https://www.musinsa.com/app/goods/2028327,//image.msscdn.net/images/goods_img/20210714/2028327/2028327_2_220.jpg
[-8cm Short Ver. 추가] #0214 Moderation indigo straight fit,https://www.musinsa.com/app/goods/1159065,//image.msscdn.net/images/goods_img/20190919/1159065/1159065_9_220.jpg
린넨 이지 와이드 데님 팬츠 블랙,https://www.musinsa.com/app/goods/2503135,//image.msscdn.net/images/goods_img/20220420/2503135/2503135_8_220.jpg
[테이퍼드핏]MILD BLUE CHIP,https://www.musinsa.com/app/goods/1246215,//image.msscdn.net/images/goods_img/20191206/1246215/1246215_5_220.jpg
D.T CHECKERBOARD DENIM PANTS - WASHED BLACK,https://www.musinsa.com/app/goods/2329491,//image.msscdn.net/images/goods_img/20220126/2329491/2329491_1_220.jpg
Bluish Light / New Stan,https://www.musinsa.com/app/goods/1764739,//image.msscdn.net/images/goods_img/20210127/1764739/1764739_15_220.jpg
레인보우 컬러 진_hot pink,https://www.musinsa.com/app/goods/2430312,//image.msscdn.net/images/goods_img/20220318/2430312/2430312_2_220.jpg
BUCKLE WIDE DENIM PANTS STONE LIGHTBLUE,https://www.musinsa.com/app/goods/2479983,//image.msscdn.net/images/goods_img/20220411/2479983/2479983_5_220.jpg
이지 와이드 데님 팬츠 라이트 인디고,https://www.musinsa.com/app/goods/2335585,//image.msscdn.net/images/goods_img/20220127/2335585/2335585_1_220.jpg
와이드 데님 팬츠 [라이트 인디고],https://www.musinsa.com/app/goods/1666442,//image.msscdn.net/images/goods_img/20201028/1666442/1666442_1_220.jpg
SL01 시밀러 린넨 데님 와이드 팬츠 (GREY),https://www.musinsa.com/app/goods/2397832,//image.msscdn.net/images/goods_img/20220304/2397832/2397832_1_220.jpg
테이퍼드 크롭 데님 팬츠 [라이트 인디고],https://www.musinsa.com/app/goods/2007393,//image.msscdn.net/images/goods_img/20210623/2007393/2007393_1_220.jpg
[오리지널스]WIDE FIT TWO TUCK SELVAGE DENIM PANTS_INDIGO,https://www.musinsa.com/app/goods/1929722,//image.msscdn.net/images/goods_img/20210429/1929722/1929722_3_220.jpg
커브드 와이드 데님 팬츠_인디고,https://www.musinsa.com/app/goods/2319741,//image.msscdn.net/images/goods_img/20220121/2319741/2319741_1_220.jpg
깡스타일리스트 X 플랙 스티즈 K39 인디고,https://www.musinsa.com/app/goods/2411325,//image.msscdn.net/images/goods_img/20220311/2411325/2411325_3_220.jpg
Banding One Tuck Wide Denim Pants - Deep Blue,https://www.musinsa.com/app/goods/2184087,//image.msscdn.net/images/goods_img/20211018/2184087/2184087_3_220.jpg
스티치 포인트 데님 팬츠 블랙,https://www.musinsa.com/app/goods/1340016,//image.msscdn.net/images/goods_img/20200306/1340016/1340016_1_220.jpg
selvedge denim pants deep indigo,https://www.musinsa.com/app/goods/396185,//image.msscdn.net/images/goods_img/20160818/396185/396185_3_220.jpg
스텝 P04 미드 블루,https://www.musinsa.com/app/goods/2442536,//image.msscdn.net/images/goods_img/20220324/2442536/2442536_4_220.jpg
메튜 커브 진 apa499m(WASHED BLUE),https://www.musinsa.com/app/goods/2364108,//image.msscdn.net/images/goods_img/20220216/2364108/2364108_2_220.jpg
BUCKLE WIDE DENIM PANTS GREY,https://www.musinsa.com/app/goods/2479939,//image.msscdn.net/images/goods_img/20220411/2479939/2479939_2_220.jpg
Blue Specter - MOD7w,https://www.musinsa.com/app/goods/2192777,//image.msscdn.net/images/goods_img/20211021/2192777/2192777_2_220.jpg
타이다이 워시드 카펜터 데님 팬츠 (TP0037),https://www.musinsa.com/app/goods/1779198,//image.msscdn.net/images/goods_img/20210205/1779198/1779198_3_220.jpg
[유아인 착용 상품] 레귤러 핏 데님 팬츠 [라이트 인디고],https://www.musinsa.com/app/goods/1322221,//image.msscdn.net/images/goods_img/20200225/1322221/1322221_2_220.jpg
원턱 카운터 데님팬츠 [블루],https://www.musinsa.com/app/goods/2408345,//image.msscdn.net/images/goods_img/20220310/2408345/2408345_1_220.jpg
0280 mer two tuck wide indigo blue,https://www.musinsa.com/app/goods/2569788,//image.msscdn.net/images/goods_img/20220519/2569788/2569788_3_220.jpg
SL03 시밀러 린넨 데님 턱 와이드 밴딩 팬츠 (RAW INDIGO),https://www.musinsa.com/app/goods/2365106,//image.msscdn.net/images/goods_img/20220216/2365106/2365106_1_220.jpg
Blue Color Uniform - MOD7w,https://www.musinsa.com/app/goods/1988343,//image.msscdn.net/images/goods_img/20210608/1988343/1988343_1_220.jpg
이지 와이드 데님 팬츠 그레이,https://www.musinsa.com/app/goods/2092852,//image.msscdn.net/images/goods_img/20210826/2092852/2092852_3_220.jpg
BUCKLE WIDE DENIM PANTS SELVAGEBLUE,https://www.musinsa.com/app/goods/2164937,//image.msscdn.net/images/goods_img/20211006/2164937/2164937_5_220.jpg
Soul Indigo - MOD1,https://www.musinsa.com/app/goods/1740894,//image.msscdn.net/images/goods_img/20210108/1740894/1740894_1_220.jpg
DENIM WORK PANTS (L.DENIM),https://www.musinsa.com/app/goods/2133305,//image.msscdn.net/images/goods_img/20210915/2133305/2133305_2_220.jpg
[CONA 9110] (숏버전옵션) 시크릿밴드 롱 루즈 와이드 데님 (다크그레이),https://www.musinsa.com/app/goods/1224916,//image.msscdn.net/images/goods_img/20191114/1224916/1224916_2_220.jpg
Clean Denim Deep Two Tuck Vertical Pants [Indigo],https://www.musinsa.com/app/goods/2443074,//image.msscdn.net/images/goods_img/20220324/2443074/2443074_1_220.jpg
리넨 슈퍼 와이드 데님 팬츠_인디고,https://www.musinsa.com/app/goods/2482732,//image.msscdn.net/images/goods_img/20220412/2482732/2482732_1_220.jpg
Sky High - MOD7w,https://www.musinsa.com/app/goods/1961498,//image.msscdn.net/images/goods_img/20210521/1961498/1961498_1_220.jpg
[쿨탠다드] 슬림 크롭 데님 팬츠 [블랙],https://www.musinsa.com/app/goods/1357810,//image.msscdn.net/images/goods_img/20200318/1357810/1357810_2_220.jpg
[NSTK] 시티스케이프 데님 팬츠 (BLK)_K21ZC550,https://www.musinsa.com/app/goods/2150156,//image.msscdn.net/images/goods_img/20210928/2150156/2150156_1_220.jpg
[쿨탠다드] 슬림 크롭 데님 팬츠 [미디엄 인디고],https://www.musinsa.com/app/goods/1357811,//image.msscdn.net/images/goods_img/20200318/1357811/1357811_2_220.jpg
BUCKLE WIDE DENIM PANTS BLACK,https://www.musinsa.com/app/goods/1976079,//image.msscdn.net/images/goods_img/20210531/1976079/1976079_1_220.jpg
메튜 커브 진 apa499m(WASHED BLACK),https://www.musinsa.com/app/goods/2364107,//image.msscdn.net/images/goods_img/20220216/2364107/2364107_2_220.jpg
와이드 데님 팬츠 (R.BLACK),https://www.musinsa.com/app/goods/2131950,//image.msscdn.net/images/goods_img/20210915/2131950/2131950_1_220.jpg
Bluish Medium Blue / New Stan,https://www.musinsa.com/app/goods/1323090,//image.msscdn.net/images/goods_img/20200226/1323090/1323090_9_220.jpg
릴렉스드 와이드 생지 데님 팬츠,https://www.musinsa.com/app/goods/1946997,//image.msscdn.net/images/goods_img/20210512/1946997/1946997_1_220.jpg
XP67 오키드 청해지 팬츠 (BLACK),https://www.musinsa.com/app/goods/1867371,//image.msscdn.net/images/goods_img/20210329/1867371/1867371_1_220.jpg
Old Buddy - MOD7w,https://www.musinsa.com/app/goods/2107112,//image.msscdn.net/images/goods_img/20210903/2107112/2107112_1_220.jpg
Gradation Flare Denim - M/BLUE,https://www.musinsa.com/app/goods/2282002,//image.msscdn.net/images/goods_img/20211224/2282002/2282002_2_220.jpg
와이드 데님 팬츠 (R.INDIGO),https://www.musinsa.com/app/goods/2131966,//image.msscdn.net/images/goods_img/20210915/2131966/2131966_2_220.jpg
Blue Stardust - MOD1w,https://www.musinsa.com/app/goods/2261213,//image.msscdn.net/images/goods_img/20211208/2261213/2261213_1_220.jpg
TUNNEL LINING TROUSER (DENIM) - BK,https://www.musinsa.com/app/goods/1905022,//image.msscdn.net/images/goods_img/20210419/1905022/1905022_3_220.jpg
Instant Karma - MOD1w,https://www.musinsa.com/app/goods/2320471,//image.msscdn.net/images/goods_img/20220121/2320471/2320471_1_220.jpg
Shape of Mind - MOD7w,https://www.musinsa.com/app/goods/2192808,//image.msscdn.net/images/goods_img/20211021/2192808/2192808_1_220.jpg
1898 BLANK JEANS [WIDE STRAIGHT],https://www.musinsa.com/app/goods/1868151,//image.msscdn.net/images/goods_img/20210329/1868151/1868151_1_220.jpg
