[22SS clove] Pleated Skirt (Navy),https://www.musinsa.com/app/goods/2377814,//image.msscdn.net/images/goods_img/20220222/2377814/2377814_2_220.jpg
W DETACHABLE PLEATS SKIRT(WHITE) _ R22WCK01WH,https://www.musinsa.com/app/goods/2495831,//image.msscdn.net/images/goods_img/20220418/2495831/2495831_1_220.jpg
Teeing 플리츠 스커트 GREEN,https://www.musinsa.com/app/goods/2580809,//image.msscdn.net/images/goods_img/20220525/2580809/2580809_1_220.jpg
화이트 플리츠 스커트,https://www.musinsa.com/app/goods/2235510,//image.msscdn.net/images/goods_img/20211116/2235510/2235510_2_220.jpg
NEW PLEATED BANDING SKIRT W/INNER PANTS_White,https://www.musinsa.com/app/goods/2211539,//image.msscdn.net/images/goods_img/20211102/2211539/2211539_1_220.jpg
Peekaboo Lowrise Skort Gray Pin Stripe,https://www.musinsa.com/app/goods/2378594,//image.msscdn.net/images/goods_img/20220222/2378594/2378594_2_220.jpg
아웃포켓미니스커트 OUT POCKET MINI-SKIRT,https://www.musinsa.com/app/goods/1901324,//image.msscdn.net/images/goods_img/20210415/1901324/1901324_2_220.jpg
서머 포켓 스커트 네이비,https://www.musinsa.com/app/goods/2549643,//image.msscdn.net/images/goods_img/20220510/2549643/2549643_1_220.jpg
민트 베이직 플리츠 미니 스커트 (DWSK2B312T1),https://www.musinsa.com/app/goods/2429275,//image.msscdn.net/images/goods_img/20220318/2429275/2429275_2_220.jpg
키르시 로우 웨이스트 플리츠 스커트 [베이지],https://www.musinsa.com/app/goods/2409807,//image.msscdn.net/images/goods_img/20220310/2409807/2409807_2_220.jpg
[NF] 데님 플리츠 벨트 스커트 (BLK)_F21QC023,https://www.musinsa.com/app/goods/1788995,//image.msscdn.net/images/goods_img/20210209/1788995/1788995_1_220.jpg
우먼즈 데님 미니 스커트 [블랙],https://www.musinsa.com/app/goods/2362073,//image.msscdn.net/images/goods_img/20220215/2362073/2362073_1_220.jpg
개버딘 미니 스커트 블랙,https://www.musinsa.com/app/goods/2504373,//image.msscdn.net/images/goods_img/20220420/2504373/2504373_1_220.jpg
여성 뒷 포켓 주름 스커트-IVORY,https://www.musinsa.com/app/goods/2386618,//image.msscdn.net/images/goods_img/20220225/2386618/2386618_1_220.jpg
3.58 Button skirt (Khaki),https://www.musinsa.com/app/goods/2466562,//image.msscdn.net/images/goods_img/20220405/2466562/2466562_1_220.jpg
WL 프로 부분 플리츠 A라인 큐롯 L_Black,https://www.musinsa.com/app/goods/2538048,//image.msscdn.net/images/goods_img/20220503/2538048/2538048_1_220.jpg
ZURI SKIRT_khaki,https://www.musinsa.com/app/goods/1864761,//image.msscdn.net/images/goods_img/20210325/1864761/1864761_1_220.jpg
Pleats Field Skirt Plus_QWKAX22223WHX,https://www.musinsa.com/app/goods/2595706,//image.msscdn.net/images/goods_img/20220602/2595706/2595706_3_220.jpg
[정호연 착용] 우먼즈 데님 미니 스커트 [워시드 블랙],https://www.musinsa.com/app/goods/1944554,//image.msscdn.net/images/goods_img/20210511/1944554/1944554_2_220.jpg
플리츠 여성 스커트 (O/WHITE),https://www.musinsa.com/app/goods/2433844,//image.msscdn.net/images/goods_img/20220321/2433844/2433844_1_220.jpg
여성 주름 스커트 (형광 핑크),https://www.musinsa.com/app/goods/1844574,//image.msscdn.net/images/goods_img/20210315/1844574/1844574_1_220.jpg
PIGMENT SKIRT,https://www.musinsa.com/app/goods/2404659,//image.msscdn.net/images/goods_img/20220308/2404659/2404659_2_220.jpg
주름 스커트 그린,https://www.musinsa.com/app/goods/2574289,//image.msscdn.net/images/goods_img/20220522/2574289/2574289_3_220.jpg
curling mini pants skirt BLACK,https://www.musinsa.com/app/goods/2515462,//image.msscdn.net/images/goods_img/20220426/2515462/2515462_2_220.jpg
BASIC PLEATED MINI SKIRT [GREY],https://www.musinsa.com/app/goods/2415640,//image.msscdn.net/images/goods_img/20220314/2415640/2415640_1_220.png
여성 H라인 솔리드 2도밴드 사선 플리츠 큐롯 스커트 (41cm) 블랙,https://www.musinsa.com/app/goods/2466171,//image.msscdn.net/images/goods_img/20220405/2466171/2466171_1_220.jpg
플리츠 스커트 (네이비),https://www.musinsa.com/app/goods/2413525,//image.msscdn.net/images/goods_img/20220311/2413525/2413525_1_220.jpg
PLEATS DENIM SKIRT BLACK,https://www.musinsa.com/app/goods/1979473,//image.msscdn.net/images/goods_img/20210602/1979473/1979473_2_220.jpg
여성 체커보드 프린트 데님 스커트 NY (Blue),https://www.musinsa.com/app/goods/2408587,//image.msscdn.net/images/goods_img/20220310/2408587/2408587_1_220.jpg
[NF] 블린더 미니 스커트 (BLACK)_F22QD313,https://www.musinsa.com/app/goods/2478664,//image.msscdn.net/images/goods_img/20220411/2478664/2478664_2_220.jpg
Hibiscus Low-rise Mini Skirt Beige,https://www.musinsa.com/app/goods/1992202,//image.msscdn.net/images/goods_img/20210611/1992202/1992202_2_220.jpg
라인배색 니트 스커트_NAMSLSK553,https://www.musinsa.com/app/goods/2546341,//image.msscdn.net/images/goods_img/20220509/2546341/2546341_1_220.jpg
Peekaboo Lowrise Skort Black Pin Stripe,https://www.musinsa.com/app/goods/2378593,//image.msscdn.net/images/goods_img/20220222/2378593/2378593_2_220.jpg
레이어드 데님 스커트_연청,https://www.musinsa.com/app/goods/2373068,//image.msscdn.net/images/goods_img/20220221/2373068/2373068_1_220.jpg
[22SS] 플리츠 팬츠 스커트_GREY,https://www.musinsa.com/app/goods/2362484,//image.msscdn.net/images/goods_img/20220215/2362484/2362484_1_220.jpg
[DANA 8156] 커버밴드 이염제로 에이라인 스커트 데님 (진청),https://www.musinsa.com/app/goods/2316503,//image.msscdn.net/images/goods_img/20220119/2316503/2316503_1_220.jpg
하이틴 체크 언발 초 미니 스커트 _ 옐로우,https://www.musinsa.com/app/goods/2435003,//image.msscdn.net/images/goods_img/20220321/2435003/2435003_2_220.jpg
WOMEN 쿨링 냉장고 캉캉 플리츠 미니스커트 [화이트] 숏 치마 ver.,https://www.musinsa.com/app/goods/2533449,//image.msscdn.net/images/goods_img/20220502/2533449/2533449_1_220.jpg
플리츠 데님 미니 스커트 (스카이 블루),https://www.musinsa.com/app/goods/2417166,//image.msscdn.net/images/goods_img/20220314/2417166/2417166_1_220.jpg
[DANA 8140] 커버밴드 베이직 A라인 데님스커트(연청),https://www.musinsa.com/app/goods/1950964,//image.msscdn.net/images/goods_img/20210514/1950964/1950964_2_220.jpg
레이어드 요크 스커트 / 카키,https://www.musinsa.com/app/goods/1961710,//image.msscdn.net/images/goods_img/20210521/1961710/1961710_1_220.jpg
베이직 하이틴 밴딩 스커트(WY5SRE1),https://www.musinsa.com/app/goods/2545650,//image.msscdn.net/images/goods_img/20220509/2545650/2545650_1_220.jpg
체리 플리츠 데님 스커트 [라이트 블루],https://www.musinsa.com/app/goods/2476840,//image.msscdn.net/images/goods_img/20220408/2476840/2476840_1_220.jpg
스티치 포인트 데님 미니스커트,https://www.musinsa.com/app/goods/1949457,//image.msscdn.net/images/goods_img/20210513/1949457/1949457_1_220.jpg
여성 허리 밴드 변형 패턴 큐롯 TWCUJ6989-190,https://www.musinsa.com/app/goods/2356300,//image.msscdn.net/images/goods_img/20220211/2356300/2356300_1_220.jpg
여성 솔리드 펀칭 큐롯 TWCUJ6987-403,https://www.musinsa.com/app/goods/2297501,//image.msscdn.net/images/goods_img/20220107/2297501/2297501_1_220.jpg
DUL-MINI SKIRT BLACK,https://www.musinsa.com/app/goods/1411431,//image.msscdn.net/images/goods_img/20200420/1411431/1411431_1_220.jpg
LE COURT플레어 스커트_OWT (QN122TSK31),https://www.musinsa.com/app/goods/2495479,//image.msscdn.net/images/goods_img/20220418/2495479/2495479_2_220.jpg
여성 솔리드 큐롯 TWCUJ5984-830,https://www.musinsa.com/app/goods/2356310,//image.msscdn.net/images/goods_img/20220211/2356310/2356310_1_220.jpg
플리츠 데님 미니 스커트 (다크 그레이),https://www.musinsa.com/app/goods/2417137,//image.msscdn.net/images/goods_img/20220314/2417137/2417137_1_220.jpg
아디컬러 클래식 스커트 - 블랙 / HC2058,https://www.musinsa.com/app/goods/2572791,//image.msscdn.net/images/goods_img/20220520/2572791/2572791_1_220.jpg
[CP 크롭 로즈 카고 미니 스커트 [KHAKI] 치마 ver.,https://www.musinsa.com/app/goods/2029080,//image.msscdn.net/images/goods_img/20210714/2029080/2029080_1_220.jpg
여성 A라인 솔리드 라인밴드 진 플리츠 큐롯 스커트 (38cm) 블랙,https://www.musinsa.com/app/goods/2466159,//image.msscdn.net/images/goods_img/20220405/2466159/2466159_1_220.jpg
여성 A라인 솔리드 라인밴드 진 플리츠 큐롯 스커트 (38cm) 화이트,https://www.musinsa.com/app/goods/2466164,//image.msscdn.net/images/goods_img/20220405/2466164/2466164_1_220.jpg
여성 A라인 솔리드 라인밴드 진 플리츠 큐롯 스커트 (38cm) 핑크,https://www.musinsa.com/app/goods/2466161,//image.msscdn.net/images/goods_img/20220405/2466161/2466161_1_220.jpg
트위스트 니트 스커트 [red],https://www.musinsa.com/app/goods/2508413,//image.msscdn.net/images/goods_img/20220421/2508413/2508413_1_220.jpg
여성 H라인 솔리드 2도밴드 사선 플리츠 큐롯 스커트 (41cm) 블루,https://www.musinsa.com/app/goods/2466173,//image.msscdn.net/images/goods_img/20220405/2466173/2466173_1_220.jpg
여성 A라인 솔리드 라인밴드 진 플리츠 큐롯 스커트 (38cm) 레드,https://www.musinsa.com/app/goods/2466163,//image.msscdn.net/images/goods_img/20220405/2466163/2466163_1_220.jpg
여성 H라인 솔리드 2도밴드 사선 플리츠 큐롯 스커트 (41cm) 네이비,https://www.musinsa.com/app/goods/2466174,//image.msscdn.net/images/goods_img/20220405/2466174/2466174_1_220.jpg
여성 A라인 솔리드 매칭밴드 진 플리츠 큐롯 스커트 (36.5) 블랙,https://www.musinsa.com/app/goods/2466129,//image.msscdn.net/images/goods_img/20220405/2466129/2466129_1_220.jpg
PLEATS DENIM SKIRT LIGHT BLUE,https://www.musinsa.com/app/goods/2525320,//image.msscdn.net/images/goods_img/20220428/2525320/2525320_2_220.jpg
Hibiscus Low-rise Mini Skirt Dusty Navy,https://www.musinsa.com/app/goods/1992201,//image.msscdn.net/images/goods_img/20210611/1992201/1992201_2_220.jpg
[로제착용] UTILITY MINI SKIRT [BLUE],https://www.musinsa.com/app/goods/2362072,//image.msscdn.net/images/goods_img/20220215/2362072/2362072_1_220.png
BASIC PLEATED MINI SKIRT [NAVY],https://www.musinsa.com/app/goods/2415643,//image.msscdn.net/images/goods_img/20220314/2415643/2415643_1_220.png
체리 H라인 데님 스커트 [블루],https://www.musinsa.com/app/goods/2476836,//image.msscdn.net/images/goods_img/20220408/2476836/2476836_1_220.jpg
플리츠 데님 미니 스커트 KH [다크 블루],https://www.musinsa.com/app/goods/1898030,//image.msscdn.net/images/goods_img/20210414/1898030/1898030_1_220.jpg
여성 A라인 솔리드 매칭밴드 진 플리츠 큐롯 스커트 (36.5) 블루,https://www.musinsa.com/app/goods/2466130,//image.msscdn.net/images/goods_img/20220405/2466130/2466130_1_220.jpg
Unbalance denim skirt_Gray,https://www.musinsa.com/app/goods/2590335,//image.msscdn.net/images/goods_img/20220530/2590335/2590335_1_220.jpg
PLEATS DENIM SKIRT DEEP BLUE,https://www.musinsa.com/app/goods/1979439,//image.msscdn.net/images/goods_img/20210602/1979439/1979439_3_220.jpg
전체 주름 스커트-WHITE,https://www.musinsa.com/app/goods/2385035,//image.msscdn.net/images/goods_img/20220225/2385035/2385035_1_220.jpg
여성 A라인 솔리드 제오비 사선 전체플리츠 큐롯 스커트 (37cm) 화이트,https://www.musinsa.com/app/goods/2466149,//image.msscdn.net/images/goods_img/20220405/2466149/2466149_1_220.jpg
배럴핏 클럽 A라인 스커트 화이트 (BI2WFSK42WHT),https://www.musinsa.com/app/goods/2537125,//image.msscdn.net/images/goods_img/20220502/2537125/2537125_1_220.jpg
Rose Denim Skirt pants [DARK BLUE],https://www.musinsa.com/app/goods/1890751,//image.msscdn.net/images/goods_img/20210409/1890751/1890751_1_220.jpg
Leh Skirt,https://www.musinsa.com/app/goods/2572925,//image.msscdn.net/images/goods_img/20220520/2572925/2572925_1_220.jpg
스트라이프 미니 스커트_브라운,https://www.musinsa.com/app/goods/2574580,//image.msscdn.net/images/goods_img/20220523/2574580/2574580_1_220.jpg
C GLITTER CHECK MINI SKIRT_BLACK,https://www.musinsa.com/app/goods/1365484,//image.msscdn.net/images/goods_img/20200324/1365484/1365484_1_220.jpg
[DANA 8139] 커버밴드 셀비지 베이직 데님스커트(생지),https://www.musinsa.com/app/goods/1965268,//image.msscdn.net/images/goods_img/20210525/1965268/1965268_1_220.jpg
Rose Skirt Pants [BLACK],https://www.musinsa.com/app/goods/1297944,//image.msscdn.net/images/goods_img/20200210/1297944/1297944_1_220.jpg
벨티드 이지밴딩 M톤 데님 미니 스커트 인디고 미디움,https://www.musinsa.com/app/goods/2322743,//image.msscdn.net/images/goods_img/20220124/2322743/2322743_1_220.jpg
DENIM PLEATS skirt black,https://www.musinsa.com/app/goods/2510104,//image.msscdn.net/images/goods_img/20220422/2510104/2510104_1_220.jpg
W65 데님 스커트 팬츠_중청,https://www.musinsa.com/app/goods/2583758,//image.msscdn.net/images/goods_img/20220526/2583758/2583758_3_220.jpg
curling mini pants skirt WHITE,https://www.musinsa.com/app/goods/2515464,//image.msscdn.net/images/goods_img/20220426/2515464/2515464_4_220.jpg
여성 골프 사이드 슬릿 큐롯 스커트 VLCUKD92_WH,https://www.musinsa.com/app/goods/2476927,//image.msscdn.net/images/goods_img/20220408/2476927/2476927_1_220.jpg
아리아 스커트 핑크,https://www.musinsa.com/app/goods/2289125,//image.msscdn.net/images/goods_img/20220103/2289125/2289125_1_220.jpg
C RHINESTONE JERSEY FLARE SKIRT_PINK,https://www.musinsa.com/app/goods/2401021,//image.msscdn.net/images/goods_img/20220307/2401021/2401021_1_220.jpg
마르스 데님 스커트_블랙,https://www.musinsa.com/app/goods/1554351,//image.msscdn.net/images/goods_img/20200819/1554351/1554351_1_220.jpg
WOMEN 쿨링 냉장고 캉캉 플리츠 미니스커트 [블랙] 숏 치마 ver.,https://www.musinsa.com/app/goods/2533444,//image.msscdn.net/images/goods_img/20220502/2533444/2533444_1_220.jpg
콘치 액티비티 올인원 스커트,https://www.musinsa.com/app/goods/2425369,//image.msscdn.net/images/goods_img/20220317/2425369/2425369_1_220.jpg
Rose Skirt Pants [CHARCOAL GREY],https://www.musinsa.com/app/goods/1815633,//image.msscdn.net/images/goods_img/20210225/1815633/1815633_1_220.jpg
PLEATS EDGE SKIRT_BROWN,https://www.musinsa.com/app/goods/2398925,//image.msscdn.net/images/goods_img/20220304/2398925/2398925_1_220.jpg
