마엘 로브 롱 코트 [블랙],https://www.musinsa.com/app/goods/2594255,//image.msscdn.net/images/goods_img/20220531/2594255/2594255_1_220.jpg
테일러드 롱 코트 [블랙],https://www.musinsa.com/app/goods/2594207,//image.msscdn.net/images/goods_img/20220531/2594207/2594207_1_220.jpg
엘르 체크 롱 코트 [그레이],https://www.musinsa.com/app/goods/2594233,//image.msscdn.net/images/goods_img/20220531/2594233/2594233_1_220.jpg
르네 로브 롱 코트 [블랙],https://www.musinsa.com/app/goods/2594243,//image.msscdn.net/images/goods_img/20220531/2594243/2594243_1_220.jpg
스티치드 롱 코트 [차콜],https://www.musinsa.com/app/goods/2593824,//image.msscdn.net/images/goods_img/20220531/2593824/2593824_1_220.jpg
발마칸 롱 트렌치 코트 [블랙],https://www.musinsa.com/app/goods/2594301,//image.msscdn.net/images/goods_img/20220601/2594301/2594301_1_220.jpg
버티컬 롱 트렌치 코트 [베이지],https://www.musinsa.com/app/goods/2594305,//image.msscdn.net/images/goods_img/20220601/2594305/2594305_1_220.jpg
울 더블 롱 코트 [블랙],https://www.musinsa.com/app/goods/2594222,//image.msscdn.net/images/goods_img/20220531/2594222/2594222_1_220.jpg
스티치드 롱 코트 [블랙],https://www.musinsa.com/app/goods/2591179,//image.msscdn.net/images/goods_img/20220530/2591179/2591179_1_220.jpg
울 더블 롱 코트 [네이비],https://www.musinsa.com/app/goods/2594223,//image.msscdn.net/images/goods_img/20220531/2594223/2594223_1_220.jpg
발마칸 롱 트렌치 코트 [베이지],https://www.musinsa.com/app/goods/2594302,//image.msscdn.net/images/goods_img/20220601/2594302/2594302_1_220.jpg
버티컬 롱 트렌치 코트 [블랙],https://www.musinsa.com/app/goods/2594304,//image.msscdn.net/images/goods_img/20220601/2594304/2594304_1_220.jpg
테일러드 롱 코트 [차콜],https://www.musinsa.com/app/goods/2594208,//image.msscdn.net/images/goods_img/20220531/2594208/2594208_1_220.jpg
르네 로브 롱 코트 [차콜],https://www.musinsa.com/app/goods/2594246,//image.msscdn.net/images/goods_img/20220531/2594246/2594246_1_220.jpg
스티치드 롱 코트 [브라운],https://www.musinsa.com/app/goods/2593827,//image.msscdn.net/images/goods_img/20220531/2593827/2593827_1_220.jpg
테일러드 롱 코트 [브라운],https://www.musinsa.com/app/goods/2594209,//image.msscdn.net/images/goods_img/20220531/2594209/2594209_1_220.jpg
마엘 로브 롱 코트 [그레이],https://www.musinsa.com/app/goods/2594256,//image.msscdn.net/images/goods_img/20220531/2594256/2594256_1_220.jpg
버티컬 롱 트렌치 코트 [아이보리],https://www.musinsa.com/app/goods/2594306,//image.msscdn.net/images/goods_img/20220601/2594306/2594306_1_220.jpg
테일러드 롱 코트 [오트밀],https://www.musinsa.com/app/goods/2594210,//image.msscdn.net/images/goods_img/20220531/2594210/2594210_1_220.jpg
발마칸 롱 트렌치 코트 [아이보리],https://www.musinsa.com/app/goods/2594303,//image.msscdn.net/images/goods_img/20220601/2594303/2594303_1_220.jpg
스티치드 롱 코트 [오트밀],https://www.musinsa.com/app/goods/2593826,//image.msscdn.net/images/goods_img/20220531/2593826/2593826_1_220.jpg
울 블렌딩 발마칸 오버 코트 [BLACK],https://www.musinsa.com/app/goods/1760164,//image.msscdn.net/images/goods_img/20210125/1760164/1760164_4_220.jpg
오버사이즈 울 트렌치 코트 [BLACK],https://www.musinsa.com/app/goods/709188,//image.msscdn.net/images/goods_img/20180205/709188/709188_2_220.jpg
오버사이즈 울 트렌치 코트 [GREYISH BEIGE],https://www.musinsa.com/app/goods/1758438,//image.msscdn.net/images/goods_img/20210122/1758438/1758438_1_220.jpg
오버사이즈 멜톤 더플 롱 코트 블랙,https://www.musinsa.com/app/goods/2238433,//image.msscdn.net/images/goods_img/20211117/2238433/2238433_1_220.jpg
울 더블브레스트 코트 블랙,https://www.musinsa.com/app/goods/1616598,//image.msscdn.net/images/goods_img/20200922/1616598/1616598_1_220.jpg
울 맥코트 카키브라운,https://www.musinsa.com/app/goods/1616595,//image.msscdn.net/images/goods_img/20200922/1616595/1616595_1_220.jpg
오버핏 울 자켓 블랙,https://www.musinsa.com/app/goods/1616588,//image.msscdn.net/images/goods_img/20200922/1616588/1616588_1_220.jpg
HANDMADE OVERSIZED DOUBLE COAT GREY,https://www.musinsa.com/app/goods/2039456,//image.msscdn.net/images/goods_img/20210723/2039456/2039456_3_220.jpg
블랙 오버핏 와이드 카라 더블 트렌치 IECO2E101BK,https://www.musinsa.com/app/goods/2307170,//image.msscdn.net/images/goods_img/20220113/2307170/2307170_2_220.jpg
포플린 코튼 발마칸 오버 코트_Gray,https://www.musinsa.com/app/goods/2345523,//image.msscdn.net/images/goods_img/20220208/2345523/2345523_1_220.jpg
[유아인 착용 상품] 캐시미어 블렌드 대디 숄더 싱글 롱 코트 [블랙],https://www.musinsa.com/app/goods/1618313,//image.msscdn.net/images/goods_img/20200923/1618313/1618313_2_220.jpg
울리치 발마칸 오버 코트_Black,https://www.musinsa.com/app/goods/1609490,//image.msscdn.net/images/goods_img/20200917/1609490/1609490_4_220.jpg
울리치 스콧 더블 피코트_Oatmeal,https://www.musinsa.com/app/goods/2143735,//image.msscdn.net/images/goods_img/20210923/2143735/2143735_1_220.jpg
오버사이즈 울 트렌치 코트 [BEIGE],https://www.musinsa.com/app/goods/709189,//image.msscdn.net/images/goods_img/20180205/709189/709189_1_220.jpg
오버사이즈 트렌치 코트 BLACK,https://www.musinsa.com/app/goods/1269066,//image.msscdn.net/images/goods_img/20200113/1269066/1269066_6_220.jpg
포플린 코튼 하프 오버 후드 코트_Navy,https://www.musinsa.com/app/goods/2345504,//image.msscdn.net/images/goods_img/20220208/2345504/2345504_2_220.jpg
[Woman]포플린 코튼 와이드 칼라 맥코트_Khaki,https://www.musinsa.com/app/goods/2345917,//image.msscdn.net/images/goods_img/20220208/2345917/2345917_2_220.jpg
친츠 코튼 발마칸 코트 BLACK,https://www.musinsa.com/app/goods/2319873,//image.msscdn.net/images/goods_img/20220121/2319873/2319873_2_220.jpg
[스탠다드X오에이엠팩토리]21FW OVERSIZED WOOL MAXI COAT BLACK,https://www.musinsa.com/app/goods/2172173,//image.msscdn.net/images/goods_img/20211012/2172173/2172173_3_220.jpg
울 트렌치 코트 (베이지),https://www.musinsa.com/app/goods/722581,//image.msscdn.net/images/goods_img/20180223/722581/722581_2_220.jpg
포플린 코튼 하프 오버 후드 코트_Begie,https://www.musinsa.com/app/goods/2345501,//image.msscdn.net/images/goods_img/20220208/2345501/2345501_1_220.jpg
오버사이즈 더블 트렌치 코트_블랙,https://www.musinsa.com/app/goods/2110658,//image.msscdn.net/images/goods_img/20210906/2110658/2110658_1_220.jpg
울 더플 코트 네이비,https://www.musinsa.com/app/goods/2164531,//image.msscdn.net/images/goods_img/20211006/2164531/2164531_1_220.jpg
CORDURA 발마칸 트렌치 코트 BLACK,https://www.musinsa.com/app/goods/2344450,//image.msscdn.net/images/goods_img/20220207/2344450/2344450_2_220.jpg
MTR 오버핏 더블 롱 코트 (터콰이즈),https://www.musinsa.com/app/goods/1574768,//image.msscdn.net/images/goods_img/20200901/1574768/1574768_2_220.jpg
[FORTEX] 네이비 오버핏 롱 더블 코트,https://www.musinsa.com/app/goods/2127592,//image.msscdn.net/images/goods_img/20210913/2127592/2127592_2_220.jpg
NOI498 오버핏 더플 코트 (블랙),https://www.musinsa.com/app/goods/2213917,//image.msscdn.net/images/goods_img/20211103/2213917/2213917_1_220.jpg
오버사이즈 트렌치 코트 SAND BROWN,https://www.musinsa.com/app/goods/2318045,//image.msscdn.net/images/goods_img/20220120/2318045/2318045_2_220.jpg
오버사이즈 멜톤 콘보이 더플 코트 블랙,https://www.musinsa.com/app/goods/2157780,//image.msscdn.net/images/goods_img/20211001/2157780/2157780_2_220.jpg
[BLACK LABEL] 시그니처 롱 라인 싱글 코트 BLACK,https://www.musinsa.com/app/goods/1562926,//image.msscdn.net/images/goods_img/20200825/1562926/1562926_4_220.jpg
발마칸 코트 (하운드투스),https://www.musinsa.com/app/goods/1575622,//image.msscdn.net/images/goods_img/20200901/1575622/1575622_2_220.jpg
SAINT BLACK OVERSIZED TRENCH COAT,https://www.musinsa.com/app/goods/2039454,//image.msscdn.net/images/goods_img/20210723/2039454/2039454_2_220.jpg
헤링본 울 맥코트 그레이,https://www.musinsa.com/app/goods/1616596,//image.msscdn.net/images/goods_img/20200922/1616596/1616596_1_220.jpg
[스탠다드X오에이엠팩토리]21FW OVERSIZED WOOL MAXI COAT NAVY,https://www.musinsa.com/app/goods/2172162,//image.msscdn.net/images/goods_img/20211012/2172162/2172162_3_220.jpg
[유아인 착용 상품] MTR 대디 숄더 싱글 롱 코트 [블랙],https://www.musinsa.com/app/goods/2116413,//image.msscdn.net/images/goods_img/20210908/2116413/2116413_2_220.jpg
울리치 세미오버핏 발마칸 체크 코트 [카카오브라운],https://www.musinsa.com/app/goods/1651801,//image.msscdn.net/images/goods_img/20201016/1651801/1651801_6_220.jpg
울 싱글 트렌치 코트 BLACK,https://www.musinsa.com/app/goods/2319875,//image.msscdn.net/images/goods_img/20220121/2319875/2319875_2_220.jpg
오버사이즈 발마칸 맥코트 - 블랙  (FL-010),https://www.musinsa.com/app/goods/680486,//image.msscdn.net/images/goods_img/20171129/680486/680486_6_220.jpg
MTR 핸드메이드 더블 코트 (블랙),https://www.musinsa.com/app/goods/2144212,//image.msscdn.net/images/goods_img/20210924/2144212/2144212_1_220.jpg
피쉬테일 더플 코트_네이비,https://www.musinsa.com/app/goods/2289397,//image.msscdn.net/images/goods_img/20220103/2289397/2289397_4_220.jpg
울 트렌치 코트 (네이비),https://www.musinsa.com/app/goods/722573,//image.msscdn.net/images/goods_img/20180223/722573/722573_3_220.jpg
파리지앵 울 트렌치 코트 ( 아이보리 ),https://www.musinsa.com/app/goods/1676905,//image.msscdn.net/images/goods_img/20201103/1676905/1676905_1_220.jpg
프리미어 퓨어 캐시미어 발마칸 코트 [BLACK],https://www.musinsa.com/app/goods/2098325,//image.msscdn.net/images/goods_img/20210830/2098325/2098325_2_220.jpg
Oversized Duffle Coat(BLACK),https://www.musinsa.com/app/goods/2172948,//image.msscdn.net/images/goods_img/20211012/2172948/2172948_2_220.jpg
피쉬테일 더플 코트_카키,https://www.musinsa.com/app/goods/2289396,//image.msscdn.net/images/goods_img/20220103/2289396/2289396_5_220.jpg
MTR 피크드 하프 더블 코트 DARK BROWN,https://www.musinsa.com/app/goods/2161790,//image.msscdn.net/images/goods_img/20211005/2161790/2161790_2_220.jpg
블랙 세미오버핏 라이트웨이트 후드 레인코트 (TNTR2E702BK),https://www.musinsa.com/app/goods/2375419,//image.msscdn.net/images/goods_img/20220221/2375419/2375419_2_220.jpg
유니섹스 왁스 레글런 코트 awa412u(BEIGE/KHAKI),https://www.musinsa.com/app/goods/2364418,//image.msscdn.net/images/goods_img/20220216/2364418/2364418_2_220.jpg
Double Cloth Balmacaan Coat Black,https://www.musinsa.com/app/goods/2241556,//image.msscdn.net/images/goods_img/20211119/2241556/2241556_1_220.jpg
M1509 오버핏 베이지 맥코트,https://www.musinsa.com/app/goods/715124,//image.msscdn.net/images/goods_img/20180212/715124/715124_3_220.jpg
울 하프 코트 블랙,https://www.musinsa.com/app/goods/1616592,//image.msscdn.net/images/goods_img/20200922/1616592/1616592_1_220.jpg
에센셜 오버핏 더블 브레스티드 코트 블랙,https://www.musinsa.com/app/goods/1792939,//image.msscdn.net/images/goods_img/20210215/1792939/1792939_3_220.jpg
HANDMADE OVERSIZED DOUBLE COAT BLACK,https://www.musinsa.com/app/goods/2039457,//image.msscdn.net/images/goods_img/20210723/2039457/2039457_3_220.jpg
[Woman]포플린 코튼 와이드 칼라 맥코트_Begie,https://www.musinsa.com/app/goods/2345907,//image.msscdn.net/images/goods_img/20220208/2345907/2345907_2_220.jpg
오버사이즈 트렌치코트 (FL-012),https://www.musinsa.com/app/goods/680961,//image.msscdn.net/images/goods_img/20171130/680961/680961_21_220.jpg
포플린 코튼 오버 맥코트_Black,https://www.musinsa.com/app/goods/2345492,//image.msscdn.net/images/goods_img/20220208/2345492/2345492_1_220.jpg
wool balmacaan coat black,https://www.musinsa.com/app/goods/1651994,//image.msscdn.net/images/goods_img/20201016/1651994/1651994_3_220.jpg
유니섹스 체크 레글런 코트 awa413u(MULTI COLOR),https://www.musinsa.com/app/goods/2364412,//image.msscdn.net/images/goods_img/20220216/2364412/2364412_4_220.jpg
울리치  더블 브레스트 롱 체크 코트 [미스틱그레이],https://www.musinsa.com/app/goods/1651804,//image.msscdn.net/images/goods_img/20201016/1651804/1651804_13_220.jpg
REVERT FLAP OVERSIZED TRENCH COAT BEIGE,https://www.musinsa.com/app/goods/1773042,//image.msscdn.net/images/goods_img/20210202/1773042/1773042_3_220.jpg
밍크 오버사이즈 더블 코트 MELANGE BROWN,https://www.musinsa.com/app/goods/2161824,//image.msscdn.net/images/goods_img/20211005/2161824/2161824_2_220.jpg
울 블렌디드 로브 트렌치 코트 [블랙],https://www.musinsa.com/app/goods/1589739,//image.msscdn.net/images/goods_img/20200908/1589739/1589739_1_220.jpg
와이드 카라 롱 코트_블랙,https://www.musinsa.com/app/goods/1726373,//image.msscdn.net/images/goods_img/20201218/1726373/1726373_1_220.jpg
MTR 싱글 코트 BUTTER BEIGE,https://www.musinsa.com/app/goods/2071875,//image.msscdn.net/images/goods_img/20210819/2071875/2071875_2_220.jpg
캐시미어 블렌드 더블 체스터 코트 [블랙],https://www.musinsa.com/app/goods/885041,//image.msscdn.net/images/goods_img/20181018/885041/885041_3_220.jpg
오버사이즈 울 트렌치 코트 [GREIGE],https://www.musinsa.com/app/goods/2041548,//image.msscdn.net/images/goods_img/20210727/2041548/2041548_2_220.jpg
포플린 코튼 수티앵 칼라 오버 코트_Black,https://www.musinsa.com/app/goods/2345586,//image.msscdn.net/images/goods_img/20220208/2345586/2345586_1_220.jpg
울리치 발마칸 오버 코트_Oatmeal,https://www.musinsa.com/app/goods/1609493,//image.msscdn.net/images/goods_img/20200917/1609493/1609493_2_220.jpg
플라콘 스탠카라 코트 (워시드블랙),https://www.musinsa.com/app/goods/2351651,//image.msscdn.net/images/goods_img/20220210/2351651/2351651_1_220.jpg
