발마칸 롱 트렌치 코트 [블랙],https://www.musinsa.com/app/goods/2594301,//image.msscdn.net/images/goods_img/20220601/2594301/2594301_1_220.jpg
버티컬 롱 트렌치 코트 [베이지],https://www.musinsa.com/app/goods/2594305,//image.msscdn.net/images/goods_img/20220601/2594305/2594305_1_220.jpg
발마칸 롱 트렌치 코트 [베이지],https://www.musinsa.com/app/goods/2594302,//image.msscdn.net/images/goods_img/20220601/2594302/2594302_1_220.jpg
버티컬 롱 트렌치 코트 [블랙],https://www.musinsa.com/app/goods/2594304,//image.msscdn.net/images/goods_img/20220601/2594304/2594304_1_220.jpg
버티컬 롱 트렌치 코트 [아이보리],https://www.musinsa.com/app/goods/2594306,//image.msscdn.net/images/goods_img/20220601/2594306/2594306_1_220.jpg
발마칸 롱 트렌치 코트 [아이보리],https://www.musinsa.com/app/goods/2594303,//image.msscdn.net/images/goods_img/20220601/2594303/2594303_1_220.jpg
마엘 로브 롱 코트 [블랙],https://www.musinsa.com/app/goods/2594255,//image.msscdn.net/images/goods_img/20220531/2594255/2594255_1_220.jpg
테일러드 롱 코트 [블랙],https://www.musinsa.com/app/goods/2594207,//image.msscdn.net/images/goods_img/20220531/2594207/2594207_1_220.jpg
엘르 체크 롱 코트 [그레이],https://www.musinsa.com/app/goods/2594233,//image.msscdn.net/images/goods_img/20220531/2594233/2594233_1_220.jpg
르네 로브 롱 코트 [블랙],https://www.musinsa.com/app/goods/2594243,//image.msscdn.net/images/goods_img/20220531/2594243/2594243_1_220.jpg
스티치드 롱 코트 [차콜],https://www.musinsa.com/app/goods/2593824,//image.msscdn.net/images/goods_img/20220531/2593824/2593824_1_220.jpg
울 더블 롱 코트 [블랙],https://www.musinsa.com/app/goods/2594222,//image.msscdn.net/images/goods_img/20220531/2594222/2594222_1_220.jpg
스티치드 롱 코트 [블랙],https://www.musinsa.com/app/goods/2591179,//image.msscdn.net/images/goods_img/20220530/2591179/2591179_1_220.jpg
울 더블 롱 코트 [네이비],https://www.musinsa.com/app/goods/2594223,//image.msscdn.net/images/goods_img/20220531/2594223/2594223_1_220.jpg
테일러드 롱 코트 [차콜],https://www.musinsa.com/app/goods/2594208,//image.msscdn.net/images/goods_img/20220531/2594208/2594208_1_220.jpg
르네 로브 롱 코트 [차콜],https://www.musinsa.com/app/goods/2594246,//image.msscdn.net/images/goods_img/20220531/2594246/2594246_1_220.jpg
스티치드 롱 코트 [브라운],https://www.musinsa.com/app/goods/2593827,//image.msscdn.net/images/goods_img/20220531/2593827/2593827_1_220.jpg
테일러드 롱 코트 [브라운],https://www.musinsa.com/app/goods/2594209,//image.msscdn.net/images/goods_img/20220531/2594209/2594209_1_220.jpg
마엘 로브 롱 코트 [그레이],https://www.musinsa.com/app/goods/2594256,//image.msscdn.net/images/goods_img/20220531/2594256/2594256_1_220.jpg
테일러드 롱 코트 [오트밀],https://www.musinsa.com/app/goods/2594210,//image.msscdn.net/images/goods_img/20220531/2594210/2594210_1_220.jpg
스티치드 롱 코트 [오트밀],https://www.musinsa.com/app/goods/2593826,//image.msscdn.net/images/goods_img/20220531/2593826/2593826_1_220.jpg
울 블렌딩 발마칸 오버 코트 [BLACK],https://www.musinsa.com/app/goods/1760164,//image.msscdn.net/images/goods_img/20210125/1760164/1760164_4_220.jpg
오버사이즈 울 트렌치 코트 [BLACK],https://www.musinsa.com/app/goods/709188,//image.msscdn.net/images/goods_img/20180205/709188/709188_2_220.jpg
오버사이즈 울 트렌치 코트 [GREYISH BEIGE],https://www.musinsa.com/app/goods/1758438,//image.msscdn.net/images/goods_img/20210122/1758438/1758438_1_220.jpg
블랙 오버핏 와이드 카라 더블 트렌치 IECO2E101BK,https://www.musinsa.com/app/goods/2307170,//image.msscdn.net/images/goods_img/20220113/2307170/2307170_2_220.jpg
포플린 코튼 발마칸 오버 코트_Gray,https://www.musinsa.com/app/goods/2345523,//image.msscdn.net/images/goods_img/20220208/2345523/2345523_1_220.jpg
오버사이즈 울 트렌치 코트 [BEIGE],https://www.musinsa.com/app/goods/709189,//image.msscdn.net/images/goods_img/20180205/709189/709189_1_220.jpg
오버사이즈 트렌치 코트 BLACK,https://www.musinsa.com/app/goods/1269066,//image.msscdn.net/images/goods_img/20200113/1269066/1269066_6_220.jpg
포플린 코튼 하프 오버 후드 코트_Navy,https://www.musinsa.com/app/goods/2345504,//image.msscdn.net/images/goods_img/20220208/2345504/2345504_2_220.jpg
[Woman]포플린 코튼 와이드 칼라 맥코트_Khaki,https://www.musinsa.com/app/goods/2345917,//image.msscdn.net/images/goods_img/20220208/2345917/2345917_2_220.jpg
친츠 코튼 발마칸 코트 BLACK,https://www.musinsa.com/app/goods/2319873,//image.msscdn.net/images/goods_img/20220121/2319873/2319873_2_220.jpg
울 트렌치 코트 (베이지),https://www.musinsa.com/app/goods/722581,//image.msscdn.net/images/goods_img/20180223/722581/722581_2_220.jpg
포플린 코튼 하프 오버 후드 코트_Begie,https://www.musinsa.com/app/goods/2345501,//image.msscdn.net/images/goods_img/20220208/2345501/2345501_1_220.jpg
오버사이즈 더블 트렌치 코트_블랙,https://www.musinsa.com/app/goods/2110658,//image.msscdn.net/images/goods_img/20210906/2110658/2110658_1_220.jpg
CORDURA 발마칸 트렌치 코트 BLACK,https://www.musinsa.com/app/goods/2344450,//image.msscdn.net/images/goods_img/20220207/2344450/2344450_2_220.jpg
오버사이즈 트렌치 코트 SAND BROWN,https://www.musinsa.com/app/goods/2318045,//image.msscdn.net/images/goods_img/20220120/2318045/2318045_2_220.jpg
SAINT BLACK OVERSIZED TRENCH COAT,https://www.musinsa.com/app/goods/2039454,//image.msscdn.net/images/goods_img/20210723/2039454/2039454_2_220.jpg
울 싱글 트렌치 코트 BLACK,https://www.musinsa.com/app/goods/2319875,//image.msscdn.net/images/goods_img/20220121/2319875/2319875_2_220.jpg
피쉬테일 더플 코트_네이비,https://www.musinsa.com/app/goods/2289397,//image.msscdn.net/images/goods_img/20220103/2289397/2289397_4_220.jpg
울 트렌치 코트 (네이비),https://www.musinsa.com/app/goods/722573,//image.msscdn.net/images/goods_img/20180223/722573/722573_3_220.jpg
피쉬테일 더플 코트_카키,https://www.musinsa.com/app/goods/2289396,//image.msscdn.net/images/goods_img/20220103/2289396/2289396_5_220.jpg
블랙 세미오버핏 라이트웨이트 후드 레인코트 (TNTR2E702BK),https://www.musinsa.com/app/goods/2375419,//image.msscdn.net/images/goods_img/20220221/2375419/2375419_2_220.jpg
유니섹스 왁스 레글런 코트 awa412u(BEIGE/KHAKI),https://www.musinsa.com/app/goods/2364418,//image.msscdn.net/images/goods_img/20220216/2364418/2364418_2_220.jpg
M1509 오버핏 베이지 맥코트,https://www.musinsa.com/app/goods/715124,//image.msscdn.net/images/goods_img/20180212/715124/715124_3_220.jpg
에센셜 오버핏 더블 브레스티드 코트 블랙,https://www.musinsa.com/app/goods/1792939,//image.msscdn.net/images/goods_img/20210215/1792939/1792939_3_220.jpg
[Woman]포플린 코튼 와이드 칼라 맥코트_Begie,https://www.musinsa.com/app/goods/2345907,//image.msscdn.net/images/goods_img/20220208/2345907/2345907_2_220.jpg
오버사이즈 트렌치코트 (FL-012),https://www.musinsa.com/app/goods/680961,//image.msscdn.net/images/goods_img/20171130/680961/680961_21_220.jpg
포플린 코튼 오버 맥코트_Black,https://www.musinsa.com/app/goods/2345492,//image.msscdn.net/images/goods_img/20220208/2345492/2345492_1_220.jpg
유니섹스 체크 레글런 코트 awa413u(MULTI COLOR),https://www.musinsa.com/app/goods/2364412,//image.msscdn.net/images/goods_img/20220216/2364412/2364412_4_220.jpg
REVERT FLAP OVERSIZED TRENCH COAT BEIGE,https://www.musinsa.com/app/goods/1773042,//image.msscdn.net/images/goods_img/20210202/1773042/1773042_3_220.jpg
울 블렌디드 로브 트렌치 코트 [블랙],https://www.musinsa.com/app/goods/1589739,//image.msscdn.net/images/goods_img/20200908/1589739/1589739_1_220.jpg
오버사이즈 울 트렌치 코트 [GREIGE],https://www.musinsa.com/app/goods/2041548,//image.msscdn.net/images/goods_img/20210727/2041548/2041548_2_220.jpg
포플린 코튼 수티앵 칼라 오버 코트_Black,https://www.musinsa.com/app/goods/2345586,//image.msscdn.net/images/goods_img/20220208/2345586/2345586_1_220.jpg
플라콘 스탠카라 코트 (워시드블랙),https://www.musinsa.com/app/goods/2351651,//image.msscdn.net/images/goods_img/20220210/2351651/2351651_1_220.jpg
Wide Single Trench Coat Dark Navy,https://www.musinsa.com/app/goods/2288741,//image.msscdn.net/images/goods_img/20220103/2288741/2288741_1_220.jpg
오버사이즈 울 트렌치 코트 [CHARCOAL],https://www.musinsa.com/app/goods/1120476,//image.msscdn.net/images/goods_img/20190819/1120476/1120476_1_220.jpg
오버사이즈 울 트렌치 코트 [DUSTY CREAM],https://www.musinsa.com/app/goods/1288200,//image.msscdn.net/images/goods_img/20200203/1288200/1288200_1_220.jpg
코튼 더블 코트 BLACK,https://www.musinsa.com/app/goods/2318046,//image.msscdn.net/images/goods_img/20220120/2318046/2318046_2_220.jpg
CLINKLE PARKA (BLACK),https://www.musinsa.com/app/goods/2397869,//image.msscdn.net/images/goods_img/20220304/2397869/2397869_1_220.jpg
essential balmacaan coat(womens) navy,https://www.musinsa.com/app/goods/1613876,//image.msscdn.net/images/goods_img/20200921/1613876/1613876_1_220.jpg
오버사이즈 울 트렌치 코트 [DARK BROWN],https://www.musinsa.com/app/goods/1576657,//image.msscdn.net/images/goods_img/20200901/1576657/1576657_1_220.jpg
포플린 코튼 오버 맥코트_Khaki,https://www.musinsa.com/app/goods/2345493,//image.msscdn.net/images/goods_img/20220208/2345493/2345493_1_220.jpg
파리지앵 숏 트렌치 코트 ( 네이비 ),https://www.musinsa.com/app/goods/2320643,//image.msscdn.net/images/goods_img/20220121/2320643/2320643_1_220.jpg
CLINKLE PARKA (OLIVE),https://www.musinsa.com/app/goods/2397867,//image.msscdn.net/images/goods_img/20220304/2397867/2397867_1_220.jpg
Ponte Single Coat LD (Black),https://www.musinsa.com/app/goods/118769,//image.msscdn.net/images/goods_img/20140902/118769/118769_5_220.jpg
CORDURA 발마칸 트렌치 코트 GREY BLUE,https://www.musinsa.com/app/goods/2344451,//image.msscdn.net/images/goods_img/20220207/2344451/2344451_2_220.jpg
[정해인 착용] [SMART][COUTURE]더블트렌치코트 MWCA2101,https://www.musinsa.com/app/goods/2299698,//image.msscdn.net/images/goods_img/20220110/2299698/2299698_1_220.jpg
ROUND CROP TRENCH,https://www.musinsa.com/app/goods/2416936,//image.msscdn.net/images/goods_img/20220314/2416936/2416936_1_220.jpg
포플린 코튼 수티앵 칼라 오버 코트_Begie,https://www.musinsa.com/app/goods/2345574,//image.msscdn.net/images/goods_img/20220208/2345574/2345574_1_220.jpg
SOLARO GABARDINE BALMACAAN COAT (NAVY),https://www.musinsa.com/app/goods/2379560,//image.msscdn.net/images/goods_img/20220223/2379560/2379560_1_220.jpg
TC1-CT2101 스프링 맥코트-아이보리,https://www.musinsa.com/app/goods/2445565,//image.msscdn.net/images/goods_img/20220325/2445565/2445565_1_220.jpg
오버사이즈 트렌치 코트 CREAM,https://www.musinsa.com/app/goods/1269068,//image.msscdn.net/images/goods_img/20200113/1269068/1269068_5_220.jpg
글로시 래글런 트렌치 코트 BROWN,https://www.musinsa.com/app/goods/2073569,//image.msscdn.net/images/goods_img/20210820/2073569/2073569_4_220.jpg
Wide Single Trench Coat Dark Olive,https://www.musinsa.com/app/goods/2288745,//image.msscdn.net/images/goods_img/20220103/2288745/2288745_1_220.jpg
울 수트 코트 BLACK,https://www.musinsa.com/app/goods/2319879,//image.msscdn.net/images/goods_img/20220121/2319879/2319879_3_220.jpg
all weather trench coat black,https://www.musinsa.com/app/goods/1613806,//image.msscdn.net/images/goods_img/20200921/1613806/1613806_2_220.jpg
오버사이즈 더블 트렌치 코트_그레이,https://www.musinsa.com/app/goods/2110734,//image.msscdn.net/images/goods_img/20210906/2110734/2110734_2_220.jpg
노블 발마칸 코트 (BLACK),https://www.musinsa.com/app/goods/1545064,//image.msscdn.net/images/goods_img/20200811/1545064/1545064_1_220.jpg
오버 더블 트렌치 코트 블랙,https://www.musinsa.com/app/goods/1196753,//image.msscdn.net/images/goods_img/20191022/1196753/1196753_7_220.jpg
푸마 X 메종 키츠네 트렌치 코트 - 브라운 / 532306-43,https://www.musinsa.com/app/goods/2190499,//image.msscdn.net/images/goods_img/20211020/2190499/2190499_1_220.jpg
발마칸 코트 (다크모카),https://www.musinsa.com/app/goods/1795594,//image.msscdn.net/images/goods_img/20210216/1795594/1795594_1_220.jpg
소네트 벨 슬리브 개버딘 트렌치 코트 [노마드],https://www.musinsa.com/app/goods/2319572,//image.msscdn.net/images/goods_img/20220121/2319572/2319572_2_220.jpg
래글런 코튼 트렌치 코트 CREAM,https://www.musinsa.com/app/goods/2338198,//image.msscdn.net/images/goods_img/20220203/2338198/2338198_2_220.jpg
베네스 투 톤 트렌치코트 ( 라이트 베이지 ),https://www.musinsa.com/app/goods/2340624,//image.msscdn.net/images/goods_img/20220204/2340624/2340624_1_220.jpg
BALMACAAN HUNTING COAT _ BLACK WATCH,https://www.musinsa.com/app/goods/2387362,//image.msscdn.net/images/goods_img/20220227/2387362/2387362_1_220.jpg
코튼 오버사이즈 맥 코트 [블랙],https://www.musinsa.com/app/goods/1295729,//image.msscdn.net/images/goods_img/20200207/1295729/1295729_2_220.jpg
코튼 더블 코트 SAND BROWN,https://www.musinsa.com/app/goods/2318048,//image.msscdn.net/images/goods_img/20220120/2318048/2318048_2_220.jpg
울 블랜드 롱 트렌치 코트 DARK BROWN,https://www.musinsa.com/app/goods/2058989,//image.msscdn.net/images/goods_img/20210811/2058989/2058989_2_220.jpg
산테스 체크 패치워크 코트 awa424m(BROWN),https://www.musinsa.com/app/goods/2364285,//image.msscdn.net/images/goods_img/20220216/2364285/2364285_3_220.jpg
플라콘 스탠카라 코트 (베이지),https://www.musinsa.com/app/goods/2351661,//image.msscdn.net/images/goods_img/20220210/2351661/2351661_1_220.jpg
