RDS 롱 다운 파카 블랙,https://www.musinsa.com/app/goods/1616798,//image.msscdn.net/images/goods_img/20200922/1616798/1616798_2_220.jpg
NJ1DN55A 남성 1996 에코 눕시 자켓,https://www.musinsa.com/app/goods/2081554,//image.msscdn.net/images/goods_img/20210823/2081554/2081554_2_220.jpg
DV.LOT 653 Lamb skin Duck down-Armor 380g,https://www.musinsa.com/app/goods/2109065,//image.msscdn.net/images/goods_img/20210904/2109065/2109065_2_220.jpg
21fw light down parka light grey,https://www.musinsa.com/app/goods/2172523,//image.msscdn.net/images/goods_img/20211012/2172523/2172523_1_220.jpg
RDS 숏 푸퍼 블랙,https://www.musinsa.com/app/goods/1537633,//image.msscdn.net/images/goods_img/20200805/1537633/1537633_4_220.jpg
RDS 크루져 파카 블랙,https://www.musinsa.com/app/goods/1616964,//image.msscdn.net/images/goods_img/20200922/1616964/1616964_1_220.jpg
RDS 숏 푸퍼 그레이,https://www.musinsa.com/app/goods/1537634,//image.msscdn.net/images/goods_img/20200805/1537634/1537634_6_220.jpg
RDS 라이트 다운 점퍼 블랙,https://www.musinsa.com/app/goods/2081586,//image.msscdn.net/images/goods_img/20210823/2081586/2081586_1_220.jpg
WARM UP QUILTING JACKET BLACK,https://www.musinsa.com/app/goods/2135207,//image.msscdn.net/images/goods_img/20210916/2135207/2135207_10_220.jpg
RDS 플러피 다운 파카 블랙,https://www.musinsa.com/app/goods/2080867,//image.msscdn.net/images/goods_img/20210823/2080867/2080867_3_220.jpg
(21FW) DNA 모노그램 블락 롱 다운 자켓 블랙,https://www.musinsa.com/app/goods/2216998,//image.msscdn.net/images/goods_img/20211104/2216998/2216998_1_220.png
RDS 울버린 숏 다운 점퍼 블랙,https://www.musinsa.com/app/goods/1634433,//image.msscdn.net/images/goods_img/20201006/1634433/1634433_1_220.jpg
RDS 리버시블 숏 푸퍼 베이지,https://www.musinsa.com/app/goods/2117659,//image.msscdn.net/images/goods_img/20210908/2117659/2117659_5_220.jpg
RDS 플러피 다운 파카 카키,https://www.musinsa.com/app/goods/2080868,//image.msscdn.net/images/goods_img/20210823/2080868/2080868_3_220.jpg
RDS 리버시블 숏 푸퍼 그레이,https://www.musinsa.com/app/goods/1616568,//image.msscdn.net/images/goods_img/20200922/1616568/1616568_4_220.jpg
RDS 유틸리티 다운 점퍼 블랙,https://www.musinsa.com/app/goods/2134813,//image.msscdn.net/images/goods_img/20210916/2134813/2134813_1_220.jpg
[셀럽아우터] RDS 숏 푸퍼 베이지,https://www.musinsa.com/app/goods/1537635,//image.msscdn.net/images/goods_img/20200805/1537635/1537635_6_220.jpg
레인지 투웨이 푸퍼 블랙 YHOT2363,https://www.musinsa.com/app/goods/2173307,//image.msscdn.net/images/goods_img/20211012/2173307/2173307_1_220.jpg
수퍼 퍼피 자켓 - 화이트 / H20751,https://www.musinsa.com/app/goods/2210562,//image.msscdn.net/images/goods_img/20211102/2210562/2210562_1_220.jpg
BCC부스터후드다운자켓_IV,https://www.musinsa.com/app/goods/2126611,//image.msscdn.net/images/goods_img/20210913/2126611/2126611_2_220.jpg
RDS 라이트 다운 점퍼 그레이,https://www.musinsa.com/app/goods/2081584,//image.msscdn.net/images/goods_img/20210823/2081584/2081584_3_220.jpg
RDS 라이트 다운 점퍼 베이지,https://www.musinsa.com/app/goods/2081585,//image.msscdn.net/images/goods_img/20210823/2081585/2081585_1_220.jpg
데일리 몬스터 파카 블랙,https://www.musinsa.com/app/goods/2135052,//image.msscdn.net/images/goods_img/20210916/2135052/2135052_1_220.jpg
610 신슐레이트 푸퍼패딩봄버재킷_그레이,https://www.musinsa.com/app/goods/2214507,//image.msscdn.net/images/goods_img/20211103/2214507/2214507_2_220.jpg
리버시블 라이트 다운 자켓 베이지,https://www.musinsa.com/app/goods/2318506,//image.msscdn.net/images/goods_img/20220120/2318506/2318506_2_220.jpg
RDS 울버린 숏 다운 점퍼 베이지,https://www.musinsa.com/app/goods/1634436,//image.msscdn.net/images/goods_img/20201006/1634436/1634436_1_220.jpg
RDS 레오파드 리버시블 숏 푸퍼 브라운,https://www.musinsa.com/app/goods/2184709,//image.msscdn.net/images/goods_img/20211018/2184709/2184709_2_220.jpg
RDS 울버린 숏 다운 점퍼 네이비,https://www.musinsa.com/app/goods/1634434,//image.msscdn.net/images/goods_img/20201006/1634434/1634434_1_220.jpg
NYPM 푸퍼 숏패딩 자켓 그레이,https://www.musinsa.com/app/goods/1631086,//image.msscdn.net/images/goods_img/20200929/1631086/1631086_4_220.jpg
BLACK DYDED DOWN PUFFER JACKET,https://www.musinsa.com/app/goods/2041550,//image.msscdn.net/images/goods_img/20210727/2041550/2041550_3_220.jpg
N214UDW830 움브리엘 RDS 덕 다운 점퍼 CARBON BLACK,https://www.musinsa.com/app/goods/2102011,//image.msscdn.net/images/goods_img/20210901/2102011/2102011_1_220.jpg
리버시블 다운 조끼-MJJ21704,https://www.musinsa.com/app/goods/2106661,//image.msscdn.net/images/goods_img/20210902/2106661/2106661_2_220.jpg
Star Vegan Leather Padded Jacket [Black],https://www.musinsa.com/app/goods/2043145,//image.msscdn.net/images/goods_img/20210728/2043145/2043145_2_220.jpg
더블 다운 코트 BLACK,https://www.musinsa.com/app/goods/1630217,//image.msscdn.net/images/goods_img/20200929/1630217/1630217_2_220.jpg
RDS 플러피 다운 파카 그레이,https://www.musinsa.com/app/goods/2080866,//image.msscdn.net/images/goods_img/20210823/2080866/2080866_2_220.jpg
N214MDW930 타루가 남성 RDS 덕 다운 점퍼 CARBON BLACK,https://www.musinsa.com/app/goods/2090552,//image.msscdn.net/images/goods_img/20210826/2090552/2090552_1_220.jpg
스틸링 파카 / MK4661MP-310,https://www.musinsa.com/app/goods/904526,//image.msscdn.net/images/goods_img/20181113/904526/904526_2_220.jpg
NJ1DN75A 남성 1996 에코 눕시 자켓,https://www.musinsa.com/app/goods/2482269,//image.msscdn.net/images/goods_img/20220412/2482269/2482269_1_220.jpg
브이넥 라이트 다운 베스트 [블랙],https://www.musinsa.com/app/goods/606312,//image.msscdn.net/images/goods_img/20170822/606312/606312_4_220.jpg
하이랜드 남성 항공점퍼 패딩 (BLACK),https://www.musinsa.com/app/goods/2284803,//image.msscdn.net/images/goods_img/20211228/2284803/2284803_1_220.jpg
N184UDW890 카이만 엑스 덕다운 벤치 다운 자켓 롱패딩 점퍼 BLACK 2,https://www.musinsa.com/app/goods/811905,//image.msscdn.net/images/goods_img/20180706/811905/811905_1_220.jpg
트랜스폼 라운드 넥 라이트 다운 베스트 [블랙],https://www.musinsa.com/app/goods/1114785,//image.msscdn.net/images/goods_img/20190809/1114785/1114785_6_220.jpg
덕다운 몬스터 푸퍼 패딩_Gray,https://www.musinsa.com/app/goods/2202967,//image.msscdn.net/images/goods_img/20211027/2202967/2202967_1_220.jpg
BLACK DOUBLE LONG GOOSE DOWN,https://www.musinsa.com/app/goods/1647181,//image.msscdn.net/images/goods_img/20201014/1647181/1647181_2_220.jpg
3M 신슐레이트 몬스터 파카 카키,https://www.musinsa.com/app/goods/2127174,//image.msscdn.net/images/goods_img/20210913/2127174/2127174_2_220.jpg
RDS 숏 푸퍼 아이보리,https://www.musinsa.com/app/goods/2104281,//image.msscdn.net/images/goods_img/20210902/2104281/2104281_1_220.jpg
3M 신슐레이트 보아 플리스 무톤 자켓 베이지,https://www.musinsa.com/app/goods/1690701,//image.msscdn.net/images/goods_img/20201116/1690701/1690701_1_220.jpg
N204WDW930 여성 타루가 RDS 덕 다운 점퍼 O WHITE,https://www.musinsa.com/app/goods/1515898,//image.msscdn.net/images/goods_img/20200715/1515898/1515898_1_220.jpg
3M 신슐레이트 레벨7 파카 블랙,https://www.musinsa.com/app/goods/2204046,//image.msscdn.net/images/goods_img/20211028/2204046/2204046_1_220.jpg
데일리 몬스터 파카 세이지그린,https://www.musinsa.com/app/goods/2135053,//image.msscdn.net/images/goods_img/20210916/2135053/2135053_1_220.jpg
N204MDW930 타루가 남성 RDS 덕 다운 점퍼 C GREY,https://www.musinsa.com/app/goods/1515904,//image.msscdn.net/images/goods_img/20200715/1515904/1515904_5_220.jpg
[무봉제]덕다운 심리스 미니멀 푸퍼 숏패딩_Gray,https://www.musinsa.com/app/goods/1173385,//image.msscdn.net/images/goods_img/20191001/1173385/1173385_8_220.jpg
오리지널 헤비 덕다운 M-1990 스웨덴 파카_Black,https://www.musinsa.com/app/goods/2211155,//image.msscdn.net/images/goods_img/20211102/2211155/2211155_2_220.jpg
RDS 크루져 파카 올리브,https://www.musinsa.com/app/goods/1616965,//image.msscdn.net/images/goods_img/20200922/1616965/1616965_1_220.jpg
리버서블 락업 패딩 자켓 - 올리브 / H14121,https://www.musinsa.com/app/goods/2130168,//image.msscdn.net/images/goods_img/20210914/2130168/2130168_2_220.jpg
[스탠다드]21FW OVERSIZED M65 HOOD SHORT DOWN PARKA GREY,https://www.musinsa.com/app/goods/2161470,//image.msscdn.net/images/goods_img/20211005/2161470/2161470_2_220.jpg
RDS 레오파드 리버시블 숏 푸퍼 그레이,https://www.musinsa.com/app/goods/2184713,//image.msscdn.net/images/goods_img/20211018/2184713/2184713_2_220.jpg
패디드 자켓 - 블랙 / H66011,https://www.musinsa.com/app/goods/2133793,//image.msscdn.net/images/goods_img/20210915/2133793/2133793_2_220.jpg
엔젤 RDS 덕 다운 숏 푸퍼 그레이,https://www.musinsa.com/app/goods/1536076,//image.msscdn.net/images/goods_img/20200804/1536076/1536076_4_220.jpg
오리지널 헤비 덕다운 M-1990 스웨덴 파카_Khaki,https://www.musinsa.com/app/goods/2211156,//image.msscdn.net/images/goods_img/20211102/2211156/2211156_2_220.jpg
RDS 울버린 숏 다운 점퍼 올리브,https://www.musinsa.com/app/goods/1634435,//image.msscdn.net/images/goods_img/20201006/1634435/1634435_1_220.jpg
엔젤 RDS 덕 다운 숏 푸퍼 블랙,https://www.musinsa.com/app/goods/1536075,//image.msscdn.net/images/goods_img/20200804/1536075/1536075_4_220.jpg
NJ1DN55D 남성 1996 에코 눕시 자켓,https://www.musinsa.com/app/goods/2081546,//image.msscdn.net/images/goods_img/20210823/2081546/2081546_2_220.jpg
NJ1DN56A 남성 1996 노벨티 눕시 자켓,https://www.musinsa.com/app/goods/2147789,//image.msscdn.net/images/goods_img/20210927/2147789/2147789_1_220.jpg
N214UDW910 레이만 숏기장 푸퍼 덕 다운 점퍼 CARBON BLACK,https://www.musinsa.com/app/goods/2030644,//image.msscdn.net/images/goods_img/20210715/2030644/2030644_3_220.jpg
3M 신슐레이트 푸퍼 패딩 자켓 그레이쉬 블루,https://www.musinsa.com/app/goods/1660617,//image.msscdn.net/images/goods_img/20201022/1660617/1660617_1_220.jpg
LMC X SCARFACE PUFFER DUCK DOWN PARKA black,https://www.musinsa.com/app/goods/2195599,//image.msscdn.net/images/goods_img/20211025/2195599/2195599_1_220.jpg
N214UDW910 레이만 숏기장 푸퍼 덕 다운 점퍼 MC GREY,https://www.musinsa.com/app/goods/2030642,//image.msscdn.net/images/goods_img/20210715/2030642/2030642_3_220.jpg
RDS 숏 푸퍼 브라운,https://www.musinsa.com/app/goods/2104279,//image.msscdn.net/images/goods_img/20210902/2104279/2104279_1_220.jpg
타이다이 워싱 오버 데님 트러커 자켓 옐로우,https://www.musinsa.com/app/goods/2250558,//image.msscdn.net/images/goods_img/20211126/2250558/2250558_1_220.jpg
여성 부댕 롱 패딩 재킷 - 블랙 / G20939B00031M1131999,https://www.musinsa.com/app/goods/2281630,//image.msscdn.net/images/goods_img/20211223/2281630/2281630_1_220.jpg
[무봉제]덕다운 심리스 미니멀 푸퍼 숏패딩_Black,https://www.musinsa.com/app/goods/1173366,//image.msscdn.net/images/goods_img/20191001/1173366/1173366_6_220.jpg
덕다운 쉬링 무톤 푸퍼 패딩_Black,https://www.musinsa.com/app/goods/2186977,//image.msscdn.net/images/goods_img/20211019/2186977/2186977_1_220.jpg
N214UDW910 레이만 숏기장 푸퍼 덕 다운 점퍼 WHITE,https://www.musinsa.com/app/goods/2030646,//image.msscdn.net/images/goods_img/20210715/2030646/2030646_4_220.jpg
TURTLE NECK BELTED LONG DOWN COAT BLACK,https://www.musinsa.com/app/goods/2039478,//image.msscdn.net/images/goods_img/20210723/2039478/2039478_3_220.jpg
WARM UP QUILTING JACKET BEIGE,https://www.musinsa.com/app/goods/2135209,//image.msscdn.net/images/goods_img/20210916/2135209/2135209_10_220.jpg
RDS 숏 푸퍼 세이지 그레이,https://www.musinsa.com/app/goods/2104282,//image.msscdn.net/images/goods_img/20210902/2104282/2104282_1_220.jpg
발리스틱 화이트퍼 MK2000MB 290,https://www.musinsa.com/app/goods/2251777,//image.msscdn.net/images/goods_img/20211129/2251777/2251777_1_220.jpg
블랭킷 패디드 자켓,https://www.musinsa.com/app/goods/2091388,//image.msscdn.net/images/goods_img/20210826/2091388/2091388_2_220.jpg
Y.E.S Jungle Vest Black,https://www.musinsa.com/app/goods/1619966,//image.msscdn.net/images/goods_img/20200923/1619966/1619966_1_220.jpg
RDS 유틸리티 다운 점퍼 베이지,https://www.musinsa.com/app/goods/2134812,//image.msscdn.net/images/goods_img/20210916/2134812/2134812_1_220.jpg
덕다운 하이넥 푸퍼 패딩_Black,https://www.musinsa.com/app/goods/2159699,//image.msscdn.net/images/goods_img/20211001/2159699/2159699_2_220.jpg
N194UDW800 우라누스 퍼 구스 다운 점퍼 CARBON BLACK,https://www.musinsa.com/app/goods/1186980,//image.msscdn.net/images/goods_img/20191015/1186980/1186980_2_220.jpg
RETRO PADDED JUMPER BK,https://www.musinsa.com/app/goods/2087798,//image.msscdn.net/images/goods_img/20210825/2087798/2087798_1_220.jpg
DV.LOT 651 CORDURA® Duck down-Armor 380g,https://www.musinsa.com/app/goods/2109083,//image.msscdn.net/images/goods_img/20210904/2109083/2109083_3_220.jpg
2-WAY 유틸리티 후드 MA-1 자켓_블랙,https://www.musinsa.com/app/goods/2073268,//image.msscdn.net/images/goods_img/20210820/2073268/2073268_3_220.jpg
LMC OG PUFFER DUCK DOWN PARKA camo,https://www.musinsa.com/app/goods/2147542,//image.msscdn.net/images/goods_img/20210927/2147542/2147542_1_220.jpg
3ST 퍼피 다운 자켓 - 화이트 / H20755,https://www.musinsa.com/app/goods/2172411,//image.msscdn.net/images/goods_img/20211012/2172411/2172411_1_220.jpg
리버시블 라이트 다운 자켓 블랙,https://www.musinsa.com/app/goods/2318507,//image.msscdn.net/images/goods_img/20220120/2318507/2318507_2_220.jpg
스톰 핏 윈드러너 패딩 조끼 DD6817-010,https://www.musinsa.com/app/goods/2489351,//image.msscdn.net/images/goods_img/20220414/2489351/2489351_1_220.jpg
