MA-1 레귤러 Black,https://www.musinsa.com/app/goods/411209,//image.msscdn.net/images/goods_img/20160912/411209/411209_8_220.jpg
80s BLOUSON (SAGE),https://www.musinsa.com/app/goods/2365126,//image.msscdn.net/images/goods_img/20220216/2365126/2365126_2_220.jpg
그런지 오버사이즈 블루종 그레이,https://www.musinsa.com/app/goods/2322141,//image.msscdn.net/images/goods_img/20220124/2322141/2322141_2_220.jpg
N221UJP920 로우머스 플라이트 블루종 항공 점퍼 CARBON BLACK,https://www.musinsa.com/app/goods/2362013,//image.msscdn.net/images/goods_img/20220215/2362013/2362013_5_220.jpg
리치 오버 MA-1 자켓 블랙 YHJK2269,https://www.musinsa.com/app/goods/1291017,//image.msscdn.net/images/goods_img/20200205/1291017/1291017_1_220.jpg
에센셜 미니멀 블루종_Black,https://www.musinsa.com/app/goods/2345710,//image.msscdn.net/images/goods_img/20220208/2345710/2345710_1_220.jpg
NOBLE CROP OVER MA-1 NAVY,https://www.musinsa.com/app/goods/2224332,//image.msscdn.net/images/goods_img/20211109/2224332/2224332_3_220.jpg
릴렉스드 울 숏 트렌치 자켓 [GREIGE],https://www.musinsa.com/app/goods/1810999,//image.msscdn.net/images/goods_img/20210223/1810999/1810999_1_220.jpg
CORDURA® Check Jacket Khaki,https://www.musinsa.com/app/goods/2442000,//image.msscdn.net/images/goods_img/20220324/2442000/2442000_1_220.jpg
HARRINGTON JACKET (NAVY),https://www.musinsa.com/app/goods/2365196,//image.msscdn.net/images/goods_img/20220216/2365196/2365196_1_220.jpg
오블리크 울 트러커 자켓 [BLACK],https://www.musinsa.com/app/goods/1760175,//image.msscdn.net/images/goods_img/20210125/1760175/1760175_4_220.jpg
오버사이즈 울 블루종 BLACK,https://www.musinsa.com/app/goods/2347643,//image.msscdn.net/images/goods_img/20220208/2347643/2347643_2_220.jpg
2WAY 스냅 블루종_아이보리,https://www.musinsa.com/app/goods/1833230,//image.msscdn.net/images/goods_img/20210308/1833230/1833230_1_220.jpg
HARRINGTON JACKET (BEIGE),https://www.musinsa.com/app/goods/2365151,//image.msscdn.net/images/goods_img/20220216/2365151/2365151_2_220.jpg
레체 투톤 집업 자켓 글리터 퍼플 오렌지,https://www.musinsa.com/app/goods/2569727,//image.msscdn.net/images/goods_img/20220519/2569727/2569727_1_220.jpg
MA-1 60주년 블록 플라잇 Vintage Green,https://www.musinsa.com/app/goods/1144578,//image.msscdn.net/images/goods_img/20190905/1144578/1144578_2_220.jpg
퀄리테이티브 스카잔 (블루),https://www.musinsa.com/app/goods/2382459,//image.msscdn.net/images/goods_img/20220224/2382459/2382459_1_220.jpg
레체 투 톤 집업 자켓 글리터 그린 브라운,https://www.musinsa.com/app/goods/2381781,//image.msscdn.net/images/goods_img/20220223/2381781/2381781_1_220.jpg
에센셜 미니멀 블루종_Beige,https://www.musinsa.com/app/goods/2345712,//image.msscdn.net/images/goods_img/20220208/2345712/2345712_1_220.jpg
바이오워싱 린넨 블루종 블랙,https://www.musinsa.com/app/goods/2485476,//image.msscdn.net/images/goods_img/20220413/2485476/2485476_1_220.jpg
N222MJP930 미노우 남성 홑겹 블루종 점퍼 CARBON BLACK,https://www.musinsa.com/app/goods/2336364,//image.msscdn.net/images/goods_img/20220128/2336364/2336364_1_220.jpg
유니온 벨티드 헤링턴 봄버_SAGE GRN,https://www.musinsa.com/app/goods/2128428,//image.msscdn.net/images/goods_img/20210913/2128428/2128428_1_220.jpg
링클드 레더 블루종 (다크 그레이),https://www.musinsa.com/app/goods/2313568,//image.msscdn.net/images/goods_img/20220118/2313568/2313568_1_220.jpg
릴렉스드 미니멀 재킷 [블랙],https://www.musinsa.com/app/goods/1115297,//image.msscdn.net/images/goods_img/20190809/1115297/1115297_2_220.jpg
BLACK WAVE BOMBER JACKET,https://www.musinsa.com/app/goods/2041530,//image.msscdn.net/images/goods_img/20210727/2041530/2041530_1_220.jpg
릴렉스드 미니멀 재킷_논 포켓 [블랙],https://www.musinsa.com/app/goods/1225634,//image.msscdn.net/images/goods_img/20191114/1225634/1225634_1_220.jpg
80s BLOUSON (CHARCOAL),https://www.musinsa.com/app/goods/2365027,//image.msscdn.net/images/goods_img/20220216/2365027/2365027_1_220.jpg
[비건스웨이드] 크루얼티프리 알파 스웨이드 자켓 iro097 그레이,https://www.musinsa.com/app/goods/2117958,//image.msscdn.net/images/goods_img/20210908/2117958/2117958_1_220.jpg
텍스처드 히든 셔츠 자켓 [BLACK],https://www.musinsa.com/app/goods/2350557,//image.msscdn.net/images/goods_img/20220209/2350557/2350557_1_220.jpg
BLACK OVER MA-1,https://www.musinsa.com/app/goods/950835,//image.msscdn.net/images/goods_img/20190212/950835/950835_7_220.jpg
2-WAY 유틸리티 MA-1 자켓_블랙,https://www.musinsa.com/app/goods/2073464,//image.msscdn.net/images/goods_img/20210820/2073464/2073464_3_220.jpg
[비건스웨이드] 크루얼티프리 알파 스웨이드 자켓 iro097 블랙,https://www.musinsa.com/app/goods/2085156,//image.msscdn.net/images/goods_img/20210825/2085156/2085156_1_220.jpg
[오리지널스]21SS COMFY UTILITY POCKET BLOUSON IVORY,https://www.musinsa.com/app/goods/1781384,//image.msscdn.net/images/goods_img/20210205/1781384/1781384_3_220.jpg
오버핏 루슈 MA-1 (블랙),https://www.musinsa.com/app/goods/2351558,//image.msscdn.net/images/goods_img/20220210/2351558/2351558_1_220.jpg
NJ3BN02A 올 라운드 붐버,https://www.musinsa.com/app/goods/2315553,//image.msscdn.net/images/goods_img/20220119/2315553/2315553_2_220.jpg
2WAY 스냅 블루종_블랙,https://www.musinsa.com/app/goods/1869183,//image.msscdn.net/images/goods_img/20210330/1869183/1869183_1_220.jpg
체크 헤링본 자켓 (T32C0WJC11TMT2C87),https://www.musinsa.com/app/goods/2260035,//image.msscdn.net/images/goods_img/20211207/2260035/2260035_2_220.jpg
MA-1 항공점퍼 ROA01F 건메탈,https://www.musinsa.com/app/goods/2088399,//image.msscdn.net/images/goods_img/20210825/2088399/2088399_3_220.jpg
[유아인 착용 상품] 크링클 오버사이즈 MA-1 보머 재킷 [라이트 그레이],https://www.musinsa.com/app/goods/2274839,//image.msscdn.net/images/goods_img/20211221/2274839/2274839_2_220.jpg
x 탑건 CWU 45/P Sage,https://www.musinsa.com/app/goods/2556171,//image.msscdn.net/images/goods_img/20220512/2556171/2556171_2_220.jpg
울 블렌디드 블루종 (더스티 베이지),https://www.musinsa.com/app/goods/2348886,//image.msscdn.net/images/goods_img/20220209/2348886/2348886_2_220.jpg
22ss single blouson jacket black,https://www.musinsa.com/app/goods/2342436,//image.msscdn.net/images/goods_img/20220206/2342436/2342436_1_220.jpg
[유아인 착용 상품] 오버사이즈 디태처블 후드 MA-1 보머 재킷 [블랙],https://www.musinsa.com/app/goods/2108673,//image.msscdn.net/images/goods_img/20210903/2108673/2108673_2_220.jpg
UNISEX Lunar Western 2-Way Zip Blouson [Beige],https://www.musinsa.com/app/goods/2371637,//image.msscdn.net/images/goods_img/20220218/2371637/2371637_1_220.jpg
WOOL BLOUSON BLACK,https://www.musinsa.com/app/goods/2412791,//image.msscdn.net/images/goods_img/20220311/2412791/2412791_3_220.jpg
MA-1 레귤러 Gun Metal,https://www.musinsa.com/app/goods/411210,//image.msscdn.net/images/goods_img/20160912/411210/411210_3_220.jpg
바머 점퍼_EPC2JJ1377BK,https://www.musinsa.com/app/goods/2329419,//image.msscdn.net/images/goods_img/20220126/2329419/2329419_1_220.jpg
MA-1 레귤러 Sage green,https://www.musinsa.com/app/goods/411214,//image.msscdn.net/images/goods_img/20160912/411214/411214_8_220.jpg
80s BLOUSON (NAVY),https://www.musinsa.com/app/goods/2365109,//image.msscdn.net/images/goods_img/20220216/2365109/2365109_1_220.jpg
디테처블 후드 MA-1 점퍼,https://www.musinsa.com/app/goods/1325505,//image.msscdn.net/images/goods_img/20200227/1325505/1325505_4_220.jpg
80s BLOUSON (KHAKI),https://www.musinsa.com/app/goods/2365071,//image.msscdn.net/images/goods_img/20220216/2365071/2365071_2_220.jpg
세미오버 투웨이 MA-1 점퍼 카키,https://www.musinsa.com/app/goods/2392195,//image.msscdn.net/images/goods_img/20220302/2392195/2392195_1_220.jpg
MA-1 슬림 Vintage Olive,https://www.musinsa.com/app/goods/411208,//image.msscdn.net/images/goods_img/20160912/411208/411208_3_220.jpg
CORDURA® Check Jacket Navy,https://www.musinsa.com/app/goods/2441999,//image.msscdn.net/images/goods_img/20220324/2441999/2441999_1_220.jpg
[퍼플]21FW COMFY WESTERN MA-1 JUMPER BROWN,https://www.musinsa.com/app/goods/2128533,//image.msscdn.net/images/goods_img/20210913/2128533/2128533_1_220.jpg
2-WAY 유틸리티 MA-1 자켓_그레이,https://www.musinsa.com/app/goods/1742448,//image.msscdn.net/images/goods_img/20210111/1742448/1742448_3_220.jpg
[비건스웨이드] 크루얼티프리 알파 스웨이드 자켓 iro097 아이보리,https://www.musinsa.com/app/goods/2069866,//image.msscdn.net/images/goods_img/20210819/2069866/2069866_1_220.jpg
[2oz] 스탠다드 STD  MA-1 항공점퍼,https://www.musinsa.com/app/goods/138466,//image.msscdn.net/images/goods_img/20141103/138466/138466_5_220.jpg
미니멀 소프트 울 자켓 [DARK BROWN],https://www.musinsa.com/app/goods/2322837,//image.msscdn.net/images/goods_img/20220124/2322837/2322837_1_220.jpg
GORE-TEX INFINIUM™ Zip Jacket Navy,https://www.musinsa.com/app/goods/2426640,//image.msscdn.net/images/goods_img/20220317/2426640/2426640_1_220.jpg
테오 프리미엄 옥스퍼드 프렌치 워크 자켓 프렌치 블랙,https://www.musinsa.com/app/goods/2345121,//image.msscdn.net/images/goods_img/20220207/2345121/2345121_1_220.jpg
CRUSH BLACK SHIRRING MA-1,https://www.musinsa.com/app/goods/2039447,//image.msscdn.net/images/goods_img/20210723/2039447/2039447_2_220.jpg
메탈 로고 바시티 자켓-블랙,https://www.musinsa.com/app/goods/2058775,//image.msscdn.net/images/goods_img/20210811/2058775/2058775_1_220.jpg
PYAR NEW NORMAL WOOL BLOUSON JACKET 001-2 (BLACK),https://www.musinsa.com/app/goods/2430415,//image.msscdn.net/images/goods_img/20220318/2430415/2430415_1_220.jpg
GORE-TEX INFINIUM™ Zip Jacket Stone,https://www.musinsa.com/app/goods/2426642,//image.msscdn.net/images/goods_img/20220317/2426642/2426642_1_220.jpg
[유아인 착용 상품] 오버사이즈 MA-1 보머 재킷 [블랙],https://www.musinsa.com/app/goods/1601468,//image.msscdn.net/images/goods_img/20200914/1601468/1601468_4_220.jpg
패디드 블루종 BLACK,https://www.musinsa.com/app/goods/2319890,//image.msscdn.net/images/goods_img/20220121/2319890/2319890_2_220.jpg
미니멀 소프트 울 자켓 [BLACK],https://www.musinsa.com/app/goods/2322836,//image.msscdn.net/images/goods_img/20220124/2322836/2322836_1_220.jpg
CORDURA® Check Jacket Slate,https://www.musinsa.com/app/goods/2442001,//image.msscdn.net/images/goods_img/20220324/2442001/2442001_1_220.jpg
2WAY 스냅 블루종_다크브라운,https://www.musinsa.com/app/goods/1833231,//image.msscdn.net/images/goods_img/20210308/1833231/1833231_2_220.jpg
라인 바시티 나일론 자켓 (Navy),https://www.musinsa.com/app/goods/2367272,//image.msscdn.net/images/goods_img/20220217/2367272/2367272_1_220.jpg
패디드 블루종 CREAM,https://www.musinsa.com/app/goods/2319893,//image.msscdn.net/images/goods_img/20220121/2319893/2319893_2_220.jpg
MA-1 슬림 Black,https://www.musinsa.com/app/goods/248712,//image.msscdn.net/images/goods_img/20150915/248712/248712_7_220.jpg
템퍼러쳐 봄버 자켓,https://www.musinsa.com/app/goods/2361846,//image.msscdn.net/images/goods_img/20220215/2361846/2361846_1_220.jpg
포 레더 패치워크 봄버 awa417m(BLACK/BLUE),https://www.musinsa.com/app/goods/2364396,//image.msscdn.net/images/goods_img/20220216/2364396/2364396_2_220.jpg
2WAY 컴포트 블루종 자켓 (KHAKI),https://www.musinsa.com/app/goods/2312906,//image.msscdn.net/images/goods_img/20220118/2312906/2312906_1_220.jpg
와이드카라 크링클 블루종 (콘실크),https://www.musinsa.com/app/goods/2352846,//image.msscdn.net/images/goods_img/20220210/2352846/2352846_1_220.jpg
해링턴 C/P 블루종 자켓 네이비,https://www.musinsa.com/app/goods/2082818,//image.msscdn.net/images/goods_img/20210824/2082818/2082818_1_220.jpg
CRUSH BROWN SHIRRING MA-1,https://www.musinsa.com/app/goods/2039446,//image.msscdn.net/images/goods_img/20210723/2039446/2039446_2_220.jpg
x 탑건 CWU 45/P Black,https://www.musinsa.com/app/goods/2556170,//image.msscdn.net/images/goods_img/20220512/2556170/2556170_2_220.jpg
암모나이트 시어서커 자켓 KNW010m(WHITE),https://www.musinsa.com/app/goods/1890424,//image.msscdn.net/images/goods_img/20210409/1890424/1890424_2_220.jpg
Trousselier MA-1 STANDARD / OVER FIT.,https://www.musinsa.com/app/goods/123450,//image.msscdn.net/images/goods_img/20140919/123450/123450_7_220.jpg
[퍼플]22SS COMFY BOMBER JUMPER BLACK,https://www.musinsa.com/app/goods/2368950,//image.msscdn.net/images/goods_img/20220217/2368950/2368950_3_220.jpg
TAG PYTHON BLOUSON - KHAKI,https://www.musinsa.com/app/goods/2306635,//image.msscdn.net/images/goods_img/20220113/2306635/2306635_2_220.jpg
I.O Bomber (black),https://www.musinsa.com/app/goods/2395072,//image.msscdn.net/images/goods_img/20220303/2395072/2395072_1_220.jpg
Royal slim baseball jacket_PINK,https://www.musinsa.com/app/goods/2434315,//image.msscdn.net/images/goods_img/20220321/2434315/2434315_1_220.jpg
미니멀 절개 블루종 - 블랙,https://www.musinsa.com/app/goods/2352851,//image.msscdn.net/images/goods_img/20220210/2352851/2352851_2_220.jpg
인디 벌룬핏 블루종 네이비 쟈카드,https://www.musinsa.com/app/goods/2322140,//image.msscdn.net/images/goods_img/20220124/2322140/2322140_2_220.jpg
GORE-TEX INFINIUM™ Zip Jacket Green,https://www.musinsa.com/app/goods/2426643,//image.msscdn.net/images/goods_img/20220317/2426643/2426643_1_220.jpg
라인 바시티 헤비 자켓 (Black),https://www.musinsa.com/app/goods/2241975,//image.msscdn.net/images/goods_img/20211119/2241975/2241975_1_220.jpg
