리버시블 플리스 웜업 자켓 아이보리,https://www.musinsa.com/app/goods/898078,//image.msscdn.net/images/goods_img/20181105/898078/898078_8_220.jpg
리버시블 플리스 집업 자켓 아이보리,https://www.musinsa.com/app/goods/1267142,//image.msscdn.net/images/goods_img/20200109/1267142/1267142_7_220.jpg
플리스 집업 자켓 블랙,https://www.musinsa.com/app/goods/1145380,//image.msscdn.net/images/goods_img/20190906/1145380/1145380_2_220.jpg
플리스 카라리스 자켓 블랙,https://www.musinsa.com/app/goods/1563096,//image.msscdn.net/images/goods_img/20200825/1563096/1563096_3_220.jpg
SHERPA JACKET_GREEN,https://www.musinsa.com/app/goods/1639148,//image.msscdn.net/images/goods_img/20201007/1639148/1639148_1_220.jpg
예티 플리스 웜업 자켓 아이보리,https://www.musinsa.com/app/goods/2183482,//image.msscdn.net/images/goods_img/20211018/2183482/2183482_1_220.jpg
LMC FLEECE REVERSIBLE WP JACKET ivory,https://www.musinsa.com/app/goods/2084487,//image.msscdn.net/images/goods_img/20210824/2084487/2084487_1_220.jpg
NJ4FM62A 세르파 EX 플리스 자켓,https://www.musinsa.com/app/goods/2267938,//image.msscdn.net/images/goods_img/20211214/2267938/2267938_1_220.jpg
아스펜 리버서블 플리스 가디건 ASPEN REVERSIBLE FLEECE CD,https://www.musinsa.com/app/goods/2063046,//image.msscdn.net/images/goods_img/20210813/2063046/2063046_1_220.jpg
NJ4FM57J 화이트라벨 리만 EX 플리스 후디,https://www.musinsa.com/app/goods/2267919,//image.msscdn.net/images/goods_img/20211214/2267919/2267919_1_220.jpg
NJ4FM62C 세르파 EX 플리스 자켓,https://www.musinsa.com/app/goods/2267934,//image.msscdn.net/images/goods_img/20211214/2267934/2267934_1_220.jpg
리버시블 플리스 카라리스 자켓 아이보리,https://www.musinsa.com/app/goods/2080836,//image.msscdn.net/images/goods_img/20210823/2080836/2080836_3_220.jpg
코지 쉐르파 자켓 - 화이트 / HC0308,https://www.musinsa.com/app/goods/2210559,//image.msscdn.net/images/goods_img/20211102/2210559/2210559_2_220.jpg
엔젤 플리스 집업 블랙,https://www.musinsa.com/app/goods/1195239,//image.msscdn.net/images/goods_img/20191021/1195239/1195239_2_220.jpg
Minimal Fleece Zip-Up(JM6TZU072BK),https://www.musinsa.com/app/goods/2362962,//image.msscdn.net/images/goods_img/20220216/2362962/2362962_2_220.jpg
플리스 집업 자켓 아이보리,https://www.musinsa.com/app/goods/1145389,//image.msscdn.net/images/goods_img/20190906/1145389/1145389_2_220.jpg
제네레이션 레벨3 ECWCS 플리스 자켓_BROWN,https://www.musinsa.com/app/goods/890187,//image.msscdn.net/images/goods_img/20181025/890187/890187_1_220.jpg
예티 플리스 웜업 자켓 블랙,https://www.musinsa.com/app/goods/2183481,//image.msscdn.net/images/goods_img/20211018/2183481/2183481_1_220.jpg
플리스 카라리스 자켓 멜란지 그레이,https://www.musinsa.com/app/goods/2053653,//image.msscdn.net/images/goods_img/20210809/2053653/2053653_2_220.jpg
PHYPS® FLEECE YOGA BEAR RUBBER LABEL TRACK JACKET IVORY,https://www.musinsa.com/app/goods/2157460,//image.msscdn.net/images/goods_img/20210930/2157460/2157460_2_220.jpg
레인보우 폴라 플리스 집업(GL5TZU191IV),https://www.musinsa.com/app/goods/1670498,//image.msscdn.net/images/goods_img/20201030/1670498/1670498_1_220.jpg
예티 플리스 웜업 자켓 올리브,https://www.musinsa.com/app/goods/2183483,//image.msscdn.net/images/goods_img/20211018/2183483/2183483_1_220.jpg
시그니처 자수 플리스 후드집업 블랙,https://www.musinsa.com/app/goods/1598286,//image.msscdn.net/images/goods_img/20200911/1598286/1598286_1_220.jpg
예티 플리스 집업 자켓 블랙,https://www.musinsa.com/app/goods/2183477,//image.msscdn.net/images/goods_img/20211018/2183477/2183477_1_220.jpg
예티 플리스 카라리스 자켓 아이보리,https://www.musinsa.com/app/goods/2183475,//image.msscdn.net/images/goods_img/20211018/2183475/2183475_2_220.jpg
BACK LINE PATCH FLEECE JACKET_OATMEAL,https://www.musinsa.com/app/goods/1547082,//image.msscdn.net/images/goods_img/20200812/1547082/1547082_4_220.jpg
예티 플리스 집업 자켓 베이지,https://www.musinsa.com/app/goods/2183476,//image.msscdn.net/images/goods_img/20211018/2183476/2183476_1_220.jpg
예티 플리스 카라리스 자켓 블랙,https://www.musinsa.com/app/goods/2183474,//image.msscdn.net/images/goods_img/20211018/2183474/2183474_2_220.jpg
KANCO CHECK SHERPA JACKET navy,https://www.musinsa.com/app/goods/2144814,//image.msscdn.net/images/goods_img/20210924/2144814/2144814_1_220.jpg
예티 플리스 카라리스 자켓 베이지,https://www.musinsa.com/app/goods/2183473,//image.msscdn.net/images/goods_img/20211018/2183473/2183473_2_220.jpg
후리스 SL 로고 오링 풀집업 MFVZP003-BK,https://www.musinsa.com/app/goods/670609,//image.msscdn.net/images/goods_img/20171114/670609/670609_2_220.jpg
빅 트레포일 쉐르파 자켓 - 블랙 / HC0325,https://www.musinsa.com/app/goods/2201846,//image.msscdn.net/images/goods_img/20211027/2201846/2201846_2_220.jpg
SILKY BOA EMBROIDERY HANDSOME DAN COLLARLESS JACKET BLACK,https://www.musinsa.com/app/goods/2271886,//image.msscdn.net/images/goods_img/20211217/2271886/2271886_6_220.jpg
이터널 플리스 집업 자켓 7종 라이트블루 KJJK2380,https://www.musinsa.com/app/goods/2173292,//image.msscdn.net/images/goods_img/20211012/2173292/2173292_1_220.jpg
Sports Crop Fleece Jacket [Ivory],https://www.musinsa.com/app/goods/2154296,//image.msscdn.net/images/goods_img/20210929/2154296/2154296_1_220.jpg
NJ4FM60C 스노우 시티 플리스 자켓 EX,https://www.musinsa.com/app/goods/2063384,//image.msscdn.net/images/goods_img/20210813/2063384/2063384_1_220.jpg
레인보우 폴라 플리스 집업(GL5TZU191BK),https://www.musinsa.com/app/goods/1567317,//image.msscdn.net/images/goods_img/20200827/1567317/1567317_2_220.jpg
HEAVY FLEECE POCKET PARKA_BLACK,https://www.musinsa.com/app/goods/1632709,//image.msscdn.net/images/goods_img/20201005/1632709/1632709_1_220.jpg
샤기 플리스 집업 재킷 [더스티 베이지],https://www.musinsa.com/app/goods/1180674,//image.msscdn.net/images/goods_img/20191008/1180674/1180674_1_220.jpg
예티 플리스 집업 자켓 올리브,https://www.musinsa.com/app/goods/2183479,//image.msscdn.net/images/goods_img/20211018/2183479/2183479_1_220.jpg
엔젤 보아 후드 집업 네이비,https://www.musinsa.com/app/goods/1134368,//image.msscdn.net/images/goods_img/20190828/1134368/1134368_2_220.jpg
플리스 카라리스 자켓 아이보리,https://www.musinsa.com/app/goods/1563097,//image.msscdn.net/images/goods_img/20200825/1563097/1563097_2_220.jpg
우먼즈 샤기 플리스 집업 재킷 [블랙],https://www.musinsa.com/app/goods/1180676,//image.msscdn.net/images/goods_img/20191008/1180676/1180676_1_220.jpg
로고 양털 후리스 자켓 (CO0031-1),https://www.musinsa.com/app/goods/1110929,//image.msscdn.net/images/goods_img/20190806/1110929/1110929_2_220.jpg
코지 쉐르파 자켓 - 브라운 / HC0310,https://www.musinsa.com/app/goods/2210558,//image.msscdn.net/images/goods_img/20211102/2210558/2210558_2_220.jpg
쉐르파 자켓 W - 화이트 / HC6602,https://www.musinsa.com/app/goods/2145678,//image.msscdn.net/images/goods_img/20210924/2145678/2145678_2_220.jpg
레인보우 폴라 플리스 양털 집업 (GL5TZU461BE),https://www.musinsa.com/app/goods/1567315,//image.msscdn.net/images/goods_img/20200827/1567315/1567315_2_220.jpg
리버서블 후드 웜업 [포레스트 카키] WHJJC1191U,https://www.musinsa.com/app/goods/2014488,//image.msscdn.net/images/goods_img/20210630/2014488/2014488_5_220.jpg
(HEAT LINING) SILKY BOA EMBROIDERY HANDSOME DAN TRACK JACKET IVORY,https://www.musinsa.com/app/goods/2271878,//image.msscdn.net/images/goods_img/20211217/2271878/2271878_11_220.jpg
리버서블 후드 웜업 [데저트 그레이] WHJJC1191U,https://www.musinsa.com/app/goods/2014484,//image.msscdn.net/images/goods_img/20210630/2014484/2014484_7_220.jpg
양털 플리스 카라 재킷_AWUJKK41010,https://www.musinsa.com/app/goods/1955723,//image.msscdn.net/images/goods_img/20210518/1955723/1955723_1_220.jpg
SP Sherpa Fleece Jacket Stone,https://www.musinsa.com/app/goods/2099761,//image.msscdn.net/images/goods_img/20210831/2099761/2099761_1_220.jpg
SP Sherpa Fleece Jacket Navy,https://www.musinsa.com/app/goods/2099760,//image.msscdn.net/images/goods_img/20210831/2099760/2099760_1_220.jpg
엔젤 리버시블 보아집업  블랙,https://www.musinsa.com/app/goods/2128826,//image.msscdn.net/images/goods_img/20210914/2128826/2128826_1_220.jpg
리버시블 플리스 퀼팅 자켓 라이트그레이,https://www.musinsa.com/app/goods/2204042,//image.msscdn.net/images/goods_img/20211028/2204042/2204042_1_220.jpg
리버시블 플리스 집업 자켓 블랙,https://www.musinsa.com/app/goods/1565394,//image.msscdn.net/images/goods_img/20200826/1565394/1565394_7_220.jpg
Fleece Half Zip Pullover Blue Green,https://www.musinsa.com/app/goods/2355664,//image.msscdn.net/images/goods_img/20220211/2355664/2355664_1_220.jpg
N214UFT910 코스토니 플리스 뽀글이 풀집업 SUGAR SWIZZLE IVORY,https://www.musinsa.com/app/goods/2030652,//image.msscdn.net/images/goods_img/20210715/2030652/2030652_7_220.jpg
빅엔젤 보아 집업 아이보리,https://www.musinsa.com/app/goods/2160644,//image.msscdn.net/images/goods_img/20211004/2160644/2160644_1_220.jpg
예티 플리스 집업 자켓 아이보리,https://www.musinsa.com/app/goods/2183478,//image.msscdn.net/images/goods_img/20211018/2183478/2183478_1_220.jpg
[리버시블] 애쉬 부클 집업 점퍼 (45113VLQ14),https://www.musinsa.com/app/goods/1756467,//image.msscdn.net/images/goods_img/20210120/1756467/1756467_2_220.jpg
클래식 레트로-X 자켓 23056-PEBG,https://www.musinsa.com/app/goods/2240953,//image.msscdn.net/images/goods_img/20211119/2240953/2240953_1_220.jpg
엔젤 보아 후드 집업 블랙,https://www.musinsa.com/app/goods/1134367,//image.msscdn.net/images/goods_img/20190828/1134367/1134367_2_220.jpg
골프웨어 써마핏 빅토리 남성 골프바람막이 후드집업 화이트 DC6475-025,https://www.musinsa.com/app/goods/2185299,//image.msscdn.net/images/goods_img/20211019/2185299/2185299_1_220.jpg
플리스 집업 자켓 스카이블루,https://www.musinsa.com/app/goods/2053644,//image.msscdn.net/images/goods_img/20210809/2053644/2053644_1_220.jpg
T Fleece Jacket Black,https://www.musinsa.com/app/goods/2076994,//image.msscdn.net/images/goods_img/20210821/2076994/2076994_1_220.jpg
SP Sherpa Fleece Jacket Black,https://www.musinsa.com/app/goods/2099756,//image.msscdn.net/images/goods_img/20210831/2099756/2099756_1_220.jpg
N214UFT980 헤러 플리스 풀집업 WHITE,https://www.musinsa.com/app/goods/2162002,//image.msscdn.net/images/goods_img/20211005/2162002/2162002_4_220.jpg
FLEECE STADIUM JACKET [LIGHT BLUE],https://www.musinsa.com/app/goods/2101086,//image.msscdn.net/images/goods_img/20210831/2101086/2101086_1_220.png
N214UFT900 페이크퍼 후드 풀집업 WHITE,https://www.musinsa.com/app/goods/2194327,//image.msscdn.net/images/goods_img/20211022/2194327/2194327_4_220.jpg
CAT FLEECE JACKET,https://www.musinsa.com/app/goods/2279870,//image.msscdn.net/images/goods_img/20211223/2279870/2279870_1_220.jpg
리버시블 플리스 카라리스 자켓 브라운,https://www.musinsa.com/app/goods/2080837,//image.msscdn.net/images/goods_img/20210823/2080837/2080837_3_220.jpg
엔젤 플리스 집업 그레이,https://www.musinsa.com/app/goods/2099549,//image.msscdn.net/images/goods_img/20210831/2099549/2099549_1_220.jpg
빅오버 플리스 집업 자켓_Khaki,https://www.musinsa.com/app/goods/2203079,//image.msscdn.net/images/goods_img/20211027/2203079/2203079_2_220.jpg
N214UFT900 페이크퍼 후드 풀집업 CARBON BLACK,https://www.musinsa.com/app/goods/2102003,//image.msscdn.net/images/goods_img/20210901/2102003/2102003_1_220.jpg
컬러블록 하이브리드 재킷 - 아이보리,https://www.musinsa.com/app/goods/2184457,//image.msscdn.net/images/goods_img/20211018/2184457/2184457_2_220.jpg
N204UFT990 오터 플리스 뽀글이 풀 집업 SUGAR SWIZZLE IVORY,https://www.musinsa.com/app/goods/1253224,//image.msscdn.net/images/goods_img/20191218/1253224/1253224_2_220.jpg
리버서블 후드 웜업 [아메리카 블랙] WHJJC1191U,https://www.musinsa.com/app/goods/2014490,//image.msscdn.net/images/goods_img/20210630/2014490/2014490_8_220.jpg
LMC FLEECE TEAM JACKET black,https://www.musinsa.com/app/goods/2117068,//image.msscdn.net/images/goods_img/20210908/2117068/2117068_1_220.jpg
리버시블 플리스 카라리스 자켓 세이지그린,https://www.musinsa.com/app/goods/2080840,//image.msscdn.net/images/goods_img/20210823/2080840/2080840_3_220.jpg
AP W 서바이벌 셰르파 리버서블 자켓 - 앤티크 화이트:블랙 체커 / VN0A5F6U7DR1,https://www.musinsa.com/app/goods/2242675,//image.msscdn.net/images/goods_img/20211122/2242675/2242675_3_220.jpg
[로제착용] JACQUARD BOA FLEECE ZIPUP JACKET [CREAM],https://www.musinsa.com/app/goods/2101106,//image.msscdn.net/images/goods_img/20210831/2101106/2101106_1_220.png
리버서블 셰르파 자켓 (T32C0WJC14TMT2BDS),https://www.musinsa.com/app/goods/2243737,//image.msscdn.net/images/goods_img/20211122/2243737/2243737_2_220.jpg
SILKY BOA EMBROIDERY HANDSOME DAN COLLARLESS JACKET IVORY,https://www.musinsa.com/app/goods/2271897,//image.msscdn.net/images/goods_img/20211217/2271897/2271897_21_220.jpg
OT NUPTSE FLEECE(BEIGE),https://www.musinsa.com/app/goods/2094012,//image.msscdn.net/images/goods_img/20210827/2094012/2094012_2_220.jpg
Fleece Half Zip Pullover Black,https://www.musinsa.com/app/goods/2355661,//image.msscdn.net/images/goods_img/20220211/2355661/2355661_1_220.jpg
샤기 플리스 집업 재킷 [블랙],https://www.musinsa.com/app/goods/1180665,//image.msscdn.net/images/goods_img/20191008/1180665/1180665_1_220.jpg
FLEECE TRACK JACKET,https://www.musinsa.com/app/goods/2562118,//image.msscdn.net/images/goods_img/20220516/2562118/2562118_1_220.jpg
(104588) 플리스 자켓 BLACK,https://www.musinsa.com/app/goods/1737702,//image.msscdn.net/images/goods_img/20210106/1737702/1737702_2_220.jpg
SP Sherpa Fleece Jacket Charcoal,https://www.musinsa.com/app/goods/2099757,//image.msscdn.net/images/goods_img/20210831/2099757/2099757_1_220.jpg
