[쿨탠다드] 맨즈 크루 넥 언더셔츠 [화이트],https://www.musinsa.com/app/goods/1436601,//image.msscdn.net/images/goods_img/20200508/1436601/1436601_1_220.jpg
[쿨탠다드] 맨즈 브이 넥 언더셔츠 [블랙],https://www.musinsa.com/app/goods/2531870,//image.msscdn.net/images/goods_img/20220429/2531870/2531870_1_220.jpg
트래블웨어 히트텍 머슬핏 헨리넥 (블랙),https://www.musinsa.com/app/goods/2039561,//image.msscdn.net/images/goods_img/20210723/2039561/2039561_1_220.jpg
[쿨탠다드] 맨즈 브이 넥 언더셔츠 [화이트],https://www.musinsa.com/app/goods/2531869,//image.msscdn.net/images/goods_img/20220429/2531869/2531869_1_220.jpg
[쿨탠다드] 맨즈 브이 넥 언더셔츠 [라이트 베이지],https://www.musinsa.com/app/goods/2584884,//image.msscdn.net/images/goods_img/20220526/2584884/2584884_1_220.jpg
아동) 반소매 라운지_MKC2UI3791,https://www.musinsa.com/app/goods/2458239,//image.msscdn.net/images/goods_img/20220331/2458239/2458239_1_220.jpg
[쿨탠다드] 맨즈 크루 넥 언더셔츠 [블랙],https://www.musinsa.com/app/goods/1436600,//image.msscdn.net/images/goods_img/20200508/1436600/1436600_1_220.jpg
트래블웨어 히트텍 머슬핏 헨리넥 (그레이),https://www.musinsa.com/app/goods/2039563,//image.msscdn.net/images/goods_img/20210723/2039563/2039563_1_220.jpg
일반여름용 냉감 언더레이어 여성 민소매라운드,https://www.musinsa.com/app/goods/2017372,//image.msscdn.net/images/goods_img/20210702/2017372/2017372_1_220.jpg
[쿨탠다드] 우먼즈 크루 넥 언더셔츠 [블랙],https://www.musinsa.com/app/goods/1436607,//image.msscdn.net/images/goods_img/20200508/1436607/1436607_1_220.jpg
[쿨탠다드] 맨즈 크루 넥 언더셔츠 [라이트 베이지],https://www.musinsa.com/app/goods/1436602,//image.msscdn.net/images/goods_img/20200508/1436602/1436602_1_220.jpg
여름 모달 아기 내복 유아 실내복 2SET,https://www.musinsa.com/app/goods/2558761,//image.msscdn.net/images/goods_img/20220513/2558761/2558761_1_220.jpg
남여 공용 베이직 언더셔츠 2차 1종 화이트,https://www.musinsa.com/app/goods/1472518,//image.msscdn.net/images/goods_img/20200603/1472518/1472518_2_220.jpg
[쿨탠다드] 우먼즈 크루 넥 언더셔츠 [화이트],https://www.musinsa.com/app/goods/1436606,//image.msscdn.net/images/goods_img/20200508/1436606/1436606_1_220.jpg
[쿨탠다드]  우먼즈 크루 넥 언더셔츠 [라이트 베이지],https://www.musinsa.com/app/goods/1436608,//image.msscdn.net/images/goods_img/20200508/1436608/1436608_2_220.jpg
트래블웨어 히트텍 머슬핏 헨리넥 (오렌지),https://www.musinsa.com/app/goods/2039562,//image.msscdn.net/images/goods_img/20210723/2039562/2039562_1_220.jpg
남여 공용 베이직 언더셔츠 2차 1종 블랙,https://www.musinsa.com/app/goods/1472511,//image.msscdn.net/images/goods_img/20200603/1472511/1472511_2_220.jpg
민소매 아동내의 슬럽 실내복 7종 택1,https://www.musinsa.com/app/goods/2579662,//image.msscdn.net/images/goods_img/20220524/2579662/2579662_1_220.jpg
힛탠다드 맨즈 크루 넥 티셔츠 [블랙],https://www.musinsa.com/app/goods/1595685,//image.msscdn.net/images/goods_img/20200910/1595685/1595685_1_220.jpg
여름 모달 아기 내복 유아 실내복 - 우드베이지,https://www.musinsa.com/app/goods/2478964,//image.msscdn.net/images/goods_img/20220411/2478964/2478964_1_220.jpg
[쿨탠다드] 맨즈 크루 넥 언더셔츠 [라이트 그레이],https://www.musinsa.com/app/goods/2558528,//image.msscdn.net/images/goods_img/20220513/2558528/2558528_1_220.jpg
[쿨탠다드] 맨즈 브이 넥 언더셔츠 [라이트 그레이],https://www.musinsa.com/app/goods/2584885,//image.msscdn.net/images/goods_img/20220526/2584885/2584885_1_220.jpg
남성 드라이셀 홈웨어 상하의 7종 패키지,https://www.musinsa.com/app/goods/1945803,//image.msscdn.net/images/goods_img/20210511/1945803/1945803_1_220.jpg
시그니쳐 쉐이거 아기 사계절 수면조끼,https://www.musinsa.com/app/goods/2563586,//image.msscdn.net/images/goods_img/20220517/2563586/2563586_1_220.jpg
코튼 언더셔츠 1종 블랙 남여 공용,https://www.musinsa.com/app/goods/1937146,//image.msscdn.net/images/goods_img/20210504/1937146/1937146_1_220.jpg
사계절 코코 7부 실내복 : 10 COLOR,https://www.musinsa.com/app/goods/2480021,//image.msscdn.net/images/goods_img/20220411/2480021/2480021_1_220.jpg
클린뱀부구름우주복 (41170-041-04),https://www.musinsa.com/app/goods/2320356,//image.msscdn.net/images/goods_img/20220121/2320356/2320356_2_220.jpg
힛탠다드 맨즈 타이즈 [블랙],https://www.musinsa.com/app/goods/1595638,//image.msscdn.net/images/goods_img/20200910/1595638/1595638_1_220.jpg
여성 기능성 티셔츠형 브라탑 4종 패키지,https://www.musinsa.com/app/goods/1893897,//image.msscdn.net/images/goods_img/20210412/1893897/1893897_1_220.jpg
남여 공용 언더셔츠 2차 1종 네이비,https://www.musinsa.com/app/goods/1472522,//image.msscdn.net/images/goods_img/20200603/1472522/1472522_2_220.jpg
여성) 쿨에어 슬립 원피스_MSB2UO2201,https://www.musinsa.com/app/goods/2521369,//image.msscdn.net/images/goods_img/20220427/2521369/2521369_1_220.jpg
힛탠다드 우먼즈 타이즈 [블랙],https://www.musinsa.com/app/goods/1595693,//image.msscdn.net/images/goods_img/20200910/1595693/1595693_1_220.jpg
시그니쳐 쉐빗 아기 여름실내복 3종세트 (반팔+나시+반바지)_핑크,https://www.musinsa.com/app/goods/2563512,//image.msscdn.net/images/goods_img/20220517/2563512/2563512_1_220.jpg
사계절 코코 3부 실내복 : 10 COLOR,https://www.musinsa.com/app/goods/2480086,//image.msscdn.net/images/goods_img/20220411/2480086/2480086_1_220.jpg
남여 공용 언더셔츠 2차 1종 화이트,https://www.musinsa.com/app/goods/1472524,//image.msscdn.net/images/goods_img/20200603/1472524/1472524_2_220.jpg
뱀부플라워나시내의 (41370-053-05),https://www.musinsa.com/app/goods/2457521,//image.msscdn.net/images/goods_img/20220330/2457521/2457521_1_220.jpg
블루독바디수트 (42170-676-A2),https://www.musinsa.com/app/goods/2465098,//image.msscdn.net/images/goods_img/20220404/2465098/2465098_1_220.jpg
힛탠다드 우먼즈 크루 넥 티셔츠 [블랙],https://www.musinsa.com/app/goods/1595699,//image.msscdn.net/images/goods_img/20200910/1595699/1595699_1_220.jpg
피치 실내복_ivory,https://www.musinsa.com/app/goods/2390212,//image.msscdn.net/images/goods_img/20220301/2390212/2390212_1_220.jpg
남성 드라이셀 홈웨어 상하의 2종 B,https://www.musinsa.com/app/goods/1945801,//image.msscdn.net/images/goods_img/20210511/1945801/1945801_1_220.jpg
솔리드 드렁크 2P,https://www.musinsa.com/app/goods/2594017,//image.msscdn.net/images/goods_img/20220531/2594017/2594017_1_220.jpg
남여 공용 언더셔츠 2차 1종 블랙,https://www.musinsa.com/app/goods/1472520,//image.msscdn.net/images/goods_img/20200603/1472520/1472520_2_220.jpg
코튼 언더셔츠 1종 베이직 화이트 남여 공용,https://www.musinsa.com/app/goods/1937139,//image.msscdn.net/images/goods_img/20210504/1937139/1937139_1_220.jpg
여름 모달 아기 내복 유아 실내복 - 블루선셋,https://www.musinsa.com/app/goods/2558888,//image.msscdn.net/images/goods_img/20220513/2558888/2558888_1_220.jpg
일반 사계절용 언더레이어 여성 끈나시,https://www.musinsa.com/app/goods/2017429,//image.msscdn.net/images/goods_img/20210702/2017429/2017429_1_220.jpg
힛탠다드 플러스 맨즈 크루 넥 티셔츠 [블랙],https://www.musinsa.com/app/goods/1629115,//image.msscdn.net/images/goods_img/20200928/1629115/1629115_2_220.jpg
유아동 5부잠옷 50수 레이온 인견 반팔 이지웨어,https://www.musinsa.com/app/goods/2588607,//image.msscdn.net/images/goods_img/20220527/2588607/2588607_1_220.jpg
[밤부 세트] 홈슬리퍼,https://www.musinsa.com/app/goods/2402952,//image.msscdn.net/images/goods_img/20220307/2402952/2402952_4_220.gif
힛탠다드 맥스 플러스 맨즈 크루 넥 티셔츠 [블랙],https://www.musinsa.com/app/goods/1629116,//image.msscdn.net/images/goods_img/20200928/1629116/1629116_1_220.jpg
우먼 상하내복 세트(VLGI001S),https://www.musinsa.com/app/goods/2289086,//image.msscdn.net/images/goods_img/20220103/2289086/2289086_1_220.jpg
힛탠다드 우먼즈 크루 넥 티셔츠 [화이트],https://www.musinsa.com/app/goods/1595702,//image.msscdn.net/images/goods_img/20200910/1595702/1595702_1_220.jpg
스타 프린트 트렁크 2P,https://www.musinsa.com/app/goods/2594004,//image.msscdn.net/images/goods_img/20220531/2594004/2594004_1_220.jpg
솔리드 프린트 2P 드로즈,https://www.musinsa.com/app/goods/2594010,//image.msscdn.net/images/goods_img/20220531/2594010/2594010_1_220.jpg
기획 5부 자가드 아동내의 실내복 12종 택1,https://www.musinsa.com/app/goods/2579590,//image.msscdn.net/images/goods_img/20220524/2579590/2579590_1_220.jpg
힛탠다드 플러스 맨즈 타이즈 [화이트],https://www.musinsa.com/app/goods/1629112,//image.msscdn.net/images/goods_img/20200928/1629112/1629112_1_220.jpg
힛탠다드 플러스 맨즈 크루 넥 티셔츠 [화이트],https://www.musinsa.com/app/goods/1629114,//image.msscdn.net/images/goods_img/20200928/1629114/1629114_2_220.jpg
힛탠다드 플러스 맨즈 타이즈 [블랙],https://www.musinsa.com/app/goods/1629111,//image.msscdn.net/images/goods_img/20200928/1629111/1629111_1_220.jpg
B-여성용 에센셜 보온 내의세트,https://www.musinsa.com/app/goods/2225274,//image.msscdn.net/images/goods_img/20211110/2225274/2225274_1_220.jpg
민소매내의 유아동 자가드 실내복 내의 8종 택1,https://www.musinsa.com/app/goods/2579709,//image.msscdn.net/images/goods_img/20220524/2579709/2579709_1_220.jpg
유아동 무형광 여아 끈3매입 백물런닝,https://www.musinsa.com/app/goods/2588635,//image.msscdn.net/images/goods_img/20220527/2588635/2588635_1_220.jpg
일반여름용 냉감 언더레이어 여성 끈나시,https://www.musinsa.com/app/goods/2017373,//image.msscdn.net/images/goods_img/20210702/2017373/2017373_1_220.jpg
힛탠다드 맨즈 크루 넥 티셔츠 [화이트],https://www.musinsa.com/app/goods/1595686,//image.msscdn.net/images/goods_img/20200910/1595686/1595686_1_220.jpg
히트핏 소프트웜 남성 라운드넥 긴팔,https://www.musinsa.com/app/goods/2385212,//image.msscdn.net/images/goods_img/20220225/2385212/2385212_1_220.jpg
히트핏 소프트웜 남성 터틀넥 긴팔,https://www.musinsa.com/app/goods/2385213,//image.msscdn.net/images/goods_img/20220225/2385213/2385213_1_220.jpg
히트핏 슈퍼웜 여성 레글런 긴팔,https://www.musinsa.com/app/goods/2385632,//image.msscdn.net/images/goods_img/20220225/2385632/2385632_1_220.jpg
힛탠다드 맥스 플러스 맨즈 타이즈 [블랙],https://www.musinsa.com/app/goods/1629113,//image.msscdn.net/images/goods_img/20200928/1629113/1629113_1_220.jpg
유아동 오가닉 무형광 여아 3매입 백물런닝,https://www.musinsa.com/app/goods/2588632,//image.msscdn.net/images/goods_img/20220527/2588632/2588632_1_220.jpg
일반 사계절용 언더레이어 여성 드로즈,https://www.musinsa.com/app/goods/2017432,//image.msscdn.net/images/goods_img/20210702/2017432/2017432_1_220.jpg
5부내의 자가드 슬럽 편면 아동내의 실내복 12종 택1,https://www.musinsa.com/app/goods/2578973,//image.msscdn.net/images/goods_img/20220524/2578973/2578973_1_220.jpg
힛탠다드 맨즈 브이 넥 티셔츠 [블랙],https://www.musinsa.com/app/goods/2162697,//image.msscdn.net/images/goods_img/20211005/2162697/2162697_1_220.jpg
힛탠다드 맨즈 타이즈 [라이트 베이지],https://www.musinsa.com/app/goods/1595641,//image.msscdn.net/images/goods_img/20200910/1595641/1595641_1_220.jpg
힛탠다드 우먼즈 크루 넥 티셔츠 [라이트 베이지],https://www.musinsa.com/app/goods/1595701,//image.msscdn.net/images/goods_img/20200910/1595701/1595701_1_220.jpg
힛탠다드 맨즈 브이 넥 티셔츠 [화이트],https://www.musinsa.com/app/goods/2178737,//image.msscdn.net/images/goods_img/20211014/2178737/2178737_1_220.jpg
남여 공용 베이직 언더셔츠 2차 1종 다크그레이,https://www.musinsa.com/app/goods/1472514,//image.msscdn.net/images/goods_img/20200603/1472514/1472514_2_220.jpg
트래블웨어 히트텍 머슬핏 헨리넥 (화이트),https://www.musinsa.com/app/goods/2039564,//image.msscdn.net/images/goods_img/20210723/2039564/2039564_1_220.jpg
남성 쿨액티브 티셔츠,https://www.musinsa.com/app/goods/1530674,//image.msscdn.net/images/goods_img/20200729/1530674/1530674_1_220.jpg
[밤부 세트] 블루캣,https://www.musinsa.com/app/goods/2402953,//image.msscdn.net/images/goods_img/20220307/2402953/2402953_4_220.jpg
[루즈핏 세트] 강아지,https://www.musinsa.com/app/goods/2402956,//image.msscdn.net/images/goods_img/20220307/2402956/2402956_3_220.gif
러블리플라워배내가운 (42170-001-05),https://www.musinsa.com/app/goods/2403163,//image.msscdn.net/images/goods_img/20220307/2403163/2403163_1_220.jpg
후르츠피콧나시내의 (41370-053-04),https://www.musinsa.com/app/goods/2457530,//image.msscdn.net/images/goods_img/20220330/2457530/2457530_1_220.jpg
아동) 7부 라운지 세트_MKC2UI3001,https://www.musinsa.com/app/goods/2458235,//image.msscdn.net/images/goods_img/20220331/2458235/2458235_1_220.jpg
신생아 배앓이방지 실내복 아기 내복 유아 내의 - 뉴트럴썸머,https://www.musinsa.com/app/goods/2558944,//image.msscdn.net/images/goods_img/20220513/2558944/2558944_1_220.jpg
시그니쳐 쉐빗 아기 여름실내복 3종세트 (반팔+나시+반바지)_화이트,https://www.musinsa.com/app/goods/2563524,//image.msscdn.net/images/goods_img/20220517/2563524/2563524_1_220.jpg
유아동 오가닉 무형광 남아 3매입 백물런닝,https://www.musinsa.com/app/goods/2588630,//image.msscdn.net/images/goods_img/20220527/2588630/2588630_1_220.jpg
TC)GH앵두반팔내의,https://www.musinsa.com/app/goods/2590285,//image.msscdn.net/images/goods_img/20220530/2590285/2590285_1_220.jpg
모달 신생아 아기 실내복 - 멜로우그린,https://www.musinsa.com/app/goods/2416728,//image.msscdn.net/images/goods_img/20220314/2416728/2416728_1_220.jpg
히트핏 소프트웜 남성 브이넥 반팔,https://www.musinsa.com/app/goods/2385211,//image.msscdn.net/images/goods_img/20220225/2385211/2385211_1_220.jpg
소프트웜 SET (이너티+타이즈),https://www.musinsa.com/app/goods/2242777,//image.msscdn.net/images/goods_img/20211122/2242777/2242777_2_220.jpg
남아 F/W 주니어 수면 잠옷 상하의 블랙 세트,https://www.musinsa.com/app/goods/2263120,//image.msscdn.net/images/goods_img/20211209/2263120/2263120_1_220.jpg
웜 컴프레션 이너 팬츠 [블랙],https://www.musinsa.com/app/goods/2326434,//image.msscdn.net/images/goods_img/20220125/2326434/2326434_1_220.png
