에어리 하프 니트 가디건 [BLACK],https://www.musinsa.com/app/goods/1925404,//image.msscdn.net/images/goods_img/20210428/1925404/1925404_1_220.jpg
UNISEX Cool Touch Summer Cardigan [Ultra Marine],https://www.musinsa.com/app/goods/2549217,//image.msscdn.net/images/goods_img/20220510/2549217/2549217_1_220.jpg
화란 세미오버 가디건 블랙,https://www.musinsa.com/app/goods/1139192,//image.msscdn.net/images/goods_img/20190902/1139192/1139192_6_220.jpg
소프트 반팔 카라 가디건 블랙 COOSCD009BLACK,https://www.musinsa.com/app/goods/1919681,//image.msscdn.net/images/goods_img/20210426/1919681/1919681_6_220.jpg
숏 슬리브 니티드 셔츠 (베이지),https://www.musinsa.com/app/goods/2482826,//image.msscdn.net/images/goods_img/20220412/2482826/2482826_2_220.jpg
오디너리 크롭 가디건 블랙,https://www.musinsa.com/app/goods/1567183,//image.msscdn.net/images/goods_img/20200827/1567183/1567183_6_220.jpg
Tail half cardigan (pink),https://www.musinsa.com/app/goods/2583887,//image.msscdn.net/images/goods_img/20220526/2583887/2583887_1_220.jpg
에센셜 카라 온오프 하프 니트 가디건 (BLACK),https://www.musinsa.com/app/goods/1973367,//image.msscdn.net/images/goods_img/20210528/1973367/1973367_1_220.jpg
숏 슬리브 니티드 셔츠 (블랙),https://www.musinsa.com/app/goods/2482823,//image.msscdn.net/images/goods_img/20220412/2482823/2482823_2_220.jpg
GAFF TEX CARDIGAN (BLACK),https://www.musinsa.com/app/goods/2159724,//image.msscdn.net/images/goods_img/20211001/2159724/2159724_1_220.jpg
퓨어 버튼 업 카디건 : 4컬러,https://www.musinsa.com/app/goods/2579530,//image.msscdn.net/images/goods_img/20220524/2579530/2579530_6_220.jpg
NOI591 믹스 볼레로 니트 (라임),https://www.musinsa.com/app/goods/2363646,//image.msscdn.net/images/goods_img/20220216/2363646/2363646_2_220.jpg
에어리 카라 하프 니트 가디건 [BLACK],https://www.musinsa.com/app/goods/2510237,//image.msscdn.net/images/goods_img/20220422/2510237/2510237_1_220.jpg
우먼즈 린넨 블렌드 가디건 [블랙],https://www.musinsa.com/app/goods/2448863,//image.msscdn.net/images/goods_img/20220328/2448863/2448863_2_220.jpg
엔젤 와펜 가디건 그레이,https://www.musinsa.com/app/goods/1565497,//image.msscdn.net/images/goods_img/20200826/1565497/1565497_2_220.jpg
미니멀 가디건 [블랙],https://www.musinsa.com/app/goods/2100438,//image.msscdn.net/images/goods_img/20210831/2100438/2100438_3_220.jpg
우먼즈 크레이프 칼라드 반팔 가디건 [크림],https://www.musinsa.com/app/goods/2448856,//image.msscdn.net/images/goods_img/20220328/2448856/2448856_1_220.jpg
AQO BEAR BI-COLOR SUMMER CARDIGAN NAVY,https://www.musinsa.com/app/goods/2493315,//image.msscdn.net/images/goods_img/20220415/2493315/2493315_1_220.jpg
[Sharp] 케이블 니트 가디건 (102) AFPM2213553-102,https://www.musinsa.com/app/goods/2437013,//image.msscdn.net/images/goods_img/20220322/2437013/2437013_1_220.jpg
화란 세미오버 가디건 클라우드 그레이,https://www.musinsa.com/app/goods/1139338,//image.msscdn.net/images/goods_img/20190902/1139338/1139338_7_220.jpg
숏 슬리브 니티드 셔츠 (더스티핑크),https://www.musinsa.com/app/goods/2482860,//image.msscdn.net/images/goods_img/20220412/2482860/2482860_3_220.jpg
EMBROIDERY UNIVERSITY DAN V NECK SS KINT CARDIGAN BLACK,https://www.musinsa.com/app/goods/2541862,//image.msscdn.net/images/goods_img/20220504/2541862/2541862_1_220.jpg
베이직 소프트 니트 가디건 멜란지 그레이,https://www.musinsa.com/app/goods/2104773,//image.msscdn.net/images/goods_img/20210902/2104773/2104773_1_220.jpg
WOMEN 미디 크롭 슬림 플리츠 반팔티 가디건 [BLACK] 반팔 크롭티,https://www.musinsa.com/app/goods/1974944,//image.msscdn.net/images/goods_img/20210530/1974944/1974944_1_220.jpg
EMBROIDERY UNIVERSITY DAN V NECK SS KINT CARDIGAN IVORY,https://www.musinsa.com/app/goods/2541861,//image.msscdn.net/images/goods_img/20220504/2541861/2541861_1_220.jpg
썸머 웨이브 니트 가디건 ( 핑크 ) 96121M4K010PN000,https://www.musinsa.com/app/goods/1903316,//image.msscdn.net/images/goods_img/20210416/1903316/1903316_1_220.jpg
FINE GUAGE LOGO PATTERN HALF CARDIGAN (NAVY),https://www.musinsa.com/app/goods/2516663,//image.msscdn.net/images/goods_img/20220426/2516663/2516663_1_220.jpg
Iz Crop Cardigan - IVORY,https://www.musinsa.com/app/goods/2282039,//image.msscdn.net/images/goods_img/20211224/2282039/2282039_3_220.jpg
Strap Bolero Cardigan  Ivory,https://www.musinsa.com/app/goods/2439623,//image.msscdn.net/images/goods_img/20220323/2439623/2439623_1_220.jpg
케이블 니트 가디건 - 아이보리,https://www.musinsa.com/app/goods/2458049,//image.msscdn.net/images/goods_img/20220331/2458049/2458049_1_220.jpg
PPS HAIRY CARDIGAN - BLACK,https://www.musinsa.com/app/goods/2052492,//image.msscdn.net/images/goods_img/20210808/2052492/2052492_1_220.jpg
에센셜 카라 온오프 하프 니트 가디건 (SAGE GREEN),https://www.musinsa.com/app/goods/1973364,//image.msscdn.net/images/goods_img/20210528/1973364/1973364_1_220.jpg
에어리 카라 하프 니트 가디건 [GREEN],https://www.musinsa.com/app/goods/2510239,//image.msscdn.net/images/goods_img/20220422/2510239/2510239_1_220.jpg
엔젤 와펜 가디건 블랙,https://www.musinsa.com/app/goods/1272812,//image.msscdn.net/images/goods_img/20200116/1272812/1272812_2_220.jpg
에센셜 카라 온오프 하프 니트 가디건 (SAND BEIGE),https://www.musinsa.com/app/goods/1973365,//image.msscdn.net/images/goods_img/20210528/1973365/1973365_1_220.jpg
[NF] 큐티-파이 가디건 셋업_F22QB425XB419,https://www.musinsa.com/app/goods/2478776,//image.msscdn.net/images/goods_img/20220411/2478776/2478776_1_220.jpg
[22HS] 버튼업 썸머 니트 반팔 가디건_BLACK,https://www.musinsa.com/app/goods/2496317,//image.msscdn.net/images/goods_img/20220418/2496317/2496317_1_220.jpg
메탈릭 엠블럼 니트 가디건 네이비,https://www.musinsa.com/app/goods/2399201,//image.msscdn.net/images/goods_img/20220304/2399201/2399201_1_220.jpg
에센셜 카라 온오프 하프 니트 가디건(ESPRESSO BROWN),https://www.musinsa.com/app/goods/1973366,//image.msscdn.net/images/goods_img/20210528/1973366/1973366_1_220.jpg
[썸머] 린넨 크로켓 오버핏 니트 가디건 _Khaki Brown,https://www.musinsa.com/app/goods/2500417,//image.msscdn.net/images/goods_img/20220419/2500417/2500417_1_220.jpg
오디너리 크롭 가디건 멀티 차콜,https://www.musinsa.com/app/goods/1567181,//image.msscdn.net/images/goods_img/20200827/1567181/1567181_6_220.jpg
Miller Heavyweight Cardigan Navy,https://www.musinsa.com/app/goods/2172006,//image.msscdn.net/images/goods_img/20211012/2172006/2172006_1_220.jpg
HERITAGE UNIVERSITY DAN BUTTON SS CARDIGAN BLACK,https://www.musinsa.com/app/goods/2555258,//image.msscdn.net/images/goods_img/20220512/2555258/2555258_1_220.jpg
Chain Zip Up Polo Ivory,https://www.musinsa.com/app/goods/2398388,//image.msscdn.net/images/goods_img/20220304/2398388/2398388_1_220.jpg
[레드벨벳_슬기 착용] PRINTED CROP KNIT CARDIGAN [SKY BLUE],https://www.musinsa.com/app/goods/2368951,//image.msscdn.net/images/goods_img/20220217/2368951/2368951_1_220.jpg
씬테크 경량 가디건 자켓_BK,https://www.musinsa.com/app/goods/2322835,//image.msscdn.net/images/goods_img/20220124/2322835/2322835_6_220.jpg
[린넨블렌디드] 린넨 더블 포켓 단추 카라가디건 IRO152 블랙,https://www.musinsa.com/app/goods/2511691,//image.msscdn.net/images/goods_img/20220425/2511691/2511691_1_220.jpg
르네 반팔 가디건 [포레스트 그린],https://www.musinsa.com/app/goods/2587799,//image.msscdn.net/images/goods_img/20220527/2587799/2587799_1_220.jpg
[22HS] 크로셰 크롭 가디건_WHITE,https://www.musinsa.com/app/goods/2496330,//image.msscdn.net/images/goods_img/20220418/2496330/2496330_1_220.jpg
쿨 썸머 에센셜 브이넥 가디건 LIGHT BROWN,https://www.musinsa.com/app/goods/1882656,//image.msscdn.net/images/goods_img/20210406/1882656/1882656_1_220.jpg
마크 가디건 블랙,https://www.musinsa.com/app/goods/2406830,//image.msscdn.net/images/goods_img/20220308/2406830/2406830_1_220.jpg
에센셜 카라 온오프 하프 니트 가디건 (GRAY),https://www.musinsa.com/app/goods/1973363,//image.msscdn.net/images/goods_img/20210528/1973363/1973363_1_220.jpg
[린넨블렌디드] 린넨 브이넥 단추 가디건 IRO154 블랙,https://www.musinsa.com/app/goods/2511695,//image.msscdn.net/images/goods_img/20220425/2511695/2511695_1_220.jpg
Strap crop cardigan - IVORY,https://www.musinsa.com/app/goods/2510067,//image.msscdn.net/images/goods_img/20220422/2510067/2510067_1_220.jpg
우먼즈 크레이프 칼라드 반팔 가디건 [그린],https://www.musinsa.com/app/goods/2448859,//image.msscdn.net/images/goods_img/20220328/2448859/2448859_1_220.jpg
SHORT SLEEVES CARDIGAN_CREAM,https://www.musinsa.com/app/goods/1959639,//image.msscdn.net/images/goods_img/20210520/1959639/1959639_1_220.jpg
[린넨블렌디드] 린넨 브이넥 단추 가디건 IRO154 아이보리,https://www.musinsa.com/app/goods/2511696,//image.msscdn.net/images/goods_img/20220425/2511696/2511696_1_220.jpg
하프 니트 가디건 네이비,https://www.musinsa.com/app/goods/2582900,//image.msscdn.net/images/goods_img/20220525/2582900/2582900_1_220.jpg
리센츠 로고 하프 가디건_라이트 그레이,https://www.musinsa.com/app/goods/2538510,//image.msscdn.net/images/goods_img/20220503/2538510/2538510_3_220.jpg
A3423 Parisienne net cardigan_Light beige,https://www.musinsa.com/app/goods/2556597,//image.msscdn.net/images/goods_img/20220512/2556597/2556597_1_220.jpg
코튼 카라 반팔 니트 가디건_블랙,https://www.musinsa.com/app/goods/2514195,//image.msscdn.net/images/goods_img/20220426/2514195/2514195_1_220.jpg
FINGER HOLE KNIT BOLERO IN IVORY,https://www.musinsa.com/app/goods/2347827,//image.msscdn.net/images/goods_img/20220208/2347827/2347827_1_220.jpg
[22HS] 버튼업 썸머 니트 반팔 가디건_LIGHT PINK,https://www.musinsa.com/app/goods/2496320,//image.msscdn.net/images/goods_img/20220418/2496320/2496320_2_220.jpg
SPELL POINT KNIT ZIP UP IN BLACK,https://www.musinsa.com/app/goods/2060613,//image.msscdn.net/images/goods_img/20210812/2060613/2060613_1_220.jpg
에어리 하프 니트 가디건 [L.GREY],https://www.musinsa.com/app/goods/1925405,//image.msscdn.net/images/goods_img/20210428/1925405/1925405_2_220.jpg
소프트 베이직 가디건 그레이,https://www.musinsa.com/app/goods/498051,//image.msscdn.net/images/goods_img/20170313/498051/498051_2_220.jpg
BANDANA CARDIGAN  NAVY,https://www.musinsa.com/app/goods/2373858,//image.msscdn.net/images/goods_img/20220221/2373858/2373858_1_220.jpg
[썸머] 린넨 크로켓 오버핏 니트 가디건 _Black,https://www.musinsa.com/app/goods/2500420,//image.msscdn.net/images/goods_img/20220419/2500420/2500420_2_220.jpg
Color Blend Knit Cardigan  Aqua Green,https://www.musinsa.com/app/goods/2377885,//image.msscdn.net/images/goods_img/20220222/2377885/2377885_1_220.jpg
PPS HAIRY CARDIGAN - KHAKI,https://www.musinsa.com/app/goods/2052493,//image.msscdn.net/images/goods_img/20210808/2052493/2052493_1_220.jpg
Netted Collar Cardigan (Black) x aeae,https://www.musinsa.com/app/goods/2486111,//image.msscdn.net/images/goods_img/20220413/2486111/2486111_1_220.jpg
W CROP CARDIGAN ivory,https://www.musinsa.com/app/goods/2328416,//image.msscdn.net/images/goods_img/20220125/2328416/2328416_1_220.jpg
WOMEN 셋업 크롭 가디건 반팔티 끈나시 세트 [블랙],https://www.musinsa.com/app/goods/1952822,//image.msscdn.net/images/goods_img/20210516/1952822/1952822_1_220.jpg
슬릿 볼레로 가디건_화이트,https://www.musinsa.com/app/goods/2500219,//image.msscdn.net/images/goods_img/20220419/2500219/2500219_2_220.jpg
화란 세미오버 가디건 탄,https://www.musinsa.com/app/goods/1769200,//image.msscdn.net/images/goods_img/20210129/1769200/1769200_6_220.jpg
우먼즈 린넨 블렌드 가디건 [아이보리],https://www.musinsa.com/app/goods/2448861,//image.msscdn.net/images/goods_img/20220328/2448861/2448861_2_220.jpg
[김민주 착용] [22SS] 퍼프 반팔 크롭 가디건_PINK,https://www.musinsa.com/app/goods/2362561,//image.msscdn.net/images/goods_img/20220215/2362561/2362561_1_220.jpg
HERITAGE UNIVERSITY DAN BUTTON SS CARDIGAN IVORY,https://www.musinsa.com/app/goods/2555256,//image.msscdn.net/images/goods_img/20220512/2555256/2555256_1_220.jpg
Tail half cardigan (blue navy),https://www.musinsa.com/app/goods/2583859,//image.msscdn.net/images/goods_img/20220526/2583859/2583859_1_220.jpg
소프트 쿨 린넨 라운드 가디건_GREEN,https://www.musinsa.com/app/goods/2569529,//image.msscdn.net/images/goods_img/20220519/2569529/2569529_1_220.jpg
아가일 체커보드 루즈핏 카라 니트 가디건 베이지,https://www.musinsa.com/app/goods/2526144,//image.msscdn.net/images/goods_img/20220428/2526144/2526144_2_220.jpg
벌키 브러쉬 아가일 가디건 BLACK,https://www.musinsa.com/app/goods/1635084,//image.msscdn.net/images/goods_img/20201006/1635084/1635084_6_220.jpg
Color stripe knit cardigan_Gray,https://www.musinsa.com/app/goods/2590287,//image.msscdn.net/images/goods_img/20220530/2590287/2590287_1_220.jpg
소프트 반팔 카라 가디건 블루 COOSCD009BLUE,https://www.musinsa.com/app/goods/1919679,//image.msscdn.net/images/goods_img/20210426/1919679/1919679_5_220.jpg
케이블 반팔 가디건_SPCKC26G91,https://www.musinsa.com/app/goods/2596481,//image.msscdn.net/images/goods_img/20220602/2596481/2596481_1_220.jpg
헤비오버핏 램스울 가디건 챠콜,https://www.musinsa.com/app/goods/918039,//image.msscdn.net/images/goods_img/20181205/918039/918039_1_220.jpg
화란 세미오버 가디건 차콜,https://www.musinsa.com/app/goods/1139195,//image.msscdn.net/images/goods_img/20190902/1139195/1139195_6_220.jpg
UNISEX ITALY BOUCLE OPEN COLLAR CARDIGAN BLACK_M_UDSW2B122BK,https://www.musinsa.com/app/goods/2487204,//image.msscdn.net/images/goods_img/20220413/2487204/2487204_3_220.jpg
뉴본 키튼 자수 와펜 가디건,https://www.musinsa.com/app/goods/1902833,//image.msscdn.net/images/goods_img/20210416/1902833/1902833_2_220.jpg
코튼 슬라브 카디건 IVORY,https://www.musinsa.com/app/goods/2383659,//image.msscdn.net/images/goods_img/20220224/2383659/2383659_2_220.jpg
