유니섹스 세미 와이드 밴딩 슬랙스,https://www.musinsa.com/app/goods/750908,//image.msscdn.net/images/goods_img/20180406/750908/750908_6_220.jpg
레귤러핏 슬랙스 [블랙],https://www.musinsa.com/app/goods/2594387,//image.msscdn.net/images/goods_img/20220601/2594387/2594387_1_220.jpg
히든밴딩 핀턱 와이드 슬랙스 [블랙],https://www.musinsa.com/app/goods/2594834,//image.msscdn.net/images/goods_img/20220601/2594834/2594834_1_220.jpg
레귤러핏 슬랙스 [차콜],https://www.musinsa.com/app/goods/2594388,//image.msscdn.net/images/goods_img/20220601/2594388/2594388_1_220.jpg
히든밴딩 핀턱 와이드 슬랙스 [베이지],https://www.musinsa.com/app/goods/2594835,//image.msscdn.net/images/goods_img/20220601/2594835/2594835_1_220.jpg
원턱 와이드 슬랙스 [블랙],https://www.musinsa.com/app/goods/2594391,//image.msscdn.net/images/goods_img/20220601/2594391/2594391_1_220.jpg
히든밴딩 핀턱 와이드 슬랙스 [라이트 그레이],https://www.musinsa.com/app/goods/2594836,//image.msscdn.net/images/goods_img/20220601/2594836/2594836_1_220.jpg
원턱 와이드 슬랙스 [차콜],https://www.musinsa.com/app/goods/2594392,//image.msscdn.net/images/goods_img/20220601/2594392/2594392_1_220.jpg
[쿨탠다드] 와이드 히든 밴딩 슬랙스 [블랙],https://www.musinsa.com/app/goods/1989228,//image.msscdn.net/images/goods_img/20210609/1989228/1989228_4_220.jpg
테이퍼드 히든 밴딩 크롭 슬랙스 [블랙],https://www.musinsa.com/app/goods/1149328,//image.msscdn.net/images/goods_img/20190910/1149328/1149328_10_220.jpg
[패키지][와이드+테이퍼드핏선택]쿨맥스 슬랙스,https://www.musinsa.com/app/goods/2592426,//image.msscdn.net/images/goods_img/20220531/2592426/2592426_2_220.jpg
유니섹스 세미 와이드 밴딩 슬랙스 아이보리,https://www.musinsa.com/app/goods/1495284,//image.msscdn.net/images/goods_img/20200624/1495284/1495284_1_220.jpg
[유아인 착용 상품] 와이드 히든 밴딩 슬랙스 [블랙],https://www.musinsa.com/app/goods/1168906,//image.msscdn.net/images/goods_img/20190927/1168906/1168906_4_220.jpg
[유아인 착용 상품] 세미 와이드 히든 밴딩 슬랙스 [블랙],https://www.musinsa.com/app/goods/1149329,//image.msscdn.net/images/goods_img/20190910/1149329/1149329_4_220.jpg
와이드 히든 밴딩 슬랙스 [미디엄 그레이],https://www.musinsa.com/app/goods/1222184,//image.msscdn.net/images/goods_img/20191113/1222184/1222184_4_220.jpg
[쿨탠다드] 릴렉스드 테이퍼드 히든 밴딩 크롭 슬랙스 [블랙],https://www.musinsa.com/app/goods/2477836,//image.msscdn.net/images/goods_img/20220408/2477836/2477836_1_220.jpg
유니섹스 세미 와이드 밴딩 슬랙스 그레이,https://www.musinsa.com/app/goods/946853,//image.msscdn.net/images/goods_img/20190201/946853/946853_3_220.jpg
우먼즈 라이트웨이트 하이 웨이스트 와이드 히든 밴딩 슬랙스 [더스티 베이지],https://www.musinsa.com/app/goods/1945315,//image.msscdn.net/images/goods_img/20210511/1945315/1945315_2_220.jpg
[쿨탠다드] 우먼즈 스트레이트 히든 밴딩 슬랙스 [블랙],https://www.musinsa.com/app/goods/2477832,//image.msscdn.net/images/goods_img/20220408/2477832/2477832_1_220.jpg
22SS Santiago Slacks (Graphite),https://www.musinsa.com/app/goods/2553806,//image.msscdn.net/images/goods_img/20220512/2553806/2553806_1_220.jpg
[쿨탠다드] 릴렉스드 테이퍼드 히든 밴딩 크롭 슬랙스 [라이트 그레이],https://www.musinsa.com/app/goods/2477842,//image.msscdn.net/images/goods_img/20220408/2477842/2477842_1_220.jpg
라이트웨이트 테이퍼드 히든 밴딩 크롭 슬랙스 [라이트 베이지],https://www.musinsa.com/app/goods/1323974,//image.msscdn.net/images/goods_img/20200226/1323974/1323974_2_220.jpg
세미 와이드 히든 밴딩 슬랙스 [미디엄 그레이],https://www.musinsa.com/app/goods/1224095,//image.msscdn.net/images/goods_img/20191113/1224095/1224095_4_220.jpg
노오비 투턱 스티치 슬랙스 (블루),https://www.musinsa.com/app/goods/2532424,//image.msscdn.net/images/goods_img/20220429/2532424/2532424_1_220.jpg
라이트웨이트 세미 와이드 히든 밴딩 슬랙스 [블랙],https://www.musinsa.com/app/goods/1312035,//image.msscdn.net/images/goods_img/20200219/1312035/1312035_3_220.jpg
섬머 와이드 벌룬핏 밴딩 슬랙스 (BLACK),https://www.musinsa.com/app/goods/2581882,//image.msscdn.net/images/goods_img/20220525/2581882/2581882_2_220.jpg
[드로우핏X깡스타일리스트] 밴딩 테이퍼드 슬랙스 [L.BEIGE],https://www.musinsa.com/app/goods/2480137,//image.msscdn.net/images/goods_img/20220411/2480137/2480137_1_220.jpg
[쿨탠다드] 와이드 히든 밴딩 슬랙스 [다크 그레이],https://www.musinsa.com/app/goods/1990787,//image.msscdn.net/images/goods_img/20210610/1990787/1990787_3_220.jpg
썸머 더블턱 와이드 슬랙스[블랙],https://www.musinsa.com/app/goods/2578996,//image.msscdn.net/images/goods_img/20220524/2578996/2578996_1_220.jpg
우먼즈 라이트웨이트 하이 웨이스트 와이드 히든 밴딩 슬랙스 [카키],https://www.musinsa.com/app/goods/1945317,//image.msscdn.net/images/goods_img/20210511/1945317/1945317_2_220.jpg
22SS Santiago Slacks (Black),https://www.musinsa.com/app/goods/2553804,//image.msscdn.net/images/goods_img/20220512/2553804/2553804_1_220.jpg
[쿨탠다드] 테이퍼드 히든 밴딩 크롭 슬랙스 [라이트 그레이],https://www.musinsa.com/app/goods/2371964,//image.msscdn.net/images/goods_img/20220218/2371964/2371964_1_220.jpg
테이퍼드 히든 밴딩 크롭 슬랙스 [미디엄 그레이],https://www.musinsa.com/app/goods/1216295,//image.msscdn.net/images/goods_img/20191107/1216295/1216295_3_220.jpg
[쿨탠다드] 와이드 히든 밴딩 슬랙스 [네이비],https://www.musinsa.com/app/goods/1990788,//image.msscdn.net/images/goods_img/20210610/1990788/1990788_3_220.jpg
[드로우핏X깡스타일리스트] 밴딩 테이퍼드 슬랙스 [GREY],https://www.musinsa.com/app/goods/2480138,//image.msscdn.net/images/goods_img/20220411/2480138/2480138_1_220.jpg
테이퍼드 히든 밴딩 10부 슬랙스 [블랙],https://www.musinsa.com/app/goods/1168907,//image.msscdn.net/images/goods_img/20190927/1168907/1168907_5_220.jpg
투턱 와이드 슬랙스 [블랙],https://www.musinsa.com/app/goods/1832530,//image.msscdn.net/images/goods_img/20210308/1832530/1832530_2_220.jpg
[쿨탠다드] 우먼즈 스트레이트 히든 밴딩 슬랙스 [네이비],https://www.musinsa.com/app/goods/2477834,//image.msscdn.net/images/goods_img/20220408/2477834/2477834_1_220.jpg
쓰리 턱 세미 벌룬 슬랙스 [더스티 베이지],https://www.musinsa.com/app/goods/2116448,//image.msscdn.net/images/goods_img/20210908/2116448/2116448_2_220.jpg
[드로우핏X깡스타일리스트] 밴딩 테이퍼드 슬랙스 [BLACK],https://www.musinsa.com/app/goods/2422235,//image.msscdn.net/images/goods_img/20220316/2422235/2422235_3_220.jpg
투턱 와이드 슬랙스 [아이보리],https://www.musinsa.com/app/goods/1832528,//image.msscdn.net/images/goods_img/20210308/1832528/1832528_1_220.jpg
테이퍼드 히든 밴딩 크롭 슬랙스 [라이트 베이지],https://www.musinsa.com/app/goods/1675527,//image.msscdn.net/images/goods_img/20201103/1675527/1675527_3_220.jpg
[유아인 착용 상품] 리얼 와이드 히든 밴딩 슬랙스 [블랙],https://www.musinsa.com/app/goods/1168922,//image.msscdn.net/images/goods_img/20190927/1168922/1168922_4_220.jpg
썸머 더블턱 와이드 슬랙스[그레이],https://www.musinsa.com/app/goods/2578997,//image.msscdn.net/images/goods_img/20220524/2578997/2578997_1_220.jpg
22SS Santiago Slacks (Dark Navy),https://www.musinsa.com/app/goods/2553805,//image.msscdn.net/images/goods_img/20220512/2553805/2553805_1_220.jpg
투턱 와이드 슬랙스 [그레이],https://www.musinsa.com/app/goods/1832529,//image.msscdn.net/images/goods_img/20210308/1832529/1832529_1_220.jpg
세미 부츠컷 슬랙스 [블랙],https://www.musinsa.com/app/goods/1458942,//image.msscdn.net/images/goods_img/20200522/1458942/1458942_4_220.jpg
밴딩 실루엣 팬츠 블랙,https://www.musinsa.com/app/goods/2268402,//image.msscdn.net/images/goods_img/20211214/2268402/2268402_3_220.jpg
[쿨탠다드] 세미 와이드 히든 밴딩 슬랙스 [라이트 그레이],https://www.musinsa.com/app/goods/2371967,//image.msscdn.net/images/goods_img/20220218/2371967/2371967_1_220.jpg
라이트웨이트 테이퍼드 히든 밴딩 크롭 슬랙스 [블랙],https://www.musinsa.com/app/goods/1323968,//image.msscdn.net/images/goods_img/20200226/1323968/1323968_4_220.jpg
라이트웨이트 와이드 드로스트링 밴딩 크롭 슬랙스 [블랙],https://www.musinsa.com/app/goods/1314979,//image.msscdn.net/images/goods_img/20200220/1314979/1314979_3_220.jpg
우먼즈 라이트웨이트 스트레이트 히든 밴딩 슬랙스 [블랙],https://www.musinsa.com/app/goods/1945319,//image.msscdn.net/images/goods_img/20210511/1945319/1945319_2_220.jpg
[쿨탠다드] 릴렉스드 테이퍼드 히든 밴딩 크롭 슬랙스[다크 그레이],https://www.musinsa.com/app/goods/2477838,//image.msscdn.net/images/goods_img/20220408/2477838/2477838_1_220.jpg
라이트웨이트 테이퍼드 히든 밴딩 크롭 슬랙스 [라이트 그레이],https://www.musinsa.com/app/goods/1323973,//image.msscdn.net/images/goods_img/20200226/1323973/1323973_5_220.jpg
[드로우핏X깡스타일리스트] 밴딩 와이드 슬랙스 [GREY],https://www.musinsa.com/app/goods/2480238,//image.msscdn.net/images/goods_img/20220411/2480238/2480238_1_220.jpg
Peekaboo Lowrise Pintuck Pants Gray Pin Stripe,https://www.musinsa.com/app/goods/2378592,//image.msscdn.net/images/goods_img/20220222/2378592/2378592_2_220.jpg
와이드 에센셜 베이직 밴딩 슬랙스 블랙,https://www.musinsa.com/app/goods/2060743,//image.msscdn.net/images/goods_img/20210812/2060743/2060743_3_220.jpg
라이트웨이트 스키니 히든 밴딩 크롭 슬랙스 [블랙],https://www.musinsa.com/app/goods/1347722,//image.msscdn.net/images/goods_img/20200312/1347722/1347722_5_220.jpg
원턱 와이드 슬랙스[블랙],https://www.musinsa.com/app/goods/2124440,//image.msscdn.net/images/goods_img/20210910/2124440/2124440_2_220.jpg
[쿨탠다드] 우먼즈 슬림 스트레이트 히든 밴딩 슬랙스 [네이비],https://www.musinsa.com/app/goods/2477830,//image.msscdn.net/images/goods_img/20220408/2477830/2477830_3_220.jpg
[쿨탠다드] 테이퍼드 히든 밴딩 크롭 슬랙스 [더스티 베이지],https://www.musinsa.com/app/goods/2371961,//image.msscdn.net/images/goods_img/20220218/2371961/2371961_1_220.jpg
[드로우핏X깡스타일리스트] 밴딩 와이드 슬랙스 [BLACK],https://www.musinsa.com/app/goods/2422238,//image.msscdn.net/images/goods_img/20220316/2422238/2422238_3_220.jpg
Multi Pleats Bending Slacks [Black],https://www.musinsa.com/app/goods/2334002,//image.msscdn.net/images/goods_img/20220127/2334002/2334002_2_220.jpg
벨티드 2플리츠 와이드 트라우저 (BLACK),https://www.musinsa.com/app/goods/1994121,//image.msscdn.net/images/goods_img/20210614/1994121/1994121_2_220.jpg
쿨 린넨 와이드 벨티드 슬랙스 [BLACK],https://www.musinsa.com/app/goods/1958923,//image.msscdn.net/images/goods_img/20210520/1958923/1958923_2_220.jpg
탄체크 와이드 팬츠 (블랙),https://www.musinsa.com/app/goods/1156323,//image.msscdn.net/images/goods_img/20190917/1156323/1156323_1_220.jpg
테이퍼드 히든 밴딩 크롭 슬랙스 [크림],https://www.musinsa.com/app/goods/1231420,//image.msscdn.net/images/goods_img/20191120/1231420/1231420_3_220.jpg
112515 쿨맥스 테이퍼드 히든밴딩 슬랙스,https://www.musinsa.com/app/goods/2506226,//image.msscdn.net/images/goods_img/20220421/2506226/2506226_2_220.jpg
[쿨]테이퍼드쿨맥스밴딩슬랙스 MWPT31A1,https://www.musinsa.com/app/goods/2417216,//image.msscdn.net/images/goods_img/20220314/2417216/2417216_1_220.jpg
쿨 린넨 와이드 벨티드 슬랙스 [GREY BEIGE],https://www.musinsa.com/app/goods/1958925,//image.msscdn.net/images/goods_img/20210520/1958925/1958925_2_220.jpg
밴딩 와이드 슬랙스 P 035_BK,https://www.musinsa.com/app/goods/484461,//image.msscdn.net/images/goods_img/20170216/484461/484461_2_220.jpg
와이드 린넨 밴딩 팬츠 블랙,https://www.musinsa.com/app/goods/1425653,//image.msscdn.net/images/goods_img/20200428/1425653/1425653_4_220.jpg
리얼 와이드 벨티드 슬랙스 [블랙],https://www.musinsa.com/app/goods/2116434,//image.msscdn.net/images/goods_img/20210908/2116434/2116434_2_220.jpg
[쿨탠다드] 우먼즈 슬림 스트레이트 히든 밴딩 슬랙스 [블랙],https://www.musinsa.com/app/goods/2477828,//image.msscdn.net/images/goods_img/20220408/2477828/2477828_3_220.jpg
와이드 벌룬 밴딩 슬랙스 블랙,https://www.musinsa.com/app/goods/2583826,//image.msscdn.net/images/goods_img/20220526/2583826/2583826_5_220.jpg
[쿨탠다드] 세미 와이드 히든 밴딩 슬랙스 [블랙],https://www.musinsa.com/app/goods/1436504,//image.msscdn.net/images/goods_img/20200508/1436504/1436504_2_220.jpg
쿨 린넨 와이드 벨티드 슬랙스 [OATMEAL],https://www.musinsa.com/app/goods/1958924,//image.msscdn.net/images/goods_img/20210520/1958924/1958924_2_220.jpg
밴딩 실루엣 팬츠 베이지,https://www.musinsa.com/app/goods/2268393,//image.msscdn.net/images/goods_img/20211214/2268393/2268393_3_220.jpg
세미 와이드 슬릿 히든 밴딩 슬랙스 [블랙],https://www.musinsa.com/app/goods/1221497,//image.msscdn.net/images/goods_img/20191112/1221497/1221497_5_220.jpg
쿨맥스 밴딩 실루엣 팬츠 베이지,https://www.musinsa.com/app/goods/2397212,//image.msscdn.net/images/goods_img/20220304/2397212/2397212_3_220.jpg
리얼 와이드 벨티드 슬랙스 [그레이],https://www.musinsa.com/app/goods/2116437,//image.msscdn.net/images/goods_img/20210908/2116437/2116437_2_220.jpg
와이드 히든 밴딩 슬랙스 [더스티 베이지],https://www.musinsa.com/app/goods/1249102,//image.msscdn.net/images/goods_img/20191211/1249102/1249102_3_220.jpg
모더니티 히든 밴딩 슬랙스 [BLACK],https://www.musinsa.com/app/goods/968414,//image.msscdn.net/images/goods_img/20190228/968414/968414_4_220.jpg
쓰리 턱 세미 벌룬 슬랙스 [라이트 베이지],https://www.musinsa.com/app/goods/2463943,//image.msscdn.net/images/goods_img/20220404/2463943/2463943_1_220.jpg
와이드 히든 밴딩 슬랙스 [라이트 베이지],https://www.musinsa.com/app/goods/1675531,//image.msscdn.net/images/goods_img/20201103/1675531/1675531_3_220.jpg
라이트웨이트 테이퍼드 히든 밴딩 크롭 슬랙스 [크림],https://www.musinsa.com/app/goods/1323981,//image.msscdn.net/images/goods_img/20200226/1323981/1323981_3_220.jpg
[쿨탠다드] 릴렉스드 테이퍼드 히든 밴딩 크롭 슬랙스 [라이트 베이지],https://www.musinsa.com/app/goods/2477841,//image.msscdn.net/images/goods_img/20220408/2477841/2477841_1_220.jpg
리버스턱 와이드 슬랙스[그린],https://www.musinsa.com/app/goods/2391617,//image.msscdn.net/images/goods_img/20220302/2391617/2391617_1_220.jpg
쿨 린넨 와이드 벨티드 슬랙스 [BROWN],https://www.musinsa.com/app/goods/1958926,//image.msscdn.net/images/goods_img/20210520/1958926/1958926_2_220.jpg
Check Pin Tuck Pants Pink,https://www.musinsa.com/app/goods/2497359,//image.msscdn.net/images/goods_img/20220419/2497359/2497359_2_220.jpg
