원턱 와이드 스웨트팬츠 그레이,https://www.musinsa.com/app/goods/2112059,//image.msscdn.net/images/goods_img/20210906/2112059/2112059_1_220.jpg
[쿨탠다드] 쿨링 와이드 이지 팬츠 [블랙],https://www.musinsa.com/app/goods/2402843,//image.msscdn.net/images/goods_img/20220307/2402843/2402843_1_220.jpg
[쿨탠다드] 와이드 히든 밴딩 슬랙스 [블랙],https://www.musinsa.com/app/goods/1989228,//image.msscdn.net/images/goods_img/20210609/1989228/1989228_4_220.jpg
Deep One Tuck Sweat Shorts [Grey],https://www.musinsa.com/app/goods/1926048,//image.msscdn.net/images/goods_img/20210428/1926048/1926048_1_220.jpg
[패키지] 코스모 밴딩 숏팬츠 2PACK JMSP2332,https://www.musinsa.com/app/goods/1884480,//image.msscdn.net/images/goods_img/20210407/1884480/1884480_2_220.jpg
SL01 시밀러 린넨 데님 와이드 팬츠 (BLEACH),https://www.musinsa.com/app/goods/1885563,//image.msscdn.net/images/goods_img/20210407/1885563/1885563_1_220.jpg
버뮤다 와이드 원턱 워시드 데님 쇼츠 딥인디고,https://www.musinsa.com/app/goods/2503128,//image.msscdn.net/images/goods_img/20220420/2503128/2503128_3_220.jpg
사계절 스트링 트레이닝팬츠 (그레이),https://www.musinsa.com/app/goods/1568057,//image.msscdn.net/images/goods_img/20200828/1568057/1568057_4_220.jpg
[스탠다드]22SS WIDE FIT ONE TUCK TENCEL SHORTS BLACK,https://www.musinsa.com/app/goods/2418458,//image.msscdn.net/images/goods_img/20220315/2418458/2418458_1_220.jpg
와이드 밴딩 플리츠 팬츠 [BLACK],https://www.musinsa.com/app/goods/1958904,//image.msscdn.net/images/goods_img/20210520/1958904/1958904_1_220.jpg
[패키지][와이드+테이퍼드핏선택]쿨맥스 슬랙스,https://www.musinsa.com/app/goods/2592426,//image.msscdn.net/images/goods_img/20220531/2592426/2592426_2_220.jpg
1968 HIMALAYA JEANS [WIDE STRAIGHT],https://www.musinsa.com/app/goods/1555407,//image.msscdn.net/images/goods_img/20200819/1555407/1555407_1_220.jpg
문라이즈 데님 팬츠_인디고,https://www.musinsa.com/app/goods/2467316,//image.msscdn.net/images/goods_img/20220405/2467316/2467316_1_220.jpg
Wide String Cargo Slacks Pants Black,https://www.musinsa.com/app/goods/1370101,//image.msscdn.net/images/goods_img/20200326/1370101/1370101_2_220.jpg
SS 로프 버뮤다 팬츠_다크블루,https://www.musinsa.com/app/goods/2482740,//image.msscdn.net/images/goods_img/20220412/2482740/2482740_1_220.jpg
[패키지] 플레인(여름용) 코튼 밴딩팬츠 CJLP7509 2PACK,https://www.musinsa.com/app/goods/1636775,//image.msscdn.net/images/goods_img/20201007/1636775/1636775_5_220.jpg
S.L PANTS - BLACK,https://www.musinsa.com/app/goods/2329519,//image.msscdn.net/images/goods_img/20220126/2329519/2329519_1_220.jpg
깡스타일리스트 X 플랙 스티즈 K49 라이트 블루,https://www.musinsa.com/app/goods/2411322,//image.msscdn.net/images/goods_img/20220311/2411322/2411322_3_220.jpg
1967 JET BLACK JEANS [WIDE STRAIGHT],https://www.musinsa.com/app/goods/1552753,//image.msscdn.net/images/goods_img/20200818/1552753/1552753_1_220.jpg
원턱 와이드 스웨트팬츠 블랙,https://www.musinsa.com/app/goods/2112061,//image.msscdn.net/images/goods_img/20210906/2112061/2112061_1_220.jpg
Turn me On - MOD7w,https://www.musinsa.com/app/goods/1573215,//image.msscdn.net/images/goods_img/20200901/1573215/1573215_1_220.jpg
린넨 이지 와이드 데님 팬츠 딥인디고,https://www.musinsa.com/app/goods/2503134,//image.msscdn.net/images/goods_img/20220420/2503134/2503134_7_220.jpg
SL01 시밀러 린넨 데님 와이드 팬츠 (LIGHT BLUE),https://www.musinsa.com/app/goods/1975901,//image.msscdn.net/images/goods_img/20210531/1975901/1975901_1_220.jpg
oam.factory X PLAC 스텝 M21 카펜터 로우,https://www.musinsa.com/app/goods/2479905,//image.msscdn.net/images/goods_img/20220411/2479905/2479905_6_220.jpg
[쿨탠다드] 릴렉스드 테이퍼드 히든 밴딩 크롭 슬랙스 [블랙],https://www.musinsa.com/app/goods/2477836,//image.msscdn.net/images/goods_img/20220408/2477836/2477836_1_220.jpg
oam.factory X PLAC  스텝 M22 미드 블루,https://www.musinsa.com/app/goods/2479903,//image.msscdn.net/images/goods_img/20220411/2479903/2479903_3_220.jpg
딥 원턱 스웨트 버뮤다 반바지_그레이,https://www.musinsa.com/app/goods/2426504,//image.msscdn.net/images/goods_img/20220317/2426504/2426504_2_220.jpg
우먼즈 라이트웨이트 하이 웨이스트 와이드 히든 밴딩 슬랙스 [더스티 베이지],https://www.musinsa.com/app/goods/1945315,//image.msscdn.net/images/goods_img/20210511/1945315/1945315_2_220.jpg
시티보이 빅포켓 와이드 밴딩 카고팬츠 진베이지,https://www.musinsa.com/app/goods/2060717,//image.msscdn.net/images/goods_img/20210812/2060717/2060717_6_220.jpg
린넨 이지 와이드 데님 팬츠 라이트인디고,https://www.musinsa.com/app/goods/2503133,//image.msscdn.net/images/goods_img/20220420/2503133/2503133_8_220.jpg
린넨 라이크 루즈 테이퍼드 밴딩 팬츠 세트,https://www.musinsa.com/app/goods/1924271,//image.msscdn.net/images/goods_img/20210428/1924271/1924271_9_220.jpg
[쿨탠다드] 우먼즈 스트레이트 히든 밴딩 슬랙스 [블랙],https://www.musinsa.com/app/goods/2477832,//image.msscdn.net/images/goods_img/20220408/2477832/2477832_1_220.jpg
브루클린 뉴트로 와이드 워시드 데님 팬츠,https://www.musinsa.com/app/goods/2358429,//image.msscdn.net/images/goods_img/20220214/2358429/2358429_1_220.jpg
22SS Santiago Slacks (Graphite),https://www.musinsa.com/app/goods/2553806,//image.msscdn.net/images/goods_img/20220512/2553806/2553806_1_220.jpg
이지 와이드 데님 팬츠 블랙,https://www.musinsa.com/app/goods/2092849,//image.msscdn.net/images/goods_img/20210826/2092849/2092849_5_220.jpg
Black Stardust - MOD1w,https://www.musinsa.com/app/goods/2107115,//image.msscdn.net/images/goods_img/20210903/2107115/2107115_1_220.jpg
ODPL 와이드 데님 핏 내츄럴크림진,https://www.musinsa.com/app/goods/1477272,//image.msscdn.net/images/goods_img/20200608/1477272/1477272_1_220.jpg
[쿨탠다드] 릴렉스드 테이퍼드 히든 밴딩 크롭 슬랙스 [라이트 그레이],https://www.musinsa.com/app/goods/2477842,//image.msscdn.net/images/goods_img/20220408/2477842/2477842_1_220.jpg
와이드 절개 벌룬팬츠 코튼 카키,https://www.musinsa.com/app/goods/2060759,//image.msscdn.net/images/goods_img/20210812/2060759/2060759_4_220.jpg
깡스타일리스트 X 플랙 베를린 K48 화이트,https://www.musinsa.com/app/goods/2411327,//image.msscdn.net/images/goods_img/20220311/2411327/2411327_3_220.jpg
Deep One Tuck Sweat Shorts [Black],https://www.musinsa.com/app/goods/1926034,//image.msscdn.net/images/goods_img/20210428/1926034/1926034_1_220.jpg
라이트웨이트 테이퍼드 히든 밴딩 크롭 슬랙스 [라이트 베이지],https://www.musinsa.com/app/goods/1323974,//image.msscdn.net/images/goods_img/20200226/1323974/1323974_2_220.jpg
시티보이 빅포켓 와이드 밴딩 카고팬츠 카키,https://www.musinsa.com/app/goods/2060719,//image.msscdn.net/images/goods_img/20210812/2060719/2060719_4_220.jpg
로프 와이드 더블 데님 팬츠,https://www.musinsa.com/app/goods/1817339,//image.msscdn.net/images/goods_img/20210226/1817339/1817339_28_220.jpg
Punk Town - MOD4 crop,https://www.musinsa.com/app/goods/1037219,//image.msscdn.net/images/goods_img/20190508/1037219/1037219_2_220.jpg
[패키지] 와이드핏 트레이닝 스웨트 팬츠,https://www.musinsa.com/app/goods/1736085,//image.msscdn.net/images/goods_img/20210105/1736085/1736085_4_220.jpg
[쿨탠다드] 쿨링 와이드 이지 팬츠 [더스티 베이지],https://www.musinsa.com/app/goods/2402845,//image.msscdn.net/images/goods_img/20220307/2402845/2402845_1_220.jpg
1897 ICE SHOWER JEANS [WIDE STRAIGHT],https://www.musinsa.com/app/goods/1768633,//image.msscdn.net/images/goods_img/20210129/1768633/1768633_2_220.jpg
1880 PURE CREAM JEANS [WIDE STRAIGHT],https://www.musinsa.com/app/goods/2049103,//image.msscdn.net/images/goods_img/20210804/2049103/2049103_1_220.jpg
노오비 투턱 스티치 슬랙스 (블루),https://www.musinsa.com/app/goods/2532424,//image.msscdn.net/images/goods_img/20220429/2532424/2532424_1_220.jpg
Signature jogger pants - BLACK,https://www.musinsa.com/app/goods/2287458,//image.msscdn.net/images/goods_img/20211230/2287458/2287458_1_220.jpg
라이트웨이트 세미 와이드 히든 밴딩 슬랙스 [블랙],https://www.musinsa.com/app/goods/1312035,//image.msscdn.net/images/goods_img/20200219/1312035/1312035_3_220.jpg
린넨 이지 와이드 데님 팬츠 블랙,https://www.musinsa.com/app/goods/2503135,//image.msscdn.net/images/goods_img/20220420/2503135/2503135_8_220.jpg
섬머 와이드 벌룬핏 밴딩 슬랙스 (BLACK),https://www.musinsa.com/app/goods/2581882,//image.msscdn.net/images/goods_img/20220525/2581882/2581882_2_220.jpg
[SET][기본핏+레귤러핏 선택] 소프트 코튼 에센셜 쇼츠,https://www.musinsa.com/app/goods/1892520,//image.msscdn.net/images/goods_img/20210412/1892520/1892520_9_220.jpg
D.T CHECKERBOARD DENIM PANTS - WASHED BLACK,https://www.musinsa.com/app/goods/2329491,//image.msscdn.net/images/goods_img/20220126/2329491/2329491_1_220.jpg
버뮤다 와이드 원턱 워시드 데님 쇼츠 라이트인디고,https://www.musinsa.com/app/goods/2503127,//image.msscdn.net/images/goods_img/20220420/2503127/2503127_3_220.jpg
BUCKLE WIDE DENIM PANTS STONE LIGHTBLUE,https://www.musinsa.com/app/goods/2479983,//image.msscdn.net/images/goods_img/20220411/2479983/2479983_5_220.jpg
[쿨탠다드] 쿨링 와이드 이지 팬츠 [다크 그레이],https://www.musinsa.com/app/goods/2402844,//image.msscdn.net/images/goods_img/20220307/2402844/2402844_1_220.jpg
[쿨탠다드] 쿨링 조거 팬츠 [블랙],https://www.musinsa.com/app/goods/2402847,//image.msscdn.net/images/goods_img/20220307/2402847/2402847_1_220.jpg
[쿨탠다드] 와이드 히든 밴딩 슬랙스 [다크 그레이],https://www.musinsa.com/app/goods/1990787,//image.msscdn.net/images/goods_img/20210610/1990787/1990787_3_220.jpg
사계절 스트링 트레이닝팬츠 (블랙),https://www.musinsa.com/app/goods/1568032,//image.msscdn.net/images/goods_img/20200828/1568032/1568032_4_220.jpg
이지 와이드 데님 팬츠 라이트 인디고,https://www.musinsa.com/app/goods/2335585,//image.msscdn.net/images/goods_img/20220127/2335585/2335585_1_220.jpg
썸머 더블턱 와이드 슬랙스[블랙],https://www.musinsa.com/app/goods/2578996,//image.msscdn.net/images/goods_img/20220524/2578996/2578996_1_220.jpg
[쿨탠다드] 쿨링 와이드 이지 팬츠 [네이비],https://www.musinsa.com/app/goods/2402846,//image.msscdn.net/images/goods_img/20220307/2402846/2402846_1_220.jpg
우먼즈 라이트웨이트 하이 웨이스트 와이드 히든 밴딩 슬랙스 [카키],https://www.musinsa.com/app/goods/1945317,//image.msscdn.net/images/goods_img/20210511/1945317/1945317_2_220.jpg
22SS Santiago Slacks (Black),https://www.musinsa.com/app/goods/2553804,//image.msscdn.net/images/goods_img/20220512/2553804/2553804_1_220.jpg
[쿨탠다드] 테이퍼드 히든 밴딩 크롭 슬랙스 [라이트 그레이],https://www.musinsa.com/app/goods/2371964,//image.msscdn.net/images/goods_img/20220218/2371964/2371964_1_220.jpg
테이퍼드 크롭 데님 팬츠 [라이트 인디고],https://www.musinsa.com/app/goods/2007393,//image.msscdn.net/images/goods_img/20210623/2007393/2007393_1_220.jpg
[스탠다드]22SS CONE MILL DEEP ONE TUCK SHORTS LIGHT WASHED,https://www.musinsa.com/app/goods/2418522,//image.msscdn.net/images/goods_img/20220315/2418522/2418522_2_220.jpg
깡스타일리스트 X 플랙 스티즈 K39 인디고,https://www.musinsa.com/app/goods/2411325,//image.msscdn.net/images/goods_img/20220311/2411325/2411325_3_220.jpg
[쿨탠다드] 와이드 히든 밴딩 슬랙스 [네이비],https://www.musinsa.com/app/goods/1990788,//image.msscdn.net/images/goods_img/20210610/1990788/1990788_3_220.jpg
Banding One Tuck Wide Denim Pants - Deep Blue,https://www.musinsa.com/app/goods/2184087,//image.msscdn.net/images/goods_img/20211018/2184087/2184087_3_220.jpg
TAG SHORT PANTS - BLACK,https://www.musinsa.com/app/goods/1414743,//image.msscdn.net/images/goods_img/20200422/1414743/1414743_3_220.jpg
스텝 P04 미드 블루,https://www.musinsa.com/app/goods/2442536,//image.msscdn.net/images/goods_img/20220324/2442536/2442536_4_220.jpg
BUCKLE WIDE DENIM PANTS GREY,https://www.musinsa.com/app/goods/2479939,//image.msscdn.net/images/goods_img/20220411/2479939/2479939_2_220.jpg
Blue Specter - MOD7w,https://www.musinsa.com/app/goods/2192777,//image.msscdn.net/images/goods_img/20211021/2192777/2192777_2_220.jpg
[실켓쭈리][여름버전추가]세미와이드 이지 트레이닝 스웨트팬츠(그레이),https://www.musinsa.com/app/goods/1269090,//image.msscdn.net/images/goods_img/20200113/1269090/1269090_4_220.jpg
투턱 와이드 슬랙스 [블랙],https://www.musinsa.com/app/goods/1832530,//image.msscdn.net/images/goods_img/20210308/1832530/1832530_2_220.jpg
[쿨탠다드] 우먼즈 스트레이트 히든 밴딩 슬랙스 [네이비],https://www.musinsa.com/app/goods/2477834,//image.msscdn.net/images/goods_img/20220408/2477834/2477834_1_220.jpg
나일론 이지 쇼츠_7.5인치 [블랙],https://www.musinsa.com/app/goods/1034119,//image.msscdn.net/images/goods_img/20190503/1034119/1034119_5_220.jpg
Blue Color Uniform - MOD7w,https://www.musinsa.com/app/goods/1988343,//image.msscdn.net/images/goods_img/20210608/1988343/1988343_1_220.jpg
이지 와이드 데님 팬츠 그레이,https://www.musinsa.com/app/goods/2092852,//image.msscdn.net/images/goods_img/20210826/2092852/2092852_3_220.jpg
BUCKLE WIDE DENIM PANTS SELVAGEBLUE,https://www.musinsa.com/app/goods/2164937,//image.msscdn.net/images/goods_img/20211006/2164937/2164937_5_220.jpg
Soul Indigo - MOD1,https://www.musinsa.com/app/goods/1740894,//image.msscdn.net/images/goods_img/20210108/1740894/1740894_1_220.jpg
DENIM WORK PANTS (L.DENIM),https://www.musinsa.com/app/goods/2133305,//image.msscdn.net/images/goods_img/20210915/2133305/2133305_2_220.jpg
미니멀리스트 버뮤다 하프 팬츠 [블랙],https://www.musinsa.com/app/goods/1925804,//image.msscdn.net/images/goods_img/20210428/1925804/1925804_1_220.jpg
[CONA 9110] (숏버전옵션) 시크릿밴드 롱 루즈 와이드 데님 (다크그레이),https://www.musinsa.com/app/goods/1224916,//image.msscdn.net/images/goods_img/20191114/1224916/1224916_2_220.jpg
리넨 슈퍼 와이드 데님 팬츠_인디고,https://www.musinsa.com/app/goods/2482732,//image.msscdn.net/images/goods_img/20220412/2482732/2482732_1_220.jpg
Sky High - MOD7w,https://www.musinsa.com/app/goods/1961498,//image.msscdn.net/images/goods_img/20210521/1961498/1961498_1_220.jpg
