[쿨탠다드] 우먼즈 피케 폴로 원피스 [블랙],https://www.musinsa.com/app/goods/1875663,//image.msscdn.net/images/goods_img/20210401/1875663/1875663_1_220.jpg
IN PK OPS(IVORY),https://www.musinsa.com/app/goods/1779568,//image.msscdn.net/images/goods_img/20210205/1779568/1779568_1_220.jpg
[쿨탠다드] 우먼즈 피케 폴로 원피스 [네이비],https://www.musinsa.com/app/goods/1875664,//image.msscdn.net/images/goods_img/20210401/1875664/1875664_1_220.jpg
WOMEN 크롭 슬림 무지 반팔 셔츠 미니 원피스 [BLACK] 스커트 치마 ver.,https://www.musinsa.com/app/goods/2533597,//image.msscdn.net/images/goods_img/20220502/2533597/2533597_2_220.jpg
로지 플레어드 카라넥 원피스_BK,https://www.musinsa.com/app/goods/1797628,//image.msscdn.net/images/goods_img/20210217/1797628/1797628_1_220.jpg
Collar Button Dress (Black),https://www.musinsa.com/app/goods/2044442,//image.msscdn.net/images/goods_img/20210729/2044442/2044442_1_220.jpg
[세트] YK 아름 가디건 드레스 세트-블랙,https://www.musinsa.com/app/goods/2381142,//image.msscdn.net/images/goods_img/20220223/2381142/2381142_1_220.jpg
카라 벨트 미니 원피스 하프 슬리브 트위드 네이비,https://www.musinsa.com/app/goods/2328774,//image.msscdn.net/images/goods_img/20220126/2328774/2328774_1_220.jpg
Lace Mini Dress_ 2 Colors,https://www.musinsa.com/app/goods/2590745,//image.msscdn.net/images/goods_img/20220530/2590745/2590745_1_220.jpg
[세트] YK 소이 체크 드레스 세트-블루,https://www.musinsa.com/app/goods/2424418,//image.msscdn.net/images/goods_img/20220316/2424418/2424418_1_220.jpg
슬림핏 반팔 데님 원피스 AN2DO562,https://www.musinsa.com/app/goods/1408661,//image.msscdn.net/images/goods_img/20200417/1408661/1408661_6_220.jpg
YK 세린 플라워 드레스-민트,https://www.musinsa.com/app/goods/2436911,//image.msscdn.net/images/goods_img/20220322/2436911/2436911_1_220.jpg
드레이프 타이 원피스_아이보리,https://www.musinsa.com/app/goods/2577519,//image.msscdn.net/images/goods_img/20220524/2577519/2577519_1_220.jpg
Heart Collar Ribbon Dress (Navy),https://www.musinsa.com/app/goods/1954215,//image.msscdn.net/images/goods_img/20210517/1954215/1954215_1_220.jpg
WOMEN 크롭 슬림 무지 반팔 셔츠 미니 원피스 [WHITE] 스커트 치마 ver.,https://www.musinsa.com/app/goods/2533599,//image.msscdn.net/images/goods_img/20220502/2533599/2533599_2_220.jpg
Oversized Boyfit Linen Shirt Dress - Dark Grey,https://www.musinsa.com/app/goods/1933622,//image.msscdn.net/images/goods_img/20210503/1933622/1933622_1_220.jpg
SIGNATURE STRIPE ONE PIECE [NAVY],https://www.musinsa.com/app/goods/1364207,//image.msscdn.net/images/goods_img/20200323/1364207/1364207_6_220.jpg
BCG 반팔 원피스 CESBGTS07BL,https://www.musinsa.com/app/goods/987352,//image.msscdn.net/images/goods_img/20190319/987352/987352_3_220.png
오픈카라 자카드 미니 원피스 [블랙],https://www.musinsa.com/app/goods/1992750,//image.msscdn.net/images/goods_img/20210611/1992750/1992750_1_220.jpg
Square Neck Mini Dress_GR,https://www.musinsa.com/app/goods/2568863,//image.msscdn.net/images/goods_img/20220518/2568863/2568863_1_220.jpg
폴로 피케이 원피스 네이비,https://www.musinsa.com/app/goods/2000886,//image.msscdn.net/images/goods_img/20210618/2000886/2000886_1_220.jpg
[쿨탠다드] 우먼즈 피케 폴로 원피스 [다크 그레이],https://www.musinsa.com/app/goods/2245440,//image.msscdn.net/images/goods_img/20211123/2245440/2245440_1_220.jpg
우먼즈 슬릿 넥 폴로 원피스 [화이트],https://www.musinsa.com/app/goods/2392490,//image.msscdn.net/images/goods_img/20220302/2392490/2392490_1_220.jpg
우먼 여름 나일론 투포켓 미니원피스 소라,https://www.musinsa.com/app/goods/2594574,//image.msscdn.net/images/goods_img/20220601/2594574/2594574_1_220.jpg
qu heart mini one-piece(red),https://www.musinsa.com/app/goods/1797133,//image.msscdn.net/images/goods_img/20210216/1797133/1797133_1_220.jpg
린넨 셔츠형 미니 원피스_SPOWC24G01,https://www.musinsa.com/app/goods/2437465,//image.msscdn.net/images/goods_img/20220322/2437465/2437465_5_220.jpg
NT7ZN30B 여성 마이너스 테크 원피스,https://www.musinsa.com/app/goods/2436807,//image.msscdn.net/images/goods_img/20220322/2436807/2436807_1_220.jpg
NT7ZN30A 여성 마이너스 테크 원피스,https://www.musinsa.com/app/goods/2430057,//image.msscdn.net/images/goods_img/20220318/2430057/2430057_1_220.jpg
Heart Cross Sleeveless Dress (Black),https://www.musinsa.com/app/goods/1953853,//image.msscdn.net/images/goods_img/20210517/1953853/1953853_1_220.jpg
NT7ZN31B 여성 데이 올라운드 원피스,https://www.musinsa.com/app/goods/2485365,//image.msscdn.net/images/goods_img/20220413/2485365/2485365_1_220.jpg
Heart Daily Dress (Navy),https://www.musinsa.com/app/goods/2044428,//image.msscdn.net/images/goods_img/20210729/2044428/2044428_1_220.jpg
Rancy Rain Mini Dress GREY,https://www.musinsa.com/app/goods/2306207,//image.msscdn.net/images/goods_img/20220113/2306207/2306207_1_220.jpg
데님 포켓 반팔 미니 원피스 블랙 MDOP047BLACK,https://www.musinsa.com/app/goods/2492330,//image.msscdn.net/images/goods_img/20220415/2492330/2492330_2_220.jpg
Wave knitwear one-piece_BLUE,https://www.musinsa.com/app/goods/2574932,//image.msscdn.net/images/goods_img/20220523/2574932/2574932_1_220.jpg
(OP-21314) SAILOR BUTTON ONE-PIECE NAVY,https://www.musinsa.com/app/goods/1890884,//image.msscdn.net/images/goods_img/20210409/1890884/1890884_2_220.jpg
Kito Dress (Black),https://www.musinsa.com/app/goods/2380087,//image.msscdn.net/images/goods_img/20220223/2380087/2380087_1_220.jpg
카라 하프집업 미니원피스 [다크네이비],https://www.musinsa.com/app/goods/2410331,//image.msscdn.net/images/goods_img/20220310/2410331/2410331_1_220.jpg
레인보우 라운드 원피스 아이보리,https://www.musinsa.com/app/goods/2587446,//image.msscdn.net/images/goods_img/20220527/2587446/2587446_1_220.jpg
PIQUE ONE-PIECE GRAY,https://www.musinsa.com/app/goods/2525351,//image.msscdn.net/images/goods_img/20220428/2525351/2525351_2_220.jpg
BCG 반팔 원피스 CESBGTS07BK,https://www.musinsa.com/app/goods/987370,//image.msscdn.net/images/goods_img/20190319/987370/987370_2_220.png
Dot Puff Shoulder Wrap Dress_ 2 Colors,https://www.musinsa.com/app/goods/2591594,//image.msscdn.net/images/goods_img/20220531/2591594/2591594_1_220.jpg
레이어드 원피스 세트  KH [블랙],https://www.musinsa.com/app/goods/1958957,//image.msscdn.net/images/goods_img/20210520/1958957/1958957_1_220.jpg
배색 패턴 니트 원피스 (MOCBKO01M4),https://www.musinsa.com/app/goods/2462754,//image.msscdn.net/images/goods_img/20220401/2462754/2462754_3_220.jpg
우먼즈 슬릿 넥 폴로 원피스 [에그렛],https://www.musinsa.com/app/goods/2392492,//image.msscdn.net/images/goods_img/20220302/2392492/2392492_1_220.jpg
오픈카라 미니 원피스_SPOWC37W92,https://www.musinsa.com/app/goods/2581479,//image.msscdn.net/images/goods_img/20220525/2581479/2581479_1_220.jpg
W 피케 원피스 W PIQUE ONEPIECE,https://www.musinsa.com/app/goods/2514341,//image.msscdn.net/images/goods_img/20220426/2514341/2514341_1_220.jpg
[쿨탠다드] 우먼즈 피케 폴로 원피스 [블루 그레이],https://www.musinsa.com/app/goods/2245439,//image.msscdn.net/images/goods_img/20211123/2245439/2245439_1_220.jpg
Wave knitwear one-piece_PINK,https://www.musinsa.com/app/goods/2574931,//image.msscdn.net/images/goods_img/20220523/2574931/2574931_2_220.jpg
[NF] 타탄 체크 카라 원피스 (KHAKI)_F22QD303,https://www.musinsa.com/app/goods/2340108,//image.msscdn.net/images/goods_img/20220204/2340108/2340108_1_220.jpg
여성 퍼프소매 핀스트라이프 쿨원피스 /MS1WOPS02F WHITE,https://www.musinsa.com/app/goods/1947160,//image.msscdn.net/images/goods_img/20210512/1947160/1947160_1_220.jpg
카라배색피케원피스 COLOR POINT PIQUE DRESS,https://www.musinsa.com/app/goods/2533918,//image.msscdn.net/images/goods_img/20220502/2533918/2533918_1_220.jpg
[CP] 쿨링 냉장고 빈티지 슬림 브이넥 미니 원피스 [BLUE_BLACK] 치마 스커트 ver.,https://www.musinsa.com/app/goods/2029118,//image.msscdn.net/images/goods_img/20210714/2029118/2029118_1_220.jpg
Heart V-neck Short Sleeve Dress (Light Purple),https://www.musinsa.com/app/goods/1953926,//image.msscdn.net/images/goods_img/20210517/1953926/1953926_1_220.jpg
Solid Wrap Shirt Dress_ 2 Colors,https://www.musinsa.com/app/goods/2591653,//image.msscdn.net/images/goods_img/20220531/2591653/2591653_1_220.jpg
Daisy Puff Dress BLUE,https://www.musinsa.com/app/goods/2515361,//image.msscdn.net/images/goods_img/20220426/2515361/2515361_1_220.jpg
가드닝 셔츠원피스 우먼 IVORY,https://www.musinsa.com/app/goods/2563691,//image.msscdn.net/images/goods_img/20220517/2563691/2563691_1_220.jpg
스트라이프 반팔 미니 원피스 [WHITE] / S22A04021,https://www.musinsa.com/app/goods/2592520,//image.msscdn.net/images/goods_img/20220531/2592520/2592520_1_220.jpg
키티 미니 원피스 [BLACK],https://www.musinsa.com/app/goods/1987748,//image.msscdn.net/images/goods_img/20210608/1987748/1987748_2_220.jpg
폴로 피케이 원피스 블랙,https://www.musinsa.com/app/goods/2000879,//image.msscdn.net/images/goods_img/20210618/2000879/2000879_1_220.jpg
RNHI 카라 집업 드레스 [블랙],https://www.musinsa.com/app/goods/1862585,//image.msscdn.net/images/goods_img/20210324/1862585/1862585_1_220.jpg
FLOWER MINI ONE PIECE GREEN(CY2BMFW390A),https://www.musinsa.com/app/goods/1879529,//image.msscdn.net/images/goods_img/20210405/1879529/1879529_1_220.jpg
NT7ZN32D 여성 코튼 원피스,https://www.musinsa.com/app/goods/2404221,//image.msscdn.net/images/goods_img/20220308/2404221/2404221_1_220.jpg
카라 피케 원피스 블랙,https://www.musinsa.com/app/goods/2541022,//image.msscdn.net/images/goods_img/20220504/2541022/2541022_1_220.jpg
시그니쳐 심볼 하프 슬리브 원피스[블랙],https://www.musinsa.com/app/goods/1956510,//image.msscdn.net/images/goods_img/20210518/1956510/1956510_1_220.jpg
YK 아름 미니 드레스-블랙,https://www.musinsa.com/app/goods/2381052,//image.msscdn.net/images/goods_img/20220223/2381052/2381052_1_220.jpg
우먼 여름 나일론 투포켓 미니원피스 네이비,https://www.musinsa.com/app/goods/2594573,//image.msscdn.net/images/goods_img/20220601/2594573/2594573_1_220.jpg
22SS 스퀘어넥 플레어 원피스 - 블루,https://www.musinsa.com/app/goods/2479675,//image.msscdn.net/images/goods_img/20220411/2479675/2479675_1_220.jpg
플라워 미니 원피스_그린,https://www.musinsa.com/app/goods/1941648,//image.msscdn.net/images/goods_img/20210509/1941648/1941648_1_220.jpg
22SS 칼라43 피오레 트윙클 트위드 원피스 스카이블루,https://www.musinsa.com/app/goods/2464108,//image.msscdn.net/images/goods_img/20220404/2464108/2464108_1_220.jpg
RCP CANDY PUFF-SLEEVE SHIRRING OPS BLACK,https://www.musinsa.com/app/goods/2464246,//image.msscdn.net/images/goods_img/20220404/2464246/2464246_1_220.jpg
PALM SPRING 멜란지 그레이 로고포인트 반팔 변형 라운드 스웻원피스 (DWTS2B993G2),https://www.musinsa.com/app/goods/2507675,//image.msscdn.net/images/goods_img/20220421/2507675/2507675_1_220.jpg
폴로 피케이 원피스 화이트,https://www.musinsa.com/app/goods/2000895,//image.msscdn.net/images/goods_img/20210618/2000895/2000895_1_220.jpg
PANSY dress black,https://www.musinsa.com/app/goods/2571525,//image.msscdn.net/images/goods_img/20220519/2571525/2571525_1_220.jpg
Collar Button Dress (Light Khaki),https://www.musinsa.com/app/goods/2044438,//image.msscdn.net/images/goods_img/20210729/2044438/2044438_1_220.jpg
UNDERBOOP DRESS(NAVY),https://www.musinsa.com/app/goods/2580747,//image.msscdn.net/images/goods_img/20220525/2580747/2580747_1_220.jpg
로고와펜 피케원피스 (블랙),https://www.musinsa.com/app/goods/1363308,//image.msscdn.net/images/goods_img/20200323/1363308/1363308_1_220.jpg
여성 하트 피케 반팔 원피스 NY (Cream),https://www.musinsa.com/app/goods/2359988,//image.msscdn.net/images/goods_img/20220215/2359988/2359988_1_220.jpg
STITCH MINI DRESS / IVORY,https://www.musinsa.com/app/goods/2364530,//image.msscdn.net/images/goods_img/20220216/2364530/2364530_1_220.jpg
린넨 레이스업 드레스_화이트,https://www.musinsa.com/app/goods/2555209,//image.msscdn.net/images/goods_img/20220512/2555209/2555209_1_220.jpg
IN PK OPS(CHARCOAL),https://www.musinsa.com/app/goods/1779566,//image.msscdn.net/images/goods_img/20210205/1779566/1779566_2_220.jpg
테일러드 카라 미니 원피스 하프 슬리브 린넨 블랙,https://www.musinsa.com/app/goods/2574394,//image.msscdn.net/images/goods_img/20220523/2574394/2574394_1_220.jpg
[세트] YK 소이 체크 드레스 세트-블랙,https://www.musinsa.com/app/goods/2424419,//image.msscdn.net/images/goods_img/20220316/2424419/2424419_1_220.jpg
[NF] 타탄 체크 카라 원피스 (BLACK)_F22QD303,https://www.musinsa.com/app/goods/2340107,//image.msscdn.net/images/goods_img/20220204/2340107/2340107_1_220.jpg
NT7ZN32A 여성 코튼 원피스,https://www.musinsa.com/app/goods/2412640,//image.msscdn.net/images/goods_img/20220311/2412640/2412640_1_220.jpg
우먼즈 퍼프 슬리브 티셔츠 드레스 [블랙],https://www.musinsa.com/app/goods/2392493,//image.msscdn.net/images/goods_img/20220302/2392493/2392493_1_220.jpg
[세트] YK 아름 가디건 드레스 세트-그레이,https://www.musinsa.com/app/goods/2381144,//image.msscdn.net/images/goods_img/20220223/2381144/2381144_1_220.jpg
우먼즈 퍼프 슬리브 티셔츠 드레스 [에그렛],https://www.musinsa.com/app/goods/2392494,//image.msscdn.net/images/goods_img/20220302/2392494/2392494_1_220.jpg
스몰 체리 PK드레스 [블랙],https://www.musinsa.com/app/goods/2476867,//image.msscdn.net/images/goods_img/20220408/2476867/2476867_1_220.jpg
블루 블러썸 미니 원피스 / BLUE BLOSSOM MINI DRESS,https://www.musinsa.com/app/goods/2012288,//image.msscdn.net/images/goods_img/20210629/2012288/2012288_1_220.jpg
UNDERBOOP DRESS(BLACK),https://www.musinsa.com/app/goods/2580775,//image.msscdn.net/images/goods_img/20220525/2580775/2580775_1_220.jpg
