워싱 스티치 데님자켓 (BLACK),https://www.musinsa.com/app/goods/1790383,//image.msscdn.net/images/goods_img/20210210/1790383/1790383_2_220.jpg
자켓 051T 딥 블루,https://www.musinsa.com/app/goods/2297065,//image.msscdn.net/images/goods_img/20220107/2297065/2297065_1_220.jpg
데님 셋업 자켓 네이비 LF2SJK0754,https://www.musinsa.com/app/goods/2411088,//image.msscdn.net/images/goods_img/20220311/2411088/2411088_8_220.jpg
2724 Washing denim jacket (Blue),https://www.musinsa.com/app/goods/638610,//image.msscdn.net/images/goods_img/20170920/638610/638610_2_220.jpg
코듀라 로우 데님 1st 모델 트러커 자켓,https://www.musinsa.com/app/goods/1633664,//image.msscdn.net/images/goods_img/20201005/1633664/1633664_6_220.jpg
051 트러커 데님자켓,https://www.musinsa.com/app/goods/1731130,//image.msscdn.net/images/goods_img/20201226/1731130/1731130_3_220.jpg
워싱 스티치 데님자켓 (INDIGO),https://www.musinsa.com/app/goods/1790382,//image.msscdn.net/images/goods_img/20210210/1790382/1790382_2_220.jpg
[unisex] 3 청자켓,https://www.musinsa.com/app/goods/957516,//image.msscdn.net/images/goods_img/20190218/957516/957516_1_220.jpg
2724 Washing denim jacket (M.blue),https://www.musinsa.com/app/goods/1166901,//image.msscdn.net/images/goods_img/20190926/1166901/1166901_2_220.jpg
포인티드 칼라 데님 자켓_INDIGO,https://www.musinsa.com/app/goods/2106820,//image.msscdn.net/images/goods_img/20210902/2106820/2106820_1_220.jpg
LINEN DENIM JACKET INDIGO,https://www.musinsa.com/app/goods/2376310,//image.msscdn.net/images/goods_img/20220222/2376310/2376310_5_220.jpg
후드형 데님 자켓_SPJEC23C02,https://www.musinsa.com/app/goods/2305982,//image.msscdn.net/images/goods_img/20220113/2305982/2305982_5_220.jpg
COWBOY DENIM SET,https://www.musinsa.com/app/goods/2446974,//image.msscdn.net/images/goods_img/20220325/2446974/2446974_1_220.jpg
워시드 데님 자켓,https://www.musinsa.com/app/goods/2172913,//image.msscdn.net/images/goods_img/20211012/2172913/2172913_1_220.jpg
DENIM JACQUARD JACKET [NAVY],https://www.musinsa.com/app/goods/2470823,//image.msscdn.net/images/goods_img/20220406/2470823/2470823_1_220.jpg
LVC 1953 타입 II 자켓_70507-0062,https://www.musinsa.com/app/goods/2440109,//image.msscdn.net/images/goods_img/20220323/2440109/2440109_1_220.jpg
[유니섹스] 오버사이즈 워싱 데님 트러커 자켓 [미드블루],https://www.musinsa.com/app/goods/2408103,//image.msscdn.net/images/goods_img/20220310/2408103/2408103_3_220.jpg
1940s 커버올 91J 데님 로코 자켓 인디고 로우,https://www.musinsa.com/app/goods/2157441,//image.msscdn.net/images/goods_img/20210930/2157441/2157441_1_220.jpg
유니섹스 라인 스티치 데님 셔츠 재킷 - 쿨 그레이,https://www.musinsa.com/app/goods/2407834,//image.msscdn.net/images/goods_img/20220309/2407834/2407834_1_220.jpg
2724 Washing denim jacket RAW INDIGO,https://www.musinsa.com/app/goods/2173683,//image.msscdn.net/images/goods_img/20211012/2173683/2173683_1_220.jpg
22SS 린넨 데님 사파리 재킷 2종택1,https://www.musinsa.com/app/goods/2430321,//image.msscdn.net/images/goods_img/20220318/2430321/2430321_1_220.jpg
Setup.534.pdf,https://www.musinsa.com/app/goods/2097931,//image.msscdn.net/images/goods_img/20210830/2097931/2097931_1_220.jpg
VINTAGE WASHING DENIM TRUCKER IN BLUE,https://www.musinsa.com/app/goods/2357577,//image.msscdn.net/images/goods_img/20220214/2357577/2357577_1_220.jpg
HIDDEN SNAP DENIM BLOUSON JACKET INDIGO,https://www.musinsa.com/app/goods/2331164,//image.msscdn.net/images/goods_img/20220126/2331164/2331164_2_220.jpg
raw zipper jacket stitch(wh)_MA1JK001,https://www.musinsa.com/app/goods/2366475,//image.msscdn.net/images/goods_img/20220216/2366475/2366475_1_220.jpg
Over Size One Wash Denim Blouson,https://www.musinsa.com/app/goods/2327619,//image.msscdn.net/images/goods_img/20220125/2327619/2327619_1_220.jpg
SENSUAL DENIM RIDER JACKET INDIGO,https://www.musinsa.com/app/goods/2039438,//image.msscdn.net/images/goods_img/20210723/2039438/2039438_1_220.jpg
CARBON INDIGO BELTED DENIM TRUCKER,https://www.musinsa.com/app/goods/2039429,//image.msscdn.net/images/goods_img/20210723/2039429/2039429_3_220.jpg
COWBOY DENIM JACKET,https://www.musinsa.com/app/goods/2446958,//image.msscdn.net/images/goods_img/20220325/2446958/2446958_1_220.jpg
XJ47 코듀로이 청자켓 (BLUE),https://www.musinsa.com/app/goods/2132502,//image.msscdn.net/images/goods_img/20210915/2132502/2132502_2_220.jpg
2 Pocket Denim Blouson Medium Blue,https://www.musinsa.com/app/goods/2380039,//image.msscdn.net/images/goods_img/20220223/2380039/2380039_1_220.jpg
BALLOON DENIM JK (DENIM),https://www.musinsa.com/app/goods/2346714,//image.msscdn.net/images/goods_img/20220208/2346714/2346714_2_220.jpg
Tunnel Lining denim Jacket - Blue,https://www.musinsa.com/app/goods/2443968,//image.msscdn.net/images/goods_img/20220324/2443968/2443968_1_220.jpg
1950s Riders 101J 데님 자켓 인디고 로우,https://www.musinsa.com/app/goods/2157448,//image.msscdn.net/images/goods_img/20210930/2157448/2157448_1_220.jpg
엠버서더 데님 크롭 자켓 [아스팔트블랙-샌드],https://www.musinsa.com/app/goods/2059004,//image.msscdn.net/images/goods_img/20210811/2059004/2059004_1_220.jpg
zip up trucker blouson black,https://www.musinsa.com/app/goods/2390280,//image.msscdn.net/images/goods_img/20220301/2390280/2390280_1_220.png
후드 데님 트러커 HOOD DENIM TRUCKER,https://www.musinsa.com/app/goods/2374048,//image.msscdn.net/images/goods_img/20220221/2374048/2374048_1_220.jpg
LMC LASER ENGRAVING FACE DENIM JACKET blue,https://www.musinsa.com/app/goods/1851857,//image.msscdn.net/images/goods_img/20210318/1851857/1851857_1_220.jpg
블랙 스노우 데님 자켓,https://www.musinsa.com/app/goods/2063630,//image.msscdn.net/images/goods_img/20210813/2063630/2063630_2_220.jpg
raw zipper jacket stitch(br)_MA1JK002,https://www.musinsa.com/app/goods/2366476,//image.msscdn.net/images/goods_img/20220216/2366476/2366476_1_220.jpg
LOT. 061DML 세컨드 타입 자켓,https://www.musinsa.com/app/goods/2452905,//image.msscdn.net/images/goods_img/20220329/2452905/2452905_1_220.jpg
밀키 라인 데님 트러커,https://www.musinsa.com/app/goods/2136169,//image.msscdn.net/images/goods_img/20210916/2136169/2136169_1_220.jpg
[CK 스탠다드]남 인디고 스톤 컨실드 플라켓 인디고 데님 트러커 40634ST 400,https://www.musinsa.com/app/goods/2405410,//image.msscdn.net/images/goods_img/20220308/2405410/2405410_6_220.jpg
크롭 데님 자켓(LB),https://www.musinsa.com/app/goods/2064626,//image.msscdn.net/images/goods_img/20210814/2064626/2064626_1_220.jpg
트렌치 숏 블루종 - 린넨 데님,https://www.musinsa.com/app/goods/2372603,//image.msscdn.net/images/goods_img/20220220/2372603/2372603_1_220.jpg
콘밀 생지 데님 자켓,https://www.musinsa.com/app/goods/2389852,//image.msscdn.net/images/goods_img/20220228/2389852/2389852_4_220.jpg
denim trucker jacket indigo rinsed,https://www.musinsa.com/app/goods/2390279,//image.msscdn.net/images/goods_img/20220301/2390279/2390279_1_220.png
LVC 1936 타입 I 자켓_70506-0024,https://www.musinsa.com/app/goods/2425426,//image.msscdn.net/images/goods_img/20220317/2425426/2425426_1_220.jpg
슬랍워싱 데님자켓 (생지),https://www.musinsa.com/app/goods/2389076,//image.msscdn.net/images/goods_img/20220228/2389076/2389076_1_220.jpg
데님 로브 재킷 DENIM ROBE JACKET,https://www.musinsa.com/app/goods/2512803,//image.msscdn.net/images/goods_img/20220425/2512803/2512803_2_220.jpg
세미오버핏 로우 데님 자켓,https://www.musinsa.com/app/goods/2390832,//image.msscdn.net/images/goods_img/20220302/2390832/2390832_3_220.jpg
워싱 데님 자켓 (블루),https://www.musinsa.com/app/goods/302300,//image.msscdn.net/images/goods_img/20160128/302300/302300_4_220.jpg
블루레인 타이다이 데님 자켓,https://www.musinsa.com/app/goods/2349018,//image.msscdn.net/images/goods_img/20220209/2349018/2349018_2_220.jpg
DAMAGED DENIM JACKET,https://www.musinsa.com/app/goods/846448,//image.msscdn.net/images/goods_img/20180904/846448/846448_1_220.jpg
데님 레터링 올오버 프린트 자켓 라이트블루 P221XUJK307LB1,https://www.musinsa.com/app/goods/2565794,//image.msscdn.net/images/goods_img/20220517/2565794/2565794_1_220.jpg
(22SS) 그라데이션 데님 자켓,https://www.musinsa.com/app/goods/2475767,//image.msscdn.net/images/goods_img/20220408/2475767/2475767_1_220.png
인디고 데님 자켓,https://www.musinsa.com/app/goods/1586010,//image.msscdn.net/images/goods_img/20200906/1586010/1586010_1_220.jpg
DENIM ZIP-UP JACKET INDIGO BLUE,https://www.musinsa.com/app/goods/2407814,//image.msscdn.net/images/goods_img/20220309/2407814/2407814_1_220.jpg
오버사이즈 데님 자켓 (라이트 블루),https://www.musinsa.com/app/goods/630274,//image.msscdn.net/images/goods_img/20170912/630274/630274_1_220.jpg
[패키지] 데님 워크 자켓 & 데님 워크 팬츠_블루,https://www.musinsa.com/app/goods/2395351,//image.msscdn.net/images/goods_img/20220303/2395351/2395351_1_220.jpg
[UNISEX] Overfit light blue denim jacket,https://www.musinsa.com/app/goods/1110033,//image.msscdn.net/images/goods_img/20190805/1110033/1110033_6_220.jpg
Western Blouson White Indigo Chambray,https://www.musinsa.com/app/goods/1997503,//image.msscdn.net/images/goods_img/20210616/1997503/1997503_1_220.jpg
타이디 데님 크롭 자켓 [블루],https://www.musinsa.com/app/goods/2105624,//image.msscdn.net/images/goods_img/20210902/2105624/2105624_1_220.jpg
타이디 데님 크롭 자켓 [블루그린],https://www.musinsa.com/app/goods/2105625,//image.msscdn.net/images/goods_img/20210902/2105625/2105625_1_220.jpg
HOTDOG DENIM JK (DENIM),https://www.musinsa.com/app/goods/2404183,//image.msscdn.net/images/goods_img/20220308/2404183/2404183_1_220.jpg
Hood Denim Jacket (GJ3JKU721ID),https://www.musinsa.com/app/goods/846575,//image.msscdn.net/images/goods_img/20180904/846575/846575_1_220.jpg
Love JF Denim Jacket(BLUE),https://www.musinsa.com/app/goods/2381486,//image.msscdn.net/images/goods_img/20220223/2381486/2381486_2_220.jpg
[TYPE JEAN] 에센셜 트러커 자켓 (RAW INDIGO),https://www.musinsa.com/app/goods/2151742,//image.msscdn.net/images/goods_img/20210928/2151742/2151742_1_220.jpg
W 봄버 5752 스탠드카라 크롭 오버핏 인디고 자켓,https://www.musinsa.com/app/goods/1786175,//image.msscdn.net/images/goods_img/20210208/1786175/1786175_3_220.jpg
데님 후드 윈드 브레이커 다크 블루,https://www.musinsa.com/app/goods/2340196,//image.msscdn.net/images/goods_img/20220204/2340196/2340196_1_220.jpg
(Set-up)Gradation Washing Denim Jacket - BLUE,https://www.musinsa.com/app/goods/2282044,//image.msscdn.net/images/goods_img/20211224/2282044/2282044_4_220.jpg
후드 레이어 데님 오버핏 자켓[INDIGO](UY3DJ10_04),https://www.musinsa.com/app/goods/2371664,//image.msscdn.net/images/goods_img/20220218/2371664/2371664_1_220.jpg
오버 핏 타입2 트러커 재킷 [라이트 블루],https://www.musinsa.com/app/goods/2413944,//image.msscdn.net/images/goods_img/20220311/2413944/2413944_2_220.jpg
세미 오버 크롭 데님 자켓_인디고,https://www.musinsa.com/app/goods/2343675,//image.msscdn.net/images/goods_img/20220207/2343675/2343675_2_220.jpg
셀비지 데님 자켓 (다크블루),https://www.musinsa.com/app/goods/2129309,//image.msscdn.net/images/goods_img/20210914/2129309/2129309_3_220.jpg
11주년 디스트레스 데님자켓 OMEA012F17386013 8401,https://www.musinsa.com/app/goods/2276184,//image.msscdn.net/images/goods_img/20211221/2276184/2276184_1_220.jpg
C.L. 데님 자켓_다크 블루,https://www.musinsa.com/app/goods/2099890,//image.msscdn.net/images/goods_img/20210831/2099890/2099890_1_220.jpg
데님 펀칭 점퍼  중청,https://www.musinsa.com/app/goods/2589039,//image.msscdn.net/images/goods_img/20220530/2589039/2589039_1_220.jpg
워시드 블루 데님 자켓,https://www.musinsa.com/app/goods/2063628,//image.msscdn.net/images/goods_img/20210813/2063628/2063628_1_220.jpg
데님 트러커 자켓 _웨이브블루,https://www.musinsa.com/app/goods/2387738,//image.msscdn.net/images/goods_img/20220228/2387738/2387738_1_220.jpg
퓨어 데님 자켓 인디고,https://www.musinsa.com/app/goods/2406182,//image.msscdn.net/images/goods_img/20220308/2406182/2406182_1_220.jpg
Denim Bomber Jacket [Blue],https://www.musinsa.com/app/goods/880357,//image.msscdn.net/images/goods_img/20181013/880357/880357_1_220.jpg
Colorblocked Denim Fleece Jacket,https://www.musinsa.com/app/goods/1703078,//image.msscdn.net/images/goods_img/20201126/1703078/1703078_1_220.jpg
SINGLE ZIP JACKET (INDIGO),https://www.musinsa.com/app/goods/1827010,//image.msscdn.net/images/goods_img/20210304/1827010/1827010_1_220.jpg
BAPE X NBHD CAMO DENIM JACKET,https://www.musinsa.com/app/goods/930419,//image.msscdn.net/images/goods_img/20190108/930419/930419_1_220.jpg
[CK 스탠다드] 남 인디고 스톤 릴렉스 핏 스톤 인디고 데님 40605ST 400,https://www.musinsa.com/app/goods/2423009,//image.msscdn.net/images/goods_img/20220316/2423009/2423009_6_220.jpg
denim utility anorak,https://www.musinsa.com/app/goods/2380382,//image.msscdn.net/images/goods_img/20220223/2380382/2380382_1_220.jpg
